Using command line value for config of json/experiments/TournoumentConfigs/Catan_TradeResponse_3P_200_LLAMA_Fair.json
Game: Catan, Players: 3
Game: Catan, Players: 3, Mode: EXHAUSTIVE, TotalGames: 198, GamesPerMatchup: 33
WARNING: A terminally deprecated method in sun.misc.Unsafe has been called
WARNING: sun.misc.Unsafe::invokeCleaner has been called by nonapi.io.github.classgraph.utils.FileUtils (file:/Users/denizgencoatilla/TabletopGames/target/TAG.jar)
WARNING: Please consider reporting this to the maintainers of class nonapi.io.github.classgraph.utils.FileUtils
WARNING: sun.misc.Unsafe::invokeCleaner will be removed in a future release
Playing Catan
[Catan_1,PhaseBasedEnsemblePlayer,Catan_2]
[LLMActionPlayer] Creating LLMAccess: model=OPENROUTER size=LARGE
[LLMActionPlayer] API call took 515 ms (model=OPENROUTER size=LARGE)
[LLMActionPlayer] API call took 220 ms (model=OPENROUTER size=LARGE)
[LLMActionPlayer] API call took 209 ms (model=OPENROUTER size=LARGE)
[LLMActionPlayer] API call took 160 ms (model=OPENROUTER size=LARGE)
[LLMActionPlayer] API call took 231 ms (model=OPENROUTER size=LARGE)
[LLMActionPlayer] API call took 250 ms (model=OPENROUTER size=LARGE)
[LLMActionPlayer] API call took 185 ms (model=OPENROUTER size=LARGE)
[LLMActionPlayer] API call took 203 ms (model=OPENROUTER size=LARGE)
[LLMActionPlayer] API call took 363 ms (model=OPENROUTER size=LARGE)
[LLMActionPlayer] API call took 280 ms (model=OPENROUTER size=LARGE)
[LLMActionPlayer] API call took 205 ms (model=OPENROUTER size=LARGE)
[LLMActionPlayer] API call took 197 ms (model=OPENROUTER size=LARGE)
[LLMActionPlayer] API call took 185 ms (model=OPENROUTER size=LARGE)
[LLMActionPlayer] API call took 232 ms (model=OPENROUTER size=LARGE)
[LLMActionPlayer] API call took 217 ms (model=OPENROUTER size=LARGE)
[LLMActionPlayer] API call took 215 ms (model=OPENROUTER size=LARGE)
[LLMActionPlayer] API call took 268 ms (model=OPENROUTER size=LARGE)
[LLMActionPlayer] API call took 248 ms (model=OPENROUTER size=LARGE)
[LLMActionPlayer] API call took 258 ms (model=OPENROUTER size=LARGE)
[LLMActionPlayer] API call took 255 ms (model=OPENROUTER size=LARGE)
[LLMActionPlayer] API call took 253 ms (model=OPENROUTER size=LARGE)
[LLMActionPlayer] API call took 263 ms (model=OPENROUTER size=LARGE)
[LLMActionPlayer] API call took 176 ms (model=OPENROUTER size=LARGE)
[LLMActionPlayer] API call took 214 ms (model=OPENROUTER size=LARGE)
[LOSE_GAME,DRAW_GAME,DRAW_GAME]
[LLMActionPlayer] API call took 254 ms (model=OPENROUTER size=LARGE)
[LLMActionPlayer] API call took 203 ms (model=OPENROUTER size=LARGE)
[LLMActionPlayer] API call took 182 ms (model=OPENROUTER size=LARGE)
[LLMActionPlayer] API call took 226 ms (model=OPENROUTER size=LARGE)
[LLMActionPlayer] API call took 202 ms (model=OPENROUTER size=LARGE)
[LLMActionPlayer] API call took 250 ms (model=OPENROUTER size=LARGE)
[LLMActionPlayer] API call took 1156 ms (model=OPENROUTER size=LARGE)
[LLMActionPlayer] API call took 175 ms (model=OPENROUTER size=LARGE)
[LLMActionPlayer] API call took 236 ms (model=OPENROUTER size=LARGE)
[LLMActionPlayer] API call took 172 ms (model=OPENROUTER size=LARGE)
[LLMActionPlayer] API call took 228 ms (model=OPENROUTER size=LARGE)
[LLMActionPlayer] API call took 230 ms (model=OPENROUTER size=LARGE)
[LLMActionPlayer] API call took 685 ms (model=OPENROUTER size=LARGE)
[LLMActionPlayer] API call took 222 ms (model=OPENROUTER size=LARGE)
[LLMActionPlayer] API call took 758 ms (model=OPENROUTER size=LARGE)
[LLMActionPlayer] API call took 270 ms (model=OPENROUTER size=LARGE)
[LLMActionPlayer] API call took 256 ms (model=OPENROUTER size=LARGE)
[LLMActionPlayer] API call took 254 ms (model=OPENROUTER size=LARGE)
[LLMActionPlayer] API call took 428 ms (model=OPENROUTER size=LARGE)
[LLMActionPlayer] API call took 196 ms (model=OPENROUTER size=LARGE)
[LOSE_GAME,LOSE_GAME,WIN_GAME]
[LLMActionPlayer] API call took 213 ms (model=OPENROUTER size=LARGE)
[LLMActionPlayer] API call took 731 ms (model=OPENROUTER size=LARGE)
[LLMActionPlayer] API call took 251 ms (model=OPENROUTER size=LARGE)
[LLMActionPlayer] API call took 276 ms (model=OPENROUTER size=LARGE)
[LLMActionPlayer] API call took 995 ms (model=OPENROUTER size=LARGE)
[LLMActionPlayer] API call took 221 ms (model=OPENROUTER size=LARGE)
[WIN_GAME,LOSE_GAME,LOSE_GAME]
[LLMActionPlayer] API call took 446 ms (model=OPENROUTER size=LARGE)
[LLMActionPlayer] API call took 225 ms (model=OPENROUTER size=LARGE)
[LLMActionPlayer] API call took 332 ms (model=OPENROUTER size=LARGE)
[LLMActionPlayer] API call took 189 ms (model=OPENROUTER size=LARGE)
[LLMActionPlayer] API call took 238 ms (model=OPENROUTER size=LARGE)
[LLMActionPlayer] API call took 217 ms (model=OPENROUTER size=LARGE)
[LLMActionPlayer] API call took 265 ms (model=OPENROUTER size=LARGE)
[LLMActionPlayer] API call took 267 ms (model=OPENROUTER size=LARGE)
[LLMActionPlayer] API call took 699 ms (model=OPENROUTER size=LARGE)
[LLMActionPlayer] API call took 183 ms (model=OPENROUTER size=LARGE)
[LLMActionPlayer] API call took 227 ms (model=OPENROUTER size=LARGE)
[LLMActionPlayer] API call took 193 ms (model=OPENROUTER size=LARGE)
[LLMActionPlayer] API call took 200 ms (model=OPENROUTER size=LARGE)
[LLMActionPlayer] API call took 214 ms (model=OPENROUTER size=LARGE)
[LLMActionPlayer] API call took 212 ms (model=OPENROUTER size=LARGE)
[LLMActionPlayer] API call took 283 ms (model=OPENROUTER size=LARGE)
[LLMActionPlayer] API call took 231 ms (model=OPENROUTER size=LARGE)
[LLMActionPlayer] API call took 318 ms (model=OPENROUTER size=LARGE)
[LLMActionPlayer] API call took 227 ms (model=OPENROUTER size=LARGE)
[LLMActionPlayer] API call took 245 ms (model=OPENROUTER size=LARGE)
[LLMActionPlayer] API call took 179 ms (model=OPENROUTER size=LARGE)
[LOSE_GAME,WIN_GAME,LOSE_GAME]
[LLMActionPlayer] API call took 168 ms (model=OPENROUTER size=LARGE)
[LLMActionPlayer] API call took 179 ms (model=OPENROUTER size=LARGE)
[LLMActionPlayer] API call took 225 ms (model=OPENROUTER size=LARGE)
[LLMActionPlayer] API call took 198 ms (model=OPENROUTER size=LARGE)
[LLMActionPlayer] API call took 481 ms (model=OPENROUTER size=LARGE)
[LLMActionPlayer] API call took 216 ms (model=OPENROUTER size=LARGE)
[LLMActionPlayer] API call took 276 ms (model=OPENROUTER size=LARGE)
[LLMActionPlayer] API call took 726 ms (model=OPENROUTER size=LARGE)
[WIN_GAME,LOSE_GAME,LOSE_GAME]
[LLMActionPlayer] API call took 185 ms (model=OPENROUTER size=LARGE)
[LLMActionPlayer] API call took 165 ms (model=OPENROUTER size=LARGE)
[LLMActionPlayer] API call took 173 ms (model=OPENROUTER size=LARGE)
[LLMActionPlayer] API call took 205 ms (model=OPENROUTER size=LARGE)
[LLMActionPlayer] API call took 250 ms (model=OPENROUTER size=LARGE)
[LLMActionPlayer] API call took 255 ms (model=OPENROUTER size=LARGE)
[LLMActionPlayer] API call took 299 ms (model=OPENROUTER size=LARGE)
[LLMActionPlayer] API call took 203 ms (model=OPENROUTER size=LARGE)
[LLMActionPlayer] API call took 200 ms (model=OPENROUTER size=LARGE)
[LLMActionPlayer] API call took 249 ms (model=OPENROUTER size=LARGE)
[LLMActionPlayer] API call took 633 ms (model=OPENROUTER size=LARGE)
[LLMActionPlayer] API call took 273 ms (model=OPENROUTER size=LARGE)
[LOSE_GAME,WIN_GAME,LOSE_GAME]
[LLMActionPlayer] API call took 220 ms (model=OPENROUTER size=LARGE)
[LLMActionPlayer] API call took 214 ms (model=OPENROUTER size=LARGE)
[LLMActionPlayer] API call took 172 ms (model=OPENROUTER size=LARGE)
[LLMActionPlayer] API call took 261 ms (model=OPENROUTER size=LARGE)
[LLMActionPlayer] API call took 178 ms (model=OPENROUTER size=LARGE)
[LLMActionPlayer] API call took 171 ms (model=OPENROUTER size=LARGE)
[LLMActionPlayer] API call took 233 ms (model=OPENROUTER size=LARGE)
[LLMActionPlayer] API call took 185 ms (model=OPENROUTER size=LARGE)
[LLMActionPlayer] API call took 213 ms (model=OPENROUTER size=LARGE)
[LLMActionPlayer] API call took 152 ms (model=OPENROUTER size=LARGE)
[LLMActionPlayer] API call took 213 ms (model=OPENROUTER size=LARGE)
[LLMActionPlayer] API call took 159 ms (model=OPENROUTER size=LARGE)
[LLMActionPlayer] API call took 165 ms (model=OPENROUTER size=LARGE)
[LLMActionPlayer] API call took 226 ms (model=OPENROUTER size=LARGE)
[LLMActionPlayer] API call took 188 ms (model=OPENROUTER size=LARGE)
[LLMActionPlayer] API call took 193 ms (model=OPENROUTER size=LARGE)
[LLMActionPlayer] API call took 184 ms (model=OPENROUTER size=LARGE)
[LLMActionPlayer] API call took 201 ms (model=OPENROUTER size=LARGE)
[LLMActionPlayer] API call took 212 ms (model=OPENROUTER size=LARGE)
[LLMActionPlayer] API call took 231 ms (model=OPENROUTER size=LARGE)
[LLMActionPlayer] API call took 189 ms (model=OPENROUTER size=LARGE)
[LLMActionPlayer] API call took 238 ms (model=OPENROUTER size=LARGE)
[LLMActionPlayer] API call took 215 ms (model=OPENROUTER size=LARGE)
[LOSE_GAME,WIN_GAME,LOSE_GAME]
[LLMActionPlayer] API call took 200 ms (model=OPENROUTER size=LARGE)
[LLMActionPlayer] API call took 199 ms (model=OPENROUTER size=LARGE)
[LLMActionPlayer] API call took 256 ms (model=OPENROUTER size=LARGE)
[LLMActionPlayer] API call took 198 ms (model=OPENROUTER size=LARGE)
[LLMActionPlayer] API call took 179 ms (model=OPENROUTER size=LARGE)
[LLMActionPlayer] API call took 203 ms (model=OPENROUTER size=LARGE)
[LLMActionPlayer] API call took 202 ms (model=OPENROUTER size=LARGE)
[LLMActionPlayer] API call took 193 ms (model=OPENROUTER size=LARGE)
[LLMActionPlayer] API call took 786 ms (model=OPENROUTER size=LARGE)
[LLMActionPlayer] API call took 202 ms (model=OPENROUTER size=LARGE)
[LLMActionPlayer] API call took 259 ms (model=OPENROUTER size=LARGE)
[LLMActionPlayer] API call took 252 ms (model=OPENROUTER size=LARGE)
[LLMActionPlayer] API call took 222 ms (model=OPENROUTER size=LARGE)
[LLMActionPlayer] API call took 196 ms (model=OPENROUTER size=LARGE)
[LLMActionPlayer] API call took 210 ms (model=OPENROUTER size=LARGE)
[LLMActionPlayer] API call took 400 ms (model=OPENROUTER size=LARGE)
[LLMActionPlayer] API call took 193 ms (model=OPENROUTER size=LARGE)
[LLMActionPlayer] API call took 178 ms (model=OPENROUTER size=LARGE)
[LLMActionPlayer] API call took 157 ms (model=OPENROUTER size=LARGE)
[LLMActionPlayer] API call took 198 ms (model=OPENROUTER size=LARGE)
[LLMActionPlayer] API call took 156 ms (model=OPENROUTER size=LARGE)
[LLMActionPlayer] API call took 634 ms (model=OPENROUTER size=LARGE)
[LLMActionPlayer] API call took 246 ms (model=OPENROUTER size=LARGE)
[LLMActionPlayer] API call took 220 ms (model=OPENROUTER size=LARGE)
[WIN_GAME,LOSE_GAME,LOSE_GAME]
[LLMActionPlayer] API call took 279 ms (model=OPENROUTER size=LARGE)
[LLMActionPlayer] API call took 190 ms (model=OPENROUTER size=LARGE)
[LLMActionPlayer] API call took 738 ms (model=OPENROUTER size=LARGE)
[LLMActionPlayer] API call took 533 ms (model=OPENROUTER size=LARGE)
[LLMActionPlayer] API call took 293 ms (model=OPENROUTER size=LARGE)
[LLMActionPlayer] API call took 270 ms (model=OPENROUTER size=LARGE)
[LLMActionPlayer] API call took 575 ms (model=OPENROUTER size=LARGE)
[LLMActionPlayer] API call took 237 ms (model=OPENROUTER size=LARGE)
[LLMActionPlayer] API call took 725 ms (model=OPENROUTER size=LARGE)
[LLMActionPlayer] API call took 252 ms (model=OPENROUTER size=LARGE)
[LLMActionPlayer] API call took 723 ms (model=OPENROUTER size=LARGE)
[LLMActionPlayer] API call took 290 ms (model=OPENROUTER size=LARGE)
[LLMActionPlayer] API call took 273 ms (model=OPENROUTER size=LARGE)
[LLMActionPlayer] API call took 332 ms (model=OPENROUTER size=LARGE)
[LLMActionPlayer] API call took 288 ms (model=OPENROUTER size=LARGE)
[LLMActionPlayer] API call took 258 ms (model=OPENROUTER size=LARGE)
[LLMActionPlayer] API call took 178 ms (model=OPENROUTER size=LARGE)
[WIN_GAME,LOSE_GAME,LOSE_GAME]
[LLMActionPlayer] API call took 211 ms (model=OPENROUTER size=LARGE)
[LLMActionPlayer] API call took 187 ms (model=OPENROUTER size=LARGE)
[LLMActionPlayer] API call took 219 ms (model=OPENROUTER size=LARGE)
[LLMActionPlayer] API call took 218 ms (model=OPENROUTER size=LARGE)
[LLMActionPlayer] API call took 260 ms (model=OPENROUTER size=LARGE)
[LLMActionPlayer] API call took 230 ms (model=OPENROUTER size=LARGE)
[LLMActionPlayer] API call took 235 ms (model=OPENROUTER size=LARGE)
[LLMActionPlayer] API call took 784 ms (model=OPENROUTER size=LARGE)
[LLMActionPlayer] API call took 220 ms (model=OPENROUTER size=LARGE)
[LOSE_GAME,WIN_GAME,LOSE_GAME]
[LLMActionPlayer] API call took 198 ms (model=OPENROUTER size=LARGE)
[LLMActionPlayer] API call took 207 ms (model=OPENROUTER size=LARGE)
[LLMActionPlayer] API call took 181 ms (model=OPENROUTER size=LARGE)
[LLMActionPlayer] API call took 275 ms (model=OPENROUTER size=LARGE)
[LLMActionPlayer] API call took 239 ms (model=OPENROUTER size=LARGE)
[LLMActionPlayer] API call took 649 ms (model=OPENROUTER size=LARGE)
[LLMActionPlayer] API call took 518 ms (model=OPENROUTER size=LARGE)
[LLMActionPlayer] API call took 218 ms (model=OPENROUTER size=LARGE)
[LLMActionPlayer] API call took 253 ms (model=OPENROUTER size=LARGE)
[LLMActionPlayer] API call took 226 ms (model=OPENROUTER size=LARGE)
[LLMActionPlayer] API call took 198 ms (model=OPENROUTER size=LARGE)
[LLMActionPlayer] API call took 213 ms (model=OPENROUTER size=LARGE)
[LLMActionPlayer] API call took 546 ms (model=OPENROUTER size=LARGE)
[LLMActionPlayer] API call took 719 ms (model=OPENROUTER size=LARGE)
[LLMActionPlayer] API call took 256 ms (model=OPENROUTER size=LARGE)
[LLMActionPlayer] API call took 174 ms (model=OPENROUTER size=LARGE)
[LLMActionPlayer] API call took 202 ms (model=OPENROUTER size=LARGE)
[LLMActionPlayer] API call took 161 ms (model=OPENROUTER size=LARGE)
[LLMActionPlayer] API call took 281 ms (model=OPENROUTER size=LARGE)
[LLMActionPlayer] API call took 650 ms (model=OPENROUTER size=LARGE)
[LLMActionPlayer] API call took 205 ms (model=OPENROUTER size=LARGE)
[LLMActionPlayer] API call took 208 ms (model=OPENROUTER size=LARGE)
[LLMActionPlayer] API call took 339 ms (model=OPENROUTER size=LARGE)
[LLMActionPlayer] API call took 194 ms (model=OPENROUTER size=LARGE)
[LLMActionPlayer] API call took 178 ms (model=OPENROUTER size=LARGE)
[LLMActionPlayer] API call took 136 ms (model=OPENROUTER size=LARGE)
[LLMActionPlayer] API call took 273 ms (model=OPENROUTER size=LARGE)
[LLMActionPlayer] API call took 318 ms (model=OPENROUTER size=LARGE)
[LLMActionPlayer] API call took 233 ms (model=OPENROUTER size=LARGE)
[WIN_GAME,LOSE_GAME,LOSE_GAME]
[LLMActionPlayer] API call took 291 ms (model=OPENROUTER size=LARGE)
[LLMActionPlayer] API call took 410 ms (model=OPENROUTER size=LARGE)
[LLMActionPlayer] API call took 215 ms (model=OPENROUTER size=LARGE)
[LLMActionPlayer] API call took 1000 ms (model=OPENROUTER size=LARGE)
[LLMActionPlayer] API call took 224 ms (model=OPENROUTER size=LARGE)
[LLMActionPlayer] API call took 190 ms (model=OPENROUTER size=LARGE)
[LLMActionPlayer] API call took 214 ms (model=OPENROUTER size=LARGE)
[LLMActionPlayer] API call took 215 ms (model=OPENROUTER size=LARGE)
[LLMActionPlayer] API call took 215 ms (model=OPENROUTER size=LARGE)
[LLMActionPlayer] API call took 191 ms (model=OPENROUTER size=LARGE)
[LLMActionPlayer] API call took 208 ms (model=OPENROUTER size=LARGE)
[LLMActionPlayer] API call took 201 ms (model=OPENROUTER size=LARGE)
[LLMActionPlayer] API call took 214 ms (model=OPENROUTER size=LARGE)
[WIN_GAME,LOSE_GAME,LOSE_GAME]
[LLMActionPlayer] API call took 602 ms (model=OPENROUTER size=LARGE)
[LLMActionPlayer] API call took 595 ms (model=OPENROUTER size=LARGE)
[LLMActionPlayer] API call took 183 ms (model=OPENROUTER size=LARGE)
[LLMActionPlayer] API call took 184 ms (model=OPENROUTER size=LARGE)
[LLMActionPlayer] API call took 217 ms (model=OPENROUTER size=LARGE)
[LLMActionPlayer] API call took 177 ms (model=OPENROUTER size=LARGE)
[LLMActionPlayer] API call took 303 ms (model=OPENROUTER size=LARGE)
[LLMActionPlayer] API call took 251 ms (model=OPENROUTER size=LARGE)
[LLMActionPlayer] API call took 239 ms (model=OPENROUTER size=LARGE)
[LLMActionPlayer] API call took 619 ms (model=OPENROUTER size=LARGE)
[LLMActionPlayer] API call took 203 ms (model=OPENROUTER size=LARGE)
[LLMActionPlayer] API call took 159 ms (model=OPENROUTER size=LARGE)
[LLMActionPlayer] API call took 245 ms (model=OPENROUTER size=LARGE)
[LLMActionPlayer] API call took 235 ms (model=OPENROUTER size=LARGE)
[LLMActionPlayer] API call took 201 ms (model=OPENROUTER size=LARGE)
[WIN_GAME,LOSE_GAME,LOSE_GAME]
[LLMActionPlayer] API call took 223 ms (model=OPENROUTER size=LARGE)
[LLMActionPlayer] API call took 223 ms (model=OPENROUTER size=LARGE)
[LLMActionPlayer] API call took 226 ms (model=OPENROUTER size=LARGE)
[LLMActionPlayer] API call took 258 ms (model=OPENROUTER size=LARGE)
[LLMActionPlayer] API call took 457 ms (model=OPENROUTER size=LARGE)
[LLMActionPlayer] API call took 211 ms (model=OPENROUTER size=LARGE)
[LLMActionPlayer] API call took 382 ms (model=OPENROUTER size=LARGE)
[LLMActionPlayer] API call took 183 ms (model=OPENROUTER size=LARGE)
[LLMActionPlayer] API call took 466 ms (model=OPENROUTER size=LARGE)
[LLMActionPlayer] API call took 305 ms (model=OPENROUTER size=LARGE)
[LLMActionPlayer] API call took 196 ms (model=OPENROUTER size=LARGE)
[LLMActionPlayer] API call took 622 ms (model=OPENROUTER size=LARGE)
[WIN_GAME,LOSE_GAME,LOSE_GAME]
[LLMActionPlayer] API call took 222 ms (model=OPENROUTER size=LARGE)
[LLMActionPlayer] API call took 216 ms (model=OPENROUTER size=LARGE)
[LLMActionPlayer] API call took 183 ms (model=OPENROUTER size=LARGE)
[LLMActionPlayer] API call took 238 ms (model=OPENROUTER size=LARGE)
[LLMActionPlayer] API call took 170 ms (model=OPENROUTER size=LARGE)
[LLMActionPlayer] API call took 335 ms (model=OPENROUTER size=LARGE)
[LLMActionPlayer] API call took 245 ms (model=OPENROUTER size=LARGE)
[LLMActionPlayer] API call took 220 ms (model=OPENROUTER size=LARGE)
[LLMActionPlayer] API call took 322 ms (model=OPENROUTER size=LARGE)
[LLMActionPlayer] API call took 249 ms (model=OPENROUTER size=LARGE)
[LLMActionPlayer] API call took 341 ms (model=OPENROUTER size=LARGE)
[LLMActionPlayer] API call took 239 ms (model=OPENROUTER size=LARGE)
[LLMActionPlayer] API call took 143 ms (model=OPENROUTER size=LARGE)
[LLMActionPlayer] API call took 194 ms (model=OPENROUTER size=LARGE)
[LLMActionPlayer] API call took 184 ms (model=OPENROUTER size=LARGE)
[LLMActionPlayer] API call took 260 ms (model=OPENROUTER size=LARGE)
[LLMActionPlayer] API call took 167 ms (model=OPENROUTER size=LARGE)
[LLMActionPlayer] API call took 417 ms (model=OPENROUTER size=LARGE)
[LLMActionPlayer] API call took 211 ms (model=OPENROUTER size=LARGE)
[LLMActionPlayer] API call took 170 ms (model=OPENROUTER size=LARGE)
[LLMActionPlayer] API call took 193 ms (model=OPENROUTER size=LARGE)
[LLMActionPlayer] API call took 174 ms (model=OPENROUTER size=LARGE)
[LLMActionPlayer] API call took 191 ms (model=OPENROUTER size=LARGE)
[LLMActionPlayer] API call took 256 ms (model=OPENROUTER size=LARGE)
[LLMActionPlayer] API call took 805 ms (model=OPENROUTER size=LARGE)
[LLMActionPlayer] API call took 238 ms (model=OPENROUTER size=LARGE)
[LLMActionPlayer] API call took 335 ms (model=OPENROUTER size=LARGE)
[LLMActionPlayer] API call took 240 ms (model=OPENROUTER size=LARGE)
[LLMActionPlayer] API call took 210 ms (model=OPENROUTER size=LARGE)
[LLMActionPlayer] API call took 275 ms (model=OPENROUTER size=LARGE)
[LLMActionPlayer] API call took 209 ms (model=OPENROUTER size=LARGE)
[LLMActionPlayer] API call took 214 ms (model=OPENROUTER size=LARGE)
[LLMActionPlayer] API call took 197 ms (model=OPENROUTER size=LARGE)
[LLMActionPlayer] API call took 210 ms (model=OPENROUTER size=LARGE)
[LLMActionPlayer] API call took 187 ms (model=OPENROUTER size=LARGE)
[LLMActionPlayer] API call took 263 ms (model=OPENROUTER size=LARGE)
[LLMActionPlayer] API call took 211 ms (model=OPENROUTER size=LARGE)
[LLMActionPlayer] API call took 616 ms (model=OPENROUTER size=LARGE)
[LLMActionPlayer] API call took 184 ms (model=OPENROUTER size=LARGE)
[LLMActionPlayer] API call took 209 ms (model=OPENROUTER size=LARGE)
[LLMActionPlayer] API call took 227 ms (model=OPENROUTER size=LARGE)
[LLMActionPlayer] API call took 278 ms (model=OPENROUTER size=LARGE)
[LOSE_GAME,LOSE_GAME,WIN_GAME]
[LLMActionPlayer] API call took 261 ms (model=OPENROUTER size=LARGE)
[LLMActionPlayer] API call took 213 ms (model=OPENROUTER size=LARGE)
[LLMActionPlayer] API call took 199 ms (model=OPENROUTER size=LARGE)
[LLMActionPlayer] API call took 254 ms (model=OPENROUTER size=LARGE)
[LLMActionPlayer] API call took 164 ms (model=OPENROUTER size=LARGE)
[LLMActionPlayer] API call took 207 ms (model=OPENROUTER size=LARGE)
[LLMActionPlayer] API call took 191 ms (model=OPENROUTER size=LARGE)
[LLMActionPlayer] API call took 190 ms (model=OPENROUTER size=LARGE)
[LLMActionPlayer] API call took 184 ms (model=OPENROUTER size=LARGE)
[LLMActionPlayer] API call took 234 ms (model=OPENROUTER size=LARGE)
[LLMActionPlayer] API call took 185 ms (model=OPENROUTER size=LARGE)
[LLMActionPlayer] API call took 226 ms (model=OPENROUTER size=LARGE)
[LLMActionPlayer] API call took 222 ms (model=OPENROUTER size=LARGE)
[LLMActionPlayer] API call took 174 ms (model=OPENROUTER size=LARGE)
[WIN_GAME,LOSE_GAME,LOSE_GAME]
[LLMActionPlayer] API call took 221 ms (model=OPENROUTER size=LARGE)
[LLMActionPlayer] API call took 246 ms (model=OPENROUTER size=LARGE)
[LLMActionPlayer] API call took 289 ms (model=OPENROUTER size=LARGE)
[LLMActionPlayer] API call took 209 ms (model=OPENROUTER size=LARGE)
[LLMActionPlayer] API call took 226 ms (model=OPENROUTER size=LARGE)
[LLMActionPlayer] API call took 259 ms (model=OPENROUTER size=LARGE)
[LLMActionPlayer] API call took 172 ms (model=OPENROUTER size=LARGE)
[LLMActionPlayer] API call took 186 ms (model=OPENROUTER size=LARGE)
[LLMActionPlayer] API call took 203 ms (model=OPENROUTER size=LARGE)
[LLMActionPlayer] API call took 316 ms (model=OPENROUTER size=LARGE)
[LLMActionPlayer] API call took 227 ms (model=OPENROUTER size=LARGE)
[LLMActionPlayer] API call took 214 ms (model=OPENROUTER size=LARGE)
[LLMActionPlayer] API call took 226 ms (model=OPENROUTER size=LARGE)
[LLMActionPlayer] API call took 248 ms (model=OPENROUTER size=LARGE)
[LLMActionPlayer] API call took 183 ms (model=OPENROUTER size=LARGE)
[LLMActionPlayer] API call took 185 ms (model=OPENROUTER size=LARGE)
[LLMActionPlayer] API call took 215 ms (model=OPENROUTER size=LARGE)
[LLMActionPlayer] API call took 188 ms (model=OPENROUTER size=LARGE)
[LLMActionPlayer] API call took 232 ms (model=OPENROUTER size=LARGE)
[LLMActionPlayer] API call took 504 ms (model=OPENROUTER size=LARGE)
[LLMActionPlayer] API call took 179 ms (model=OPENROUTER size=LARGE)
[WIN_GAME,LOSE_GAME,LOSE_GAME]
[LLMActionPlayer] API call took 978 ms (model=OPENROUTER size=LARGE)
[LLMActionPlayer] API call took 235 ms (model=OPENROUTER size=LARGE)
[LLMActionPlayer] API call took 982 ms (model=OPENROUTER size=LARGE)
[LLMActionPlayer] API call took 213 ms (model=OPENROUTER size=LARGE)
[LLMActionPlayer] API call took 211 ms (model=OPENROUTER size=LARGE)
[LLMActionPlayer] API call took 230 ms (model=OPENROUTER size=LARGE)
[LLMActionPlayer] API call took 215 ms (model=OPENROUTER size=LARGE)
[LLMActionPlayer] API call took 569 ms (model=OPENROUTER size=LARGE)
[LLMActionPlayer] API call took 231 ms (model=OPENROUTER size=LARGE)
[LLMActionPlayer] API call took 232 ms (model=OPENROUTER size=LARGE)
[LLMActionPlayer] API call took 186 ms (model=OPENROUTER size=LARGE)
[LLMActionPlayer] API call took 210 ms (model=OPENROUTER size=LARGE)
[LLMActionPlayer] API call took 213 ms (model=OPENROUTER size=LARGE)
[LLMActionPlayer] API call took 287 ms (model=OPENROUTER size=LARGE)
[WIN_GAME,LOSE_GAME,LOSE_GAME]
[LLMActionPlayer] API call took 213 ms (model=OPENROUTER size=LARGE)
[LLMActionPlayer] API call took 221 ms (model=OPENROUTER size=LARGE)
[LLMActionPlayer] API call took 206 ms (model=OPENROUTER size=LARGE)
[LLMActionPlayer] API call took 232 ms (model=OPENROUTER size=LARGE)
[LLMActionPlayer] API call took 1023 ms (model=OPENROUTER size=LARGE)
[LLMActionPlayer] API call took 227 ms (model=OPENROUTER size=LARGE)
[LLMActionPlayer] API call took 707 ms (model=OPENROUTER size=LARGE)
[LLMActionPlayer] API call took 306 ms (model=OPENROUTER size=LARGE)
[LLMActionPlayer] API call took 458 ms (model=OPENROUTER size=LARGE)
[LLMActionPlayer] API call took 147 ms (model=OPENROUTER size=LARGE)
[LLMActionPlayer] API call took 218 ms (model=OPENROUTER size=LARGE)
[LLMActionPlayer] API call took 332 ms (model=OPENROUTER size=LARGE)
[LLMActionPlayer] API call took 182 ms (model=OPENROUTER size=LARGE)
[WIN_GAME,LOSE_GAME,LOSE_GAME]
[LLMActionPlayer] API call took 969 ms (model=OPENROUTER size=LARGE)
[LLMActionPlayer] API call took 286 ms (model=OPENROUTER size=LARGE)
[LLMActionPlayer] API call took 272 ms (model=OPENROUTER size=LARGE)
[LLMActionPlayer] API call took 161 ms (model=OPENROUTER size=LARGE)
[LLMActionPlayer] API call took 177 ms (model=OPENROUTER size=LARGE)
[LLMActionPlayer] API call took 237 ms (model=OPENROUTER size=LARGE)
[LLMActionPlayer] API call took 332 ms (model=OPENROUTER size=LARGE)
[LLMActionPlayer] API call took 253 ms (model=OPENROUTER size=LARGE)
[LLMActionPlayer] API call took 236 ms (model=OPENROUTER size=LARGE)
[LLMActionPlayer] API call took 295 ms (model=OPENROUTER size=LARGE)
[LLMActionPlayer] API call took 213 ms (model=OPENROUTER size=LARGE)
[WIN_GAME,LOSE_GAME,LOSE_GAME]
[LLMActionPlayer] API call took 224 ms (model=OPENROUTER size=LARGE)
[LLMActionPlayer] API call took 169 ms (model=OPENROUTER size=LARGE)
[LLMActionPlayer] API call took 230 ms (model=OPENROUTER size=LARGE)
[LLMActionPlayer] API call took 184 ms (model=OPENROUTER size=LARGE)
[LLMActionPlayer] API call took 187 ms (model=OPENROUTER size=LARGE)
[LLMActionPlayer] API call took 219 ms (model=OPENROUTER size=LARGE)
[LLMActionPlayer] API call took 228 ms (model=OPENROUTER size=LARGE)
[LLMActionPlayer] API call took 163 ms (model=OPENROUTER size=LARGE)
[LLMActionPlayer] API call took 247 ms (model=OPENROUTER size=LARGE)
[LLMActionPlayer] API call took 192 ms (model=OPENROUTER size=LARGE)
[LLMActionPlayer] API call took 641 ms (model=OPENROUTER size=LARGE)
[LLMActionPlayer] API call took 179 ms (model=OPENROUTER size=LARGE)
[LOSE_GAME,WIN_GAME,LOSE_GAME]
[LLMActionPlayer] API call took 166 ms (model=OPENROUTER size=LARGE)
[LLMActionPlayer] API call took 182 ms (model=OPENROUTER size=LARGE)
[LLMActionPlayer] API call took 806 ms (model=OPENROUTER size=LARGE)
[LLMActionPlayer] API call took 193 ms (model=OPENROUTER size=LARGE)
[LLMActionPlayer] API call took 230 ms (model=OPENROUTER size=LARGE)
[LLMActionPlayer] API call took 169 ms (model=OPENROUTER size=LARGE)
[LLMActionPlayer] API call took 150 ms (model=OPENROUTER size=LARGE)
[LLMActionPlayer] API call took 717 ms (model=OPENROUTER size=LARGE)
[LLMActionPlayer] API call took 188 ms (model=OPENROUTER size=LARGE)
[WIN_GAME,LOSE_GAME,LOSE_GAME]
[LLMActionPlayer] API call took 180 ms (model=OPENROUTER size=LARGE)
[LLMActionPlayer] API call took 218 ms (model=OPENROUTER size=LARGE)
[LLMActionPlayer] API call took 230 ms (model=OPENROUTER size=LARGE)
[LLMActionPlayer] API call took 200 ms (model=OPENROUTER size=LARGE)
[LLMActionPlayer] API call took 896 ms (model=OPENROUTER size=LARGE)
[LLMActionPlayer] API call took 229 ms (model=OPENROUTER size=LARGE)
[LLMActionPlayer] API call took 694 ms (model=OPENROUTER size=LARGE)
[LLMActionPlayer] API call took 272 ms (model=OPENROUTER size=LARGE)
[LLMActionPlayer] API call took 193 ms (model=OPENROUTER size=LARGE)
[LLMActionPlayer] API call took 230 ms (model=OPENROUTER size=LARGE)
[LLMActionPlayer] API call took 749 ms (model=OPENROUTER size=LARGE)
[LLMActionPlayer] API call took 241 ms (model=OPENROUTER size=LARGE)
[LLMActionPlayer] API call took 243 ms (model=OPENROUTER size=LARGE)
[LLMActionPlayer] API call took 632 ms (model=OPENROUTER size=LARGE)
[LLMActionPlayer] API call took 192 ms (model=OPENROUTER size=LARGE)
[LLMActionPlayer] API call took 995 ms (model=OPENROUTER size=LARGE)
[LLMActionPlayer] API call took 205 ms (model=OPENROUTER size=LARGE)
[LLMActionPlayer] API call took 202 ms (model=OPENROUTER size=LARGE)
[LLMActionPlayer] API call took 217 ms (model=OPENROUTER size=LARGE)
[LLMActionPlayer] API call took 156 ms (model=OPENROUTER size=LARGE)
[LLMActionPlayer] API call took 193 ms (model=OPENROUTER size=LARGE)
[LLMActionPlayer] API call took 168 ms (model=OPENROUTER size=LARGE)
[LLMActionPlayer] API call took 786 ms (model=OPENROUTER size=LARGE)
[LLMActionPlayer] API call took 206 ms (model=OPENROUTER size=LARGE)
[LLMActionPlayer] API call took 207 ms (model=OPENROUTER size=LARGE)
[LOSE_GAME,LOSE_GAME,WIN_GAME]
[LLMActionPlayer] API call took 173 ms (model=OPENROUTER size=LARGE)
[LLMActionPlayer] API call took 307 ms (model=OPENROUTER size=LARGE)
[LLMActionPlayer] API call took 239 ms (model=OPENROUTER size=LARGE)
[LLMActionPlayer] API call took 247 ms (model=OPENROUTER size=LARGE)
[LLMActionPlayer] API call took 226 ms (model=OPENROUTER size=LARGE)
[LLMActionPlayer] API call took 176 ms (model=OPENROUTER size=LARGE)
[LLMActionPlayer] API call took 313 ms (model=OPENROUTER size=LARGE)
[LLMActionPlayer] API call took 230 ms (model=OPENROUTER size=LARGE)
[LLMActionPlayer] API call took 210 ms (model=OPENROUTER size=LARGE)
[LLMActionPlayer] API call took 629 ms (model=OPENROUTER size=LARGE)
[LLMActionPlayer] API call took 217 ms (model=OPENROUTER size=LARGE)
[LLMActionPlayer] API call took 202 ms (model=OPENROUTER size=LARGE)
[LLMActionPlayer] API call took 180 ms (model=OPENROUTER size=LARGE)
[LLMActionPlayer] API call took 169 ms (model=OPENROUTER size=LARGE)
[LLMActionPlayer] API call took 302 ms (model=OPENROUTER size=LARGE)
[WIN_GAME,LOSE_GAME,LOSE_GAME]
[LLMActionPlayer] API call took 151 ms (model=OPENROUTER size=LARGE)
[LLMActionPlayer] API call took 195 ms (model=OPENROUTER size=LARGE)
[LLMActionPlayer] API call took 1132 ms (model=OPENROUTER size=LARGE)
[LLMActionPlayer] API call took 239 ms (model=OPENROUTER size=LARGE)
[LLMActionPlayer] API call took 210 ms (model=OPENROUTER size=LARGE)
[LLMActionPlayer] API call took 177 ms (model=OPENROUTER size=LARGE)
[LLMActionPlayer] API call took 228 ms (model=OPENROUTER size=LARGE)
[LLMActionPlayer] API call took 213 ms (model=OPENROUTER size=LARGE)
[LLMActionPlayer] API call took 254 ms (model=OPENROUTER size=LARGE)
[LLMActionPlayer] API call took 212 ms (model=OPENROUTER size=LARGE)
[WIN_GAME,LOSE_GAME,LOSE_GAME]
[LLMActionPlayer] API call took 258 ms (model=OPENROUTER size=LARGE)
[LLMActionPlayer] API call took 202 ms (model=OPENROUTER size=LARGE)
[LLMActionPlayer] API call took 235 ms (model=OPENROUTER size=LARGE)
[LLMActionPlayer] API call took 196 ms (model=OPENROUTER size=LARGE)
[LLMActionPlayer] API call took 280 ms (model=OPENROUTER size=LARGE)
[LLMActionPlayer] API call took 708 ms (model=OPENROUTER size=LARGE)
[LLMActionPlayer] API call took 239 ms (model=OPENROUTER size=LARGE)
[LLMActionPlayer] API call took 172 ms (model=OPENROUTER size=LARGE)
[LLMActionPlayer] API call took 737 ms (model=OPENROUTER size=LARGE)
[LLMActionPlayer] API call took 174 ms (model=OPENROUTER size=LARGE)
[LLMActionPlayer] API call took 489 ms (model=OPENROUTER size=LARGE)
[LLMActionPlayer] API call took 200 ms (model=OPENROUTER size=LARGE)
[LLMActionPlayer] API call took 194 ms (model=OPENROUTER size=LARGE)
[LLMActionPlayer] API call took 163 ms (model=OPENROUTER size=LARGE)
[LLMActionPlayer] API call took 675 ms (model=OPENROUTER size=LARGE)
[LLMActionPlayer] API call took 187 ms (model=OPENROUTER size=LARGE)
[LLMActionPlayer] API call took 182 ms (model=OPENROUTER size=LARGE)
[LLMActionPlayer] API call took 211 ms (model=OPENROUTER size=LARGE)
[LLMActionPlayer] API call took 164 ms (model=OPENROUTER size=LARGE)
[LLMActionPlayer] API call took 189 ms (model=OPENROUTER size=LARGE)
[LLMActionPlayer] API call took 204 ms (model=OPENROUTER size=LARGE)
[WIN_GAME,LOSE_GAME,LOSE_GAME]
[LLMActionPlayer] API call took 777 ms (model=OPENROUTER size=LARGE)
[LLMActionPlayer] API call took 261 ms (model=OPENROUTER size=LARGE)
[LLMActionPlayer] API call took 228 ms (model=OPENROUTER size=LARGE)
[LLMActionPlayer] API call took 413 ms (model=OPENROUTER size=LARGE)
[LLMActionPlayer] API call took 202 ms (model=OPENROUTER size=LARGE)
[LLMActionPlayer] API call took 247 ms (model=OPENROUTER size=LARGE)
[LLMActionPlayer] API call took 255 ms (model=OPENROUTER size=LARGE)
[LLMActionPlayer] API call took 193 ms (model=OPENROUTER size=LARGE)
[LLMActionPlayer] API call took 266 ms (model=OPENROUTER size=LARGE)
[LLMActionPlayer] API call took 186 ms (model=OPENROUTER size=LARGE)
[LLMActionPlayer] API call took 260 ms (model=OPENROUTER size=LARGE)
[LLMActionPlayer] API call took 252 ms (model=OPENROUTER size=LARGE)
[LLMActionPlayer] API call took 170 ms (model=OPENROUTER size=LARGE)
[LLMActionPlayer] API call took 161 ms (model=OPENROUTER size=LARGE)
[LLMActionPlayer] API call took 253 ms (model=OPENROUTER size=LARGE)
[LLMActionPlayer] API call took 287 ms (model=OPENROUTER size=LARGE)
[LLMActionPlayer] API call took 172 ms (model=OPENROUTER size=LARGE)
[LLMActionPlayer] API call took 215 ms (model=OPENROUTER size=LARGE)
[LLMActionPlayer] API call took 177 ms (model=OPENROUTER size=LARGE)
[LLMActionPlayer] API call took 301 ms (model=OPENROUTER size=LARGE)
[LLMActionPlayer] API call took 218 ms (model=OPENROUTER size=LARGE)
[LLMActionPlayer] API call took 251 ms (model=OPENROUTER size=LARGE)
[LLMActionPlayer] API call took 147 ms (model=OPENROUTER size=LARGE)
[LLMActionPlayer] API call took 544 ms (model=OPENROUTER size=LARGE)
[LOSE_GAME,WIN_GAME,LOSE_GAME]
[LLMActionPlayer] API call took 193 ms (model=OPENROUTER size=LARGE)
[LLMActionPlayer] API call took 282 ms (model=OPENROUTER size=LARGE)
[LLMActionPlayer] API call took 148 ms (model=OPENROUTER size=LARGE)
[LLMActionPlayer] API call took 748 ms (model=OPENROUTER size=LARGE)
[LLMActionPlayer] API call took 263 ms (model=OPENROUTER size=LARGE)
[LLMActionPlayer] API call took 186 ms (model=OPENROUTER size=LARGE)
[LLMActionPlayer] API call took 701 ms (model=OPENROUTER size=LARGE)
[LLMActionPlayer] API call took 687 ms (model=OPENROUTER size=LARGE)
[LLMActionPlayer] API call took 261 ms (model=OPENROUTER size=LARGE)
[LLMActionPlayer] API call took 343 ms (model=OPENROUTER size=LARGE)
[LLMActionPlayer] API call took 183 ms (model=OPENROUTER size=LARGE)
[LLMActionPlayer] API call took 919 ms (model=OPENROUTER size=LARGE)
[LLMActionPlayer] API call took 148 ms (model=OPENROUTER size=LARGE)
[LLMActionPlayer] API call took 179 ms (model=OPENROUTER size=LARGE)
[LLMActionPlayer] API call took 220 ms (model=OPENROUTER size=LARGE)
[LLMActionPlayer] API call took 231 ms (model=OPENROUTER size=LARGE)
[LLMActionPlayer] API call took 182 ms (model=OPENROUTER size=LARGE)
[LLMActionPlayer] API call took 245 ms (model=OPENROUTER size=LARGE)
[LLMActionPlayer] API call took 246 ms (model=OPENROUTER size=LARGE)
[LLMActionPlayer] API call took 723 ms (model=OPENROUTER size=LARGE)
[LLMActionPlayer] API call took 293 ms (model=OPENROUTER size=LARGE)
[LLMActionPlayer] API call took 262 ms (model=OPENROUTER size=LARGE)
[LLMActionPlayer] API call took 161 ms (model=OPENROUTER size=LARGE)
[LLMActionPlayer] API call took 303 ms (model=OPENROUTER size=LARGE)
[LLMActionPlayer] API call took 219 ms (model=OPENROUTER size=LARGE)
[LLMActionPlayer] API call took 256 ms (model=OPENROUTER size=LARGE)
[LLMActionPlayer] API call took 278 ms (model=OPENROUTER size=LARGE)
[LLMActionPlayer] API call took 818 ms (model=OPENROUTER size=LARGE)
[LLMActionPlayer] API call took 242 ms (model=OPENROUTER size=LARGE)
[LLMActionPlayer] API call took 224 ms (model=OPENROUTER size=LARGE)
[LLMActionPlayer] API call took 242 ms (model=OPENROUTER size=LARGE)
[LLMActionPlayer] API call took 214 ms (model=OPENROUTER size=LARGE)
[LLMActionPlayer] API call took 257 ms (model=OPENROUTER size=LARGE)
[WIN_GAME,LOSE_GAME,LOSE_GAME]
[LLMActionPlayer] API call took 858 ms (model=OPENROUTER size=LARGE)
[LLMActionPlayer] API call took 222 ms (model=OPENROUTER size=LARGE)
[LLMActionPlayer] API call took 203 ms (model=OPENROUTER size=LARGE)
[LLMActionPlayer] API call took 256 ms (model=OPENROUTER size=LARGE)
[LLMActionPlayer] API call took 540 ms (model=OPENROUTER size=LARGE)
[LLMActionPlayer] API call took 285 ms (model=OPENROUTER size=LARGE)
[LLMActionPlayer] API call took 213 ms (model=OPENROUTER size=LARGE)
[LLMActionPlayer] API call took 354 ms (model=OPENROUTER size=LARGE)
[LLMActionPlayer] API call took 407 ms (model=OPENROUTER size=LARGE)
[LLMActionPlayer] API call took 250 ms (model=OPENROUTER size=LARGE)
[LLMActionPlayer] API call took 192 ms (model=OPENROUTER size=LARGE)
[LLMActionPlayer] API call took 237 ms (model=OPENROUTER size=LARGE)
[LLMActionPlayer] API call took 526 ms (model=OPENROUTER size=LARGE)
[LLMActionPlayer] API call took 199 ms (model=OPENROUTER size=LARGE)
[LLMActionPlayer] API call took 798 ms (model=OPENROUTER size=LARGE)
[LLMActionPlayer] API call took 433 ms (model=OPENROUTER size=LARGE)
[LLMActionPlayer] API call took 174 ms (model=OPENROUTER size=LARGE)
[LLMActionPlayer] API call took 262 ms (model=OPENROUTER size=LARGE)
[LOSE_GAME,LOSE_GAME,WIN_GAME]
[LLMActionPlayer] API call took 223 ms (model=OPENROUTER size=LARGE)
[LLMActionPlayer] API call took 199 ms (model=OPENROUTER size=LARGE)
[LLMActionPlayer] API call took 257 ms (model=OPENROUTER size=LARGE)
[LLMActionPlayer] API call took 269 ms (model=OPENROUTER size=LARGE)
[LLMActionPlayer] API call took 178 ms (model=OPENROUTER size=LARGE)
[LLMActionPlayer] API call took 209 ms (model=OPENROUTER size=LARGE)
[LLMActionPlayer] API call took 176 ms (model=OPENROUTER size=LARGE)
[LLMActionPlayer] API call took 207 ms (model=OPENROUTER size=LARGE)
[LLMActionPlayer] API call took 236 ms (model=OPENROUTER size=LARGE)
[LLMActionPlayer] API call took 229 ms (model=OPENROUTER size=LARGE)
[LLMActionPlayer] API call took 810 ms (model=OPENROUTER size=LARGE)
[LLMActionPlayer] API call took 264 ms (model=OPENROUTER size=LARGE)
[LLMActionPlayer] API call took 248 ms (model=OPENROUTER size=LARGE)
[LLMActionPlayer] API call took 184 ms (model=OPENROUTER size=LARGE)
[LLMActionPlayer] API call took 654 ms (model=OPENROUTER size=LARGE)
[WIN_GAME,LOSE_GAME,LOSE_GAME]
[LLMActionPlayer] API call took 317 ms (model=OPENROUTER size=LARGE)
[LLMActionPlayer] API call took 423 ms (model=OPENROUTER size=LARGE)
[LLMActionPlayer] API call took 174 ms (model=OPENROUTER size=LARGE)
[LLMActionPlayer] API call took 710 ms (model=OPENROUTER size=LARGE)
[LLMActionPlayer] API call took 783 ms (model=OPENROUTER size=LARGE)
[LLMActionPlayer] API call took 189 ms (model=OPENROUTER size=LARGE)
[LLMActionPlayer] API call took 203 ms (model=OPENROUTER size=LARGE)
[LLMActionPlayer] API call took 194 ms (model=OPENROUTER size=LARGE)
[LLMActionPlayer] API call took 282 ms (model=OPENROUTER size=LARGE)
[LLMActionPlayer] API call took 255 ms (model=OPENROUTER size=LARGE)
[LLMActionPlayer] API call took 170 ms (model=OPENROUTER size=LARGE)
[LLMActionPlayer] API call took 255 ms (model=OPENROUTER size=LARGE)
[LLMActionPlayer] API call took 216 ms (model=OPENROUTER size=LARGE)
[LLMActionPlayer] API call took 221 ms (model=OPENROUTER size=LARGE)
[LLMActionPlayer] API call took 238 ms (model=OPENROUTER size=LARGE)
[LLMActionPlayer] API call took 222 ms (model=OPENROUTER size=LARGE)
[LLMActionPlayer] API call took 467 ms (model=OPENROUTER size=LARGE)
[LLMActionPlayer] API call took 415 ms (model=OPENROUTER size=LARGE)
[LLMActionPlayer] API call took 345 ms (model=OPENROUTER size=LARGE)
[LOSE_GAME,LOSE_GAME,WIN_GAME]
[LLMActionPlayer] API call took 165 ms (model=OPENROUTER size=LARGE)
[LLMActionPlayer] API call took 199 ms (model=OPENROUTER size=LARGE)
[LLMActionPlayer] API call took 228 ms (model=OPENROUTER size=LARGE)
[LLMActionPlayer] API call took 198 ms (model=OPENROUTER size=LARGE)
[LLMActionPlayer] API call took 250 ms (model=OPENROUTER size=LARGE)
[LLMActionPlayer] API call took 188 ms (model=OPENROUTER size=LARGE)
[LLMActionPlayer] API call took 254 ms (model=OPENROUTER size=LARGE)
[LLMActionPlayer] API call took 208 ms (model=OPENROUTER size=LARGE)
[LLMActionPlayer] API call took 202 ms (model=OPENROUTER size=LARGE)
[LLMActionPlayer] API call took 241 ms (model=OPENROUTER size=LARGE)
[LLMActionPlayer] API call took 754 ms (model=OPENROUTER size=LARGE)
[LLMActionPlayer] API call took 228 ms (model=OPENROUTER size=LARGE)
[LLMActionPlayer] API call took 212 ms (model=OPENROUTER size=LARGE)
[LLMActionPlayer] API call took 213 ms (model=OPENROUTER size=LARGE)
[LLMActionPlayer] API call took 235 ms (model=OPENROUTER size=LARGE)
[LLMActionPlayer] API call took 230 ms (model=OPENROUTER size=LARGE)
[LLMActionPlayer] API call took 284 ms (model=OPENROUTER size=LARGE)
[LLMActionPlayer] API call took 296 ms (model=OPENROUTER size=LARGE)
[LLMActionPlayer] API call took 193 ms (model=OPENROUTER size=LARGE)
[LLMActionPlayer] API call took 217 ms (model=OPENROUTER size=LARGE)
[LLMActionPlayer] API call took 227 ms (model=OPENROUTER size=LARGE)
[LOSE_GAME,WIN_GAME,LOSE_GAME]
[LLMActionPlayer] API call took 195 ms (model=OPENROUTER size=LARGE)
[LLMActionPlayer] API call took 269 ms (model=OPENROUTER size=LARGE)
[LLMActionPlayer] API call took 220 ms (model=OPENROUTER size=LARGE)
[LLMActionPlayer] API call took 275 ms (model=OPENROUTER size=LARGE)
[LLMActionPlayer] API call took 204 ms (model=OPENROUTER size=LARGE)
[LLMActionPlayer] API call took 242 ms (model=OPENROUTER size=LARGE)
[LLMActionPlayer] API call took 255 ms (model=OPENROUTER size=LARGE)
[LLMActionPlayer] API call took 209 ms (model=OPENROUTER size=LARGE)
[LLMActionPlayer] API call took 265 ms (model=OPENROUTER size=LARGE)
[LLMActionPlayer] API call took 162 ms (model=OPENROUTER size=LARGE)
[LLMActionPlayer] API call took 743 ms (model=OPENROUTER size=LARGE)
[LLMActionPlayer] API call took 222 ms (model=OPENROUTER size=LARGE)
[LLMActionPlayer] API call took 205 ms (model=OPENROUTER size=LARGE)
[LLMActionPlayer] API call took 168 ms (model=OPENROUTER size=LARGE)
[LLMActionPlayer] API call took 174 ms (model=OPENROUTER size=LARGE)
[LLMActionPlayer] API call took 196 ms (model=OPENROUTER size=LARGE)
[LLMActionPlayer] API call took 239 ms (model=OPENROUTER size=LARGE)
[LLMActionPlayer] API call took 178 ms (model=OPENROUTER size=LARGE)
[LLMActionPlayer] API call took 326 ms (model=OPENROUTER size=LARGE)
[WIN_GAME,LOSE_GAME,LOSE_GAME]
[Catan_1,Catan_2,PhaseBasedEnsemblePlayer]
[LLMActionPlayer] API call took 227 ms (model=OPENROUTER size=LARGE)
[LLMActionPlayer] API call took 202 ms (model=OPENROUTER size=LARGE)
[LLMActionPlayer] API call took 304 ms (model=OPENROUTER size=LARGE)
[LLMActionPlayer] API call took 233 ms (model=OPENROUTER size=LARGE)
[LLMActionPlayer] API call took 198 ms (model=OPENROUTER size=LARGE)
[LLMActionPlayer] API call took 230 ms (model=OPENROUTER size=LARGE)
[LLMActionPlayer] API call took 228 ms (model=OPENROUTER size=LARGE)
[LLMActionPlayer] API call took 281 ms (model=OPENROUTER size=LARGE)
[LLMActionPlayer] API call took 200 ms (model=OPENROUTER size=LARGE)
[LLMActionPlayer] API call took 229 ms (model=OPENROUTER size=LARGE)
[LLMActionPlayer] API call took 689 ms (model=OPENROUTER size=LARGE)
[LLMActionPlayer] API call took 172 ms (model=OPENROUTER size=LARGE)
[LLMActionPlayer] API call took 183 ms (model=OPENROUTER size=LARGE)
[LLMActionPlayer] API call took 214 ms (model=OPENROUTER size=LARGE)
[LLMActionPlayer] API call took 570 ms (model=OPENROUTER size=LARGE)
[WIN_GAME,LOSE_GAME,LOSE_GAME]
[LLMActionPlayer] API call took 224 ms (model=OPENROUTER size=LARGE)
[LLMActionPlayer] API call took 677 ms (model=OPENROUTER size=LARGE)
[LLMActionPlayer] API call took 204 ms (model=OPENROUTER size=LARGE)
[LLMActionPlayer] API call took 530 ms (model=OPENROUTER size=LARGE)
[LLMActionPlayer] API call took 236 ms (model=OPENROUTER size=LARGE)
[LLMActionPlayer] API call took 373 ms (model=OPENROUTER size=LARGE)
[LLMActionPlayer] API call took 1625 ms (model=OPENROUTER size=LARGE)
[LLMActionPlayer] API call took 751 ms (model=OPENROUTER size=LARGE)
[LLMActionPlayer] API call took 209 ms (model=OPENROUTER size=LARGE)
[LLMActionPlayer] API call took 192 ms (model=OPENROUTER size=LARGE)
[LLMActionPlayer] API call took 210 ms (model=OPENROUTER size=LARGE)
[LLMActionPlayer] API call took 237 ms (model=OPENROUTER size=LARGE)
[LLMActionPlayer] API call took 236 ms (model=OPENROUTER size=LARGE)
[LLMActionPlayer] API call took 230 ms (model=OPENROUTER size=LARGE)
[LLMActionPlayer] API call took 161 ms (model=OPENROUTER size=LARGE)
[LOSE_GAME,WIN_GAME,LOSE_GAME]
[LLMActionPlayer] API call took 224 ms (model=OPENROUTER size=LARGE)
[LLMActionPlayer] API call took 224 ms (model=OPENROUTER size=LARGE)
[LLMActionPlayer] API call took 283 ms (model=OPENROUTER size=LARGE)
[LLMActionPlayer] API call took 216 ms (model=OPENROUTER size=LARGE)
[LLMActionPlayer] API call took 211 ms (model=OPENROUTER size=LARGE)
[LLMActionPlayer] API call took 733 ms (model=OPENROUTER size=LARGE)
[LLMActionPlayer] API call took 420 ms (model=OPENROUTER size=LARGE)
[LLMActionPlayer] API call took 234 ms (model=OPENROUTER size=LARGE)
[LLMActionPlayer] API call took 383 ms (model=OPENROUTER size=LARGE)
[LLMActionPlayer] API call took 168 ms (model=OPENROUTER size=LARGE)
[LLMActionPlayer] API call took 151 ms (model=OPENROUTER size=LARGE)
[LLMActionPlayer] API call took 256 ms (model=OPENROUTER size=LARGE)
[LLMActionPlayer] API call took 491 ms (model=OPENROUTER size=LARGE)
[LLMActionPlayer] API call took 326 ms (model=OPENROUTER size=LARGE)
[LLMActionPlayer] API call took 223 ms (model=OPENROUTER size=LARGE)
[LLMActionPlayer] API call took 227 ms (model=OPENROUTER size=LARGE)
[LLMActionPlayer] API call took 151 ms (model=OPENROUTER size=LARGE)
[LLMActionPlayer] API call took 254 ms (model=OPENROUTER size=LARGE)
[LLMActionPlayer] API call took 214 ms (model=OPENROUTER size=LARGE)
[LLMActionPlayer] API call took 676 ms (model=OPENROUTER size=LARGE)
[LLMActionPlayer] API call took 266 ms (model=OPENROUTER size=LARGE)
[LLMActionPlayer] API call took 185 ms (model=OPENROUTER size=LARGE)
[LLMActionPlayer] API call took 186 ms (model=OPENROUTER size=LARGE)
[LLMActionPlayer] API call took 395 ms (model=OPENROUTER size=LARGE)
[LLMActionPlayer] API call took 231 ms (model=OPENROUTER size=LARGE)
[LLMActionPlayer] API call took 219 ms (model=OPENROUTER size=LARGE)
[LLMActionPlayer] API call took 367 ms (model=OPENROUTER size=LARGE)
[LLMActionPlayer] API call took 325 ms (model=OPENROUTER size=LARGE)
[LLMActionPlayer] API call took 347 ms (model=OPENROUTER size=LARGE)
[LLMActionPlayer] API call took 229 ms (model=OPENROUTER size=LARGE)
[LLMActionPlayer] API call took 689 ms (model=OPENROUTER size=LARGE)
[LLMActionPlayer] API call took 777 ms (model=OPENROUTER size=LARGE)
[LLMActionPlayer] API call took 259 ms (model=OPENROUTER size=LARGE)
[DRAW_GAME,LOSE_GAME,DRAW_GAME]
[LLMActionPlayer] API call took 196 ms (model=OPENROUTER size=LARGE)
[LLMActionPlayer] API call took 297 ms (model=OPENROUTER size=LARGE)
[LLMActionPlayer] API call took 687 ms (model=OPENROUTER size=LARGE)
[LLMActionPlayer] API call took 305 ms (model=OPENROUTER size=LARGE)
[LLMActionPlayer] API call took 697 ms (model=OPENROUTER size=LARGE)
[LLMActionPlayer] API call took 231 ms (model=OPENROUTER size=LARGE)
[LLMActionPlayer] API call took 261 ms (model=OPENROUTER size=LARGE)
[LLMActionPlayer] API call took 218 ms (model=OPENROUTER size=LARGE)
[LLMActionPlayer] API call took 249 ms (model=OPENROUTER size=LARGE)
[LLMActionPlayer] API call took 528 ms (model=OPENROUTER size=LARGE)
[LLMActionPlayer] API call took 533 ms (model=OPENROUTER size=LARGE)
[LLMActionPlayer] API call took 186 ms (model=OPENROUTER size=LARGE)
[LLMActionPlayer] API call took 708 ms (model=OPENROUTER size=LARGE)
[LLMActionPlayer] API call took 818 ms (model=OPENROUTER size=LARGE)
[LLMActionPlayer] API call took 266 ms (model=OPENROUTER size=LARGE)
[LLMActionPlayer] API call took 200 ms (model=OPENROUTER size=LARGE)
[LLMActionPlayer] API call took 224 ms (model=OPENROUTER size=LARGE)
[LLMActionPlayer] API call took 239 ms (model=OPENROUTER size=LARGE)
[LOSE_GAME,LOSE_GAME,WIN_GAME]
[LLMActionPlayer] API call took 183 ms (model=OPENROUTER size=LARGE)
[LLMActionPlayer] API call took 264 ms (model=OPENROUTER size=LARGE)
[LLMActionPlayer] API call took 189 ms (model=OPENROUTER size=LARGE)
[LLMActionPlayer] API call took 1146 ms (model=OPENROUTER size=LARGE)
[LLMActionPlayer] API call took 198 ms (model=OPENROUTER size=LARGE)
[LLMActionPlayer] API call took 194 ms (model=OPENROUTER size=LARGE)
[LLMActionPlayer] API call took 278 ms (model=OPENROUTER size=LARGE)
[LLMActionPlayer] API call took 285 ms (model=OPENROUTER size=LARGE)
[LLMActionPlayer] API call took 225 ms (model=OPENROUTER size=LARGE)
[LLMActionPlayer] API call took 767 ms (model=OPENROUTER size=LARGE)
[LLMActionPlayer] API call took 234 ms (model=OPENROUTER size=LARGE)
[LLMActionPlayer] API call took 213 ms (model=OPENROUTER size=LARGE)
[LLMActionPlayer] API call took 297 ms (model=OPENROUTER size=LARGE)
[LLMActionPlayer] API call took 236 ms (model=OPENROUTER size=LARGE)
[WIN_GAME,LOSE_GAME,LOSE_GAME]
[LLMActionPlayer] API call took 171 ms (model=OPENROUTER size=LARGE)
[LLMActionPlayer] API call took 407 ms (model=OPENROUTER size=LARGE)
[LLMActionPlayer] API call took 254 ms (model=OPENROUTER size=LARGE)
[LLMActionPlayer] API call took 198 ms (model=OPENROUTER size=LARGE)
[LLMActionPlayer] API call took 291 ms (model=OPENROUTER size=LARGE)
[LLMActionPlayer] API call took 176 ms (model=OPENROUTER size=LARGE)
[LLMActionPlayer] API call took 232 ms (model=OPENROUTER size=LARGE)
[LLMActionPlayer] API call took 202 ms (model=OPENROUTER size=LARGE)
[LLMActionPlayer] API call took 567 ms (model=OPENROUTER size=LARGE)
[LLMActionPlayer] API call took 257 ms (model=OPENROUTER size=LARGE)
[LLMActionPlayer] API call took 224 ms (model=OPENROUTER size=LARGE)
[LLMActionPlayer] API call took 196 ms (model=OPENROUTER size=LARGE)
[LLMActionPlayer] API call took 240 ms (model=OPENROUTER size=LARGE)
[LLMActionPlayer] API call took 203 ms (model=OPENROUTER size=LARGE)
[LLMActionPlayer] API call took 208 ms (model=OPENROUTER size=LARGE)
[LLMActionPlayer] API call took 222 ms (model=OPENROUTER size=LARGE)
[WIN_GAME,LOSE_GAME,LOSE_GAME]
[LLMActionPlayer] API call took 225 ms (model=OPENROUTER size=LARGE)
[LLMActionPlayer] API call took 354 ms (model=OPENROUTER size=LARGE)
[LLMActionPlayer] API call took 327 ms (model=OPENROUTER size=LARGE)
[LLMActionPlayer] API call took 232 ms (model=OPENROUTER size=LARGE)
[LLMActionPlayer] API call took 151 ms (model=OPENROUTER size=LARGE)
[LLMActionPlayer] API call took 231 ms (model=OPENROUTER size=LARGE)
[LLMActionPlayer] API call took 722 ms (model=OPENROUTER size=LARGE)
[LLMActionPlayer] API call took 164 ms (model=OPENROUTER size=LARGE)
[LLMActionPlayer] API call took 193 ms (model=OPENROUTER size=LARGE)
[LLMActionPlayer] API call took 216 ms (model=OPENROUTER size=LARGE)
[LLMActionPlayer] API call took 205 ms (model=OPENROUTER size=LARGE)
[LLMActionPlayer] API call took 260 ms (model=OPENROUTER size=LARGE)
[LLMActionPlayer] API call took 225 ms (model=OPENROUTER size=LARGE)
[LLMActionPlayer] API call took 411 ms (model=OPENROUTER size=LARGE)
[LLMActionPlayer] API call took 179 ms (model=OPENROUTER size=LARGE)
[LLMActionPlayer] API call took 219 ms (model=OPENROUTER size=LARGE)
[LLMActionPlayer] API call took 200 ms (model=OPENROUTER size=LARGE)
[LLMActionPlayer] API call took 800 ms (model=OPENROUTER size=LARGE)
[LLMActionPlayer] API call took 238 ms (model=OPENROUTER size=LARGE)
[LLMActionPlayer] API call took 210 ms (model=OPENROUTER size=LARGE)
[LLMActionPlayer] API call took 557 ms (model=OPENROUTER size=LARGE)
[LOSE_GAME,WIN_GAME,LOSE_GAME]
[LLMActionPlayer] API call took 227 ms (model=OPENROUTER size=LARGE)
[LLMActionPlayer] API call took 186 ms (model=OPENROUTER size=LARGE)
[LLMActionPlayer] API call took 218 ms (model=OPENROUTER size=LARGE)
[LLMActionPlayer] API call took 278 ms (model=OPENROUTER size=LARGE)
[LLMActionPlayer] API call took 178 ms (model=OPENROUTER size=LARGE)
[LLMActionPlayer] API call took 619 ms (model=OPENROUTER size=LARGE)
[LLMActionPlayer] API call took 240 ms (model=OPENROUTER size=LARGE)
[LLMActionPlayer] API call took 294 ms (model=OPENROUTER size=LARGE)
[LLMActionPlayer] API call took 214 ms (model=OPENROUTER size=LARGE)
[LLMActionPlayer] API call took 185 ms (model=OPENROUTER size=LARGE)
[LLMActionPlayer] API call took 225 ms (model=OPENROUTER size=LARGE)
[LLMActionPlayer] API call took 235 ms (model=OPENROUTER size=LARGE)
[LLMActionPlayer] API call took 175 ms (model=OPENROUTER size=LARGE)
[LLMActionPlayer] API call took 335 ms (model=OPENROUTER size=LARGE)
[LLMActionPlayer] API call took 249 ms (model=OPENROUTER size=LARGE)
[LLMActionPlayer] API call took 174 ms (model=OPENROUTER size=LARGE)
[LLMActionPlayer] API call took 202 ms (model=OPENROUTER size=LARGE)
[LLMActionPlayer] API call took 260 ms (model=OPENROUTER size=LARGE)
[WIN_GAME,LOSE_GAME,LOSE_GAME]
[LLMActionPlayer] API call took 228 ms (model=OPENROUTER size=LARGE)
[LLMActionPlayer] API call took 225 ms (model=OPENROUTER size=LARGE)
[LLMActionPlayer] API call took 201 ms (model=OPENROUTER size=LARGE)
[LLMActionPlayer] API call took 363 ms (model=OPENROUTER size=LARGE)
[LLMActionPlayer] API call took 677 ms (model=OPENROUTER size=LARGE)
[LLMActionPlayer] API call took 187 ms (model=OPENROUTER size=LARGE)
[LLMActionPlayer] API call took 441 ms (model=OPENROUTER size=LARGE)
[LLMActionPlayer] API call took 188 ms (model=OPENROUTER size=LARGE)
[LLMActionPlayer] API call took 218 ms (model=OPENROUTER size=LARGE)
[LLMActionPlayer] API call took 252 ms (model=OPENROUTER size=LARGE)
[LLMActionPlayer] API call took 425 ms (model=OPENROUTER size=LARGE)
[LLMActionPlayer] API call took 222 ms (model=OPENROUTER size=LARGE)
[LLMActionPlayer] API call took 241 ms (model=OPENROUTER size=LARGE)
[LLMActionPlayer] API call took 943 ms (model=OPENROUTER size=LARGE)
[LLMActionPlayer] API call took 169 ms (model=OPENROUTER size=LARGE)
[LLMActionPlayer] API call took 197 ms (model=OPENROUTER size=LARGE)
[LLMActionPlayer] API call took 165 ms (model=OPENROUTER size=LARGE)
[LLMActionPlayer] API call took 191 ms (model=OPENROUTER size=LARGE)
[LLMActionPlayer] API call took 205 ms (model=OPENROUTER size=LARGE)
[LLMActionPlayer] API call took 237 ms (model=OPENROUTER size=LARGE)
[LLMActionPlayer] API call took 229 ms (model=OPENROUTER size=LARGE)
[LLMActionPlayer] API call took 193 ms (model=OPENROUTER size=LARGE)
[WIN_GAME,LOSE_GAME,LOSE_GAME]
[LLMActionPlayer] API call took 174 ms (model=OPENROUTER size=LARGE)
[LLMActionPlayer] API call took 166 ms (model=OPENROUTER size=LARGE)
[LLMActionPlayer] API call took 166 ms (model=OPENROUTER size=LARGE)
[LLMActionPlayer] API call took 201 ms (model=OPENROUTER size=LARGE)
[LLMActionPlayer] API call took 231 ms (model=OPENROUTER size=LARGE)
[LLMActionPlayer] API call took 697 ms (model=OPENROUTER size=LARGE)
[LLMActionPlayer] API call took 200 ms (model=OPENROUTER size=LARGE)
[LLMActionPlayer] API call took 214 ms (model=OPENROUTER size=LARGE)
[LLMActionPlayer] API call took 215 ms (model=OPENROUTER size=LARGE)
[LLMActionPlayer] API call took 209 ms (model=OPENROUTER size=LARGE)
[LLMActionPlayer] API call took 210 ms (model=OPENROUTER size=LARGE)
[LLMActionPlayer] API call took 153 ms (model=OPENROUTER size=LARGE)
[LLMActionPlayer] API call took 201 ms (model=OPENROUTER size=LARGE)
[LLMActionPlayer] API call took 166 ms (model=OPENROUTER size=LARGE)
[LLMActionPlayer] API call took 309 ms (model=OPENROUTER size=LARGE)
[LLMActionPlayer] API call took 217 ms (model=OPENROUTER size=LARGE)
[WIN_GAME,LOSE_GAME,LOSE_GAME]
[LLMActionPlayer] API call took 182 ms (model=OPENROUTER size=LARGE)
[LLMActionPlayer] API call took 251 ms (model=OPENROUTER size=LARGE)
[LLMActionPlayer] API call took 221 ms (model=OPENROUTER size=LARGE)
[LLMActionPlayer] API call took 207 ms (model=OPENROUTER size=LARGE)
[LLMActionPlayer] API call took 176 ms (model=OPENROUTER size=LARGE)
[LLMActionPlayer] API call took 244 ms (model=OPENROUTER size=LARGE)
[LLMActionPlayer] API call took 256 ms (model=OPENROUTER size=LARGE)
[LLMActionPlayer] API call took 213 ms (model=OPENROUTER size=LARGE)
[LLMActionPlayer] API call took 161 ms (model=OPENROUTER size=LARGE)
[LLMActionPlayer] API call took 204 ms (model=OPENROUTER size=LARGE)
[LLMActionPlayer] API call took 212 ms (model=OPENROUTER size=LARGE)
[LLMActionPlayer] API call took 155 ms (model=OPENROUTER size=LARGE)
[LLMActionPlayer] API call took 224 ms (model=OPENROUTER size=LARGE)
[LLMActionPlayer] API call took 728 ms (model=OPENROUTER size=LARGE)
[LLMActionPlayer] API call took 195 ms (model=OPENROUTER size=LARGE)
[LLMActionPlayer] API call took 174 ms (model=OPENROUTER size=LARGE)
[LLMActionPlayer] API call took 164 ms (model=OPENROUTER size=LARGE)
[WIN_GAME,LOSE_GAME,LOSE_GAME]
[LLMActionPlayer] API call took 231 ms (model=OPENROUTER size=LARGE)
[LLMActionPlayer] API call took 284 ms (model=OPENROUTER size=LARGE)
[LLMActionPlayer] API call took 833 ms (model=OPENROUTER size=LARGE)
[LLMActionPlayer] API call took 184 ms (model=OPENROUTER size=LARGE)
[LLMActionPlayer] API call took 278 ms (model=OPENROUTER size=LARGE)
[LLMActionPlayer] API call took 728 ms (model=OPENROUTER size=LARGE)
[LLMActionPlayer] API call took 243 ms (model=OPENROUTER size=LARGE)
[LLMActionPlayer] API call took 220 ms (model=OPENROUTER size=LARGE)
[LLMActionPlayer] API call took 256 ms (model=OPENROUTER size=LARGE)
[LOSE_GAME,WIN_GAME,LOSE_GAME]
[LLMActionPlayer] API call took 212 ms (model=OPENROUTER size=LARGE)
[LLMActionPlayer] API call took 169 ms (model=OPENROUTER size=LARGE)
[LLMActionPlayer] API call took 154 ms (model=OPENROUTER size=LARGE)
[LLMActionPlayer] API call took 214 ms (model=OPENROUTER size=LARGE)
[LLMActionPlayer] API call took 184 ms (model=OPENROUTER size=LARGE)
[LLMActionPlayer] API call took 918 ms (model=OPENROUTER size=LARGE)
[LLMActionPlayer] API call took 226 ms (model=OPENROUTER size=LARGE)
[LLMActionPlayer] API call took 238 ms (model=OPENROUTER size=LARGE)
[LLMActionPlayer] API call took 246 ms (model=OPENROUTER size=LARGE)
[LLMActionPlayer] API call took 179 ms (model=OPENROUTER size=LARGE)
[LLMActionPlayer] API call took 470 ms (model=OPENROUTER size=LARGE)
[LLMActionPlayer] API call took 270 ms (model=OPENROUTER size=LARGE)
[LLMActionPlayer] API call took 235 ms (model=OPENROUTER size=LARGE)
[LLMActionPlayer] API call took 217 ms (model=OPENROUTER size=LARGE)
[LLMActionPlayer] API call took 215 ms (model=OPENROUTER size=LARGE)
[LLMActionPlayer] API call took 157 ms (model=OPENROUTER size=LARGE)
[LLMActionPlayer] API call took 288 ms (model=OPENROUTER size=LARGE)
[LLMActionPlayer] API call took 235 ms (model=OPENROUTER size=LARGE)
[LLMActionPlayer] API call took 179 ms (model=OPENROUTER size=LARGE)
[LLMActionPlayer] API call took 732 ms (model=OPENROUTER size=LARGE)
[LLMActionPlayer] API call took 226 ms (model=OPENROUTER size=LARGE)
[LLMActionPlayer] API call took 640 ms (model=OPENROUTER size=LARGE)
[LLMActionPlayer] API call took 259 ms (model=OPENROUTER size=LARGE)
[LLMActionPlayer] API call took 853 ms (model=OPENROUTER size=LARGE)
[LLMActionPlayer] API call took 188 ms (model=OPENROUTER size=LARGE)
[WIN_GAME,LOSE_GAME,LOSE_GAME]
[LLMActionPlayer] API call took 173 ms (model=OPENROUTER size=LARGE)
[LLMActionPlayer] API call took 207 ms (model=OPENROUTER size=LARGE)
[LLMActionPlayer] API call took 968 ms (model=OPENROUTER size=LARGE)
[LLMActionPlayer] API call took 246 ms (model=OPENROUTER size=LARGE)
[LLMActionPlayer] API call took 905 ms (model=OPENROUTER size=LARGE)
[LLMActionPlayer] API call took 309 ms (model=OPENROUTER size=LARGE)
[LLMActionPlayer] API call took 249 ms (model=OPENROUTER size=LARGE)
[LLMActionPlayer] API call took 252 ms (model=OPENROUTER size=LARGE)
[LOSE_GAME,WIN_GAME,LOSE_GAME]
[LLMActionPlayer] API call took 233 ms (model=OPENROUTER size=LARGE)
[LLMActionPlayer] API call took 789 ms (model=OPENROUTER size=LARGE)
[LLMActionPlayer] API call took 291 ms (model=OPENROUTER size=LARGE)
[LLMActionPlayer] API call took 224 ms (model=OPENROUTER size=LARGE)
[LLMActionPlayer] API call took 505 ms (model=OPENROUTER size=LARGE)
[LLMActionPlayer] API call took 249 ms (model=OPENROUTER size=LARGE)
[LLMActionPlayer] API call took 194 ms (model=OPENROUTER size=LARGE)
[LLMActionPlayer] API call took 218 ms (model=OPENROUTER size=LARGE)
[LLMActionPlayer] API call took 218 ms (model=OPENROUTER size=LARGE)
[LLMActionPlayer] API call took 451 ms (model=OPENROUTER size=LARGE)
[LLMActionPlayer] API call took 329 ms (model=OPENROUTER size=LARGE)
[LLMActionPlayer] API call took 244 ms (model=OPENROUTER size=LARGE)
[LLMActionPlayer] API call took 252 ms (model=OPENROUTER size=LARGE)
[LLMActionPlayer] API call took 191 ms (model=OPENROUTER size=LARGE)
[LLMActionPlayer] API call took 262 ms (model=OPENROUTER size=LARGE)
[LLMActionPlayer] API call took 392 ms (model=OPENROUTER size=LARGE)
[LLMActionPlayer] API call took 216 ms (model=OPENROUTER size=LARGE)
[WIN_GAME,LOSE_GAME,LOSE_GAME]
[LLMActionPlayer] API call took 195 ms (model=OPENROUTER size=LARGE)
[LLMActionPlayer] API call took 321 ms (model=OPENROUTER size=LARGE)
[LLMActionPlayer] API call took 586 ms (model=OPENROUTER size=LARGE)
[LLMActionPlayer] API call took 243 ms (model=OPENROUTER size=LARGE)
[LLMActionPlayer] API call took 215 ms (model=OPENROUTER size=LARGE)
[LLMActionPlayer] API call took 214 ms (model=OPENROUTER size=LARGE)
[LLMActionPlayer] API call took 199 ms (model=OPENROUTER size=LARGE)
[LLMActionPlayer] API call took 203 ms (model=OPENROUTER size=LARGE)
[LLMActionPlayer] API call took 711 ms (model=OPENROUTER size=LARGE)
[LLMActionPlayer] API call took 1202 ms (model=OPENROUTER size=LARGE)
[LLMActionPlayer] API call took 255 ms (model=OPENROUTER size=LARGE)
[LLMActionPlayer] API call took 244 ms (model=OPENROUTER size=LARGE)
[LLMActionPlayer] API call took 199 ms (model=OPENROUTER size=LARGE)
[LLMActionPlayer] API call took 561 ms (model=OPENROUTER size=LARGE)
[LLMActionPlayer] API call took 606 ms (model=OPENROUTER size=LARGE)
[LLMActionPlayer] API call took 236 ms (model=OPENROUTER size=LARGE)
[LOSE_GAME,LOSE_GAME,WIN_GAME]
[LLMActionPlayer] API call took 210 ms (model=OPENROUTER size=LARGE)
[LLMActionPlayer] API call took 456 ms (model=OPENROUTER size=LARGE)
[LLMActionPlayer] API call took 250 ms (model=OPENROUTER size=LARGE)
[LLMActionPlayer] API call took 184 ms (model=OPENROUTER size=LARGE)
[LLMActionPlayer] API call took 185 ms (model=OPENROUTER size=LARGE)
[LLMActionPlayer] API call took 184 ms (model=OPENROUTER size=LARGE)
[LLMActionPlayer] API call took 211 ms (model=OPENROUTER size=LARGE)
[LLMActionPlayer] API call took 204 ms (model=OPENROUTER size=LARGE)
[LLMActionPlayer] API call took 279 ms (model=OPENROUTER size=LARGE)
[LLMActionPlayer] API call took 238 ms (model=OPENROUTER size=LARGE)
[LLMActionPlayer] API call took 246 ms (model=OPENROUTER size=LARGE)
[WIN_GAME,LOSE_GAME,LOSE_GAME]
[LLMActionPlayer] API call took 228 ms (model=OPENROUTER size=LARGE)
[LLMActionPlayer] API call took 164 ms (model=OPENROUTER size=LARGE)
[LLMActionPlayer] API call took 182 ms (model=OPENROUTER size=LARGE)
[LLMActionPlayer] API call took 190 ms (model=OPENROUTER size=LARGE)
[LLMActionPlayer] API call took 205 ms (model=OPENROUTER size=LARGE)
[LLMActionPlayer] API call took 207 ms (model=OPENROUTER size=LARGE)
[LLMActionPlayer] API call took 175 ms (model=OPENROUTER size=LARGE)
[LLMActionPlayer] API call took 520 ms (model=OPENROUTER size=LARGE)
[LLMActionPlayer] API call took 242 ms (model=OPENROUTER size=LARGE)
[LLMActionPlayer] API call took 499 ms (model=OPENROUTER size=LARGE)
[LLMActionPlayer] API call took 199 ms (model=OPENROUTER size=LARGE)
[LLMActionPlayer] API call took 714 ms (model=OPENROUTER size=LARGE)
[LLMActionPlayer] API call took 243 ms (model=OPENROUTER size=LARGE)
[LLMActionPlayer] API call took 748 ms (model=OPENROUTER size=LARGE)
[LLMActionPlayer] API call took 150 ms (model=OPENROUTER size=LARGE)
[LLMActionPlayer] API call took 255 ms (model=OPENROUTER size=LARGE)
[LOSE_GAME,LOSE_GAME,WIN_GAME]
[LLMActionPlayer] API call took 210 ms (model=OPENROUTER size=LARGE)
[LLMActionPlayer] API call took 228 ms (model=OPENROUTER size=LARGE)
[LLMActionPlayer] API call took 187 ms (model=OPENROUTER size=LARGE)
[LLMActionPlayer] API call took 172 ms (model=OPENROUTER size=LARGE)
[LLMActionPlayer] API call took 239 ms (model=OPENROUTER size=LARGE)
[LLMActionPlayer] API call took 689 ms (model=OPENROUTER size=LARGE)
[LLMActionPlayer] API call took 229 ms (model=OPENROUTER size=LARGE)
[LLMActionPlayer] API call took 251 ms (model=OPENROUTER size=LARGE)
[LLMActionPlayer] API call took 232 ms (model=OPENROUTER size=LARGE)
[LLMActionPlayer] API call took 174 ms (model=OPENROUTER size=LARGE)
[LLMActionPlayer] API call took 229 ms (model=OPENROUTER size=LARGE)
[LLMActionPlayer] API call took 332 ms (model=OPENROUTER size=LARGE)
[LLMActionPlayer] API call took 223 ms (model=OPENROUTER size=LARGE)
[LLMActionPlayer] API call took 934 ms (model=OPENROUTER size=LARGE)
[LLMActionPlayer] API call took 265 ms (model=OPENROUTER size=LARGE)
[LLMActionPlayer] API call took 202 ms (model=OPENROUTER size=LARGE)
[LLMActionPlayer] API call took 215 ms (model=OPENROUTER size=LARGE)
[LLMActionPlayer] API call took 273 ms (model=OPENROUTER size=LARGE)
[LLMActionPlayer] API call took 183 ms (model=OPENROUTER size=LARGE)
[LLMActionPlayer] API call took 198 ms (model=OPENROUTER size=LARGE)
[LLMActionPlayer] API call took 276 ms (model=OPENROUTER size=LARGE)
[WIN_GAME,LOSE_GAME,LOSE_GAME]
[LLMActionPlayer] API call took 191 ms (model=OPENROUTER size=LARGE)
[LLMActionPlayer] API call took 212 ms (model=OPENROUTER size=LARGE)
[LLMActionPlayer] API call took 155 ms (model=OPENROUTER size=LARGE)
[LLMActionPlayer] API call took 212 ms (model=OPENROUTER size=LARGE)
[LLMActionPlayer] API call took 234 ms (model=OPENROUTER size=LARGE)
[LLMActionPlayer] API call took 219 ms (model=OPENROUTER size=LARGE)
[LLMActionPlayer] API call took 231 ms (model=OPENROUTER size=LARGE)
[LLMActionPlayer] API call took 207 ms (model=OPENROUTER size=LARGE)
[LLMActionPlayer] API call took 227 ms (model=OPENROUTER size=LARGE)
[LLMActionPlayer] API call took 159 ms (model=OPENROUTER size=LARGE)
[LLMActionPlayer] API call took 214 ms (model=OPENROUTER size=LARGE)
[LLMActionPlayer] API call took 250 ms (model=OPENROUTER size=LARGE)
[LLMActionPlayer] API call took 184 ms (model=OPENROUTER size=LARGE)
[LLMActionPlayer] API call took 204 ms (model=OPENROUTER size=LARGE)
[LLMActionPlayer] API call took 225 ms (model=OPENROUTER size=LARGE)
[LLMActionPlayer] API call took 236 ms (model=OPENROUTER size=LARGE)
[LLMActionPlayer] API call took 173 ms (model=OPENROUTER size=LARGE)
[LLMActionPlayer] API call took 179 ms (model=OPENROUTER size=LARGE)
[LLMActionPlayer] API call took 717 ms (model=OPENROUTER size=LARGE)
[LLMActionPlayer] API call took 195 ms (model=OPENROUTER size=LARGE)
[LLMActionPlayer] API call took 214 ms (model=OPENROUTER size=LARGE)
[WIN_GAME,LOSE_GAME,LOSE_GAME]
[LLMActionPlayer] API call took 152 ms (model=OPENROUTER size=LARGE)
[LLMActionPlayer] API call took 218 ms (model=OPENROUTER size=LARGE)
[LLMActionPlayer] API call took 189 ms (model=OPENROUTER size=LARGE)
[LLMActionPlayer] API call took 236 ms (model=OPENROUTER size=LARGE)
[LLMActionPlayer] API call took 181 ms (model=OPENROUTER size=LARGE)
[LLMActionPlayer] API call took 171 ms (model=OPENROUTER size=LARGE)
[LLMActionPlayer] API call took 202 ms (model=OPENROUTER size=LARGE)
[LLMActionPlayer] API call took 167 ms (model=OPENROUTER size=LARGE)
[LLMActionPlayer] API call took 698 ms (model=OPENROUTER size=LARGE)
[LLMActionPlayer] API call took 224 ms (model=OPENROUTER size=LARGE)
[LLMActionPlayer] API call took 203 ms (model=OPENROUTER size=LARGE)
[LLMActionPlayer] API call took 273 ms (model=OPENROUTER size=LARGE)
[LLMActionPlayer] API call took 209 ms (model=OPENROUTER size=LARGE)
[LLMActionPlayer] API call took 273 ms (model=OPENROUTER size=LARGE)
[LLMActionPlayer] API call took 221 ms (model=OPENROUTER size=LARGE)
[LLMActionPlayer] API call took 225 ms (model=OPENROUTER size=LARGE)
[LLMActionPlayer] API call took 275 ms (model=OPENROUTER size=LARGE)
[LLMActionPlayer] API call took 267 ms (model=OPENROUTER size=LARGE)
[LLMActionPlayer] API call took 666 ms (model=OPENROUTER size=LARGE)
[LLMActionPlayer] API call took 191 ms (model=OPENROUTER size=LARGE)
[LLMActionPlayer] API call took 208 ms (model=OPENROUTER size=LARGE)
[LLMActionPlayer] API call took 243 ms (model=OPENROUTER size=LARGE)
[LLMActionPlayer] API call took 687 ms (model=OPENROUTER size=LARGE)
[LLMActionPlayer] API call took 271 ms (model=OPENROUTER size=LARGE)
[LLMActionPlayer] API call took 250 ms (model=OPENROUTER size=LARGE)
[LLMActionPlayer] API call took 337 ms (model=OPENROUTER size=LARGE)
[LLMActionPlayer] API call took 294 ms (model=OPENROUTER size=LARGE)
[LLMActionPlayer] API call took 305 ms (model=OPENROUTER size=LARGE)
[LLMActionPlayer] API call took 397 ms (model=OPENROUTER size=LARGE)
[LLMActionPlayer] API call took 575 ms (model=OPENROUTER size=LARGE)
[LLMActionPlayer] API call took 201 ms (model=OPENROUTER size=LARGE)
[WIN_GAME,LOSE_GAME,LOSE_GAME]
[LLMActionPlayer] API call took 343 ms (model=OPENROUTER size=LARGE)
[LLMActionPlayer] API call took 620 ms (model=OPENROUTER size=LARGE)
[LLMActionPlayer] API call took 239 ms (model=OPENROUTER size=LARGE)
[LLMActionPlayer] API call took 241 ms (model=OPENROUTER size=LARGE)
[LLMActionPlayer] API call took 622 ms (model=OPENROUTER size=LARGE)
[LLMActionPlayer] API call took 718 ms (model=OPENROUTER size=LARGE)
[LLMActionPlayer] API call took 722 ms (model=OPENROUTER size=LARGE)
[LLMActionPlayer] API call took 190 ms (model=OPENROUTER size=LARGE)
[LLMActionPlayer] API call took 538 ms (model=OPENROUTER size=LARGE)
[LLMActionPlayer] API call took 181 ms (model=OPENROUTER size=LARGE)
[LLMActionPlayer] API call took 186 ms (model=OPENROUTER size=LARGE)
[LLMActionPlayer] API call took 211 ms (model=OPENROUTER size=LARGE)
[LLMActionPlayer] API call took 743 ms (model=OPENROUTER size=LARGE)
[LLMActionPlayer] API call took 583 ms (model=OPENROUTER size=LARGE)
[LLMActionPlayer] API call took 673 ms (model=OPENROUTER size=LARGE)
[LLMActionPlayer] API call took 561 ms (model=OPENROUTER size=LARGE)
[LLMActionPlayer] API call took 628 ms (model=OPENROUTER size=LARGE)
[LLMActionPlayer] API call took 219 ms (model=OPENROUTER size=LARGE)
[LLMActionPlayer] API call took 291 ms (model=OPENROUTER size=LARGE)
[LLMActionPlayer] API call took 740 ms (model=OPENROUTER size=LARGE)
[LLMActionPlayer] API call took 208 ms (model=OPENROUTER size=LARGE)
[LOSE_GAME,LOSE_GAME,WIN_GAME]
[LLMActionPlayer] API call took 344 ms (model=OPENROUTER size=LARGE)
[LLMActionPlayer] API call took 167 ms (model=OPENROUTER size=LARGE)
[LLMActionPlayer] API call took 692 ms (model=OPENROUTER size=LARGE)
[LLMActionPlayer] API call took 238 ms (model=OPENROUTER size=LARGE)
[LLMActionPlayer] API call took 543 ms (model=OPENROUTER size=LARGE)
[LLMActionPlayer] API call took 1191 ms (model=OPENROUTER size=LARGE)
[LLMActionPlayer] API call took 755 ms (model=OPENROUTER size=LARGE)
[LLMActionPlayer] API call took 572 ms (model=OPENROUTER size=LARGE)
[WIN_GAME,LOSE_GAME,LOSE_GAME]
[LLMActionPlayer] API call took 224 ms (model=OPENROUTER size=LARGE)
[LLMActionPlayer] API call took 2093 ms (model=OPENROUTER size=LARGE)
[LLMActionPlayer] API call took 812 ms (model=OPENROUTER size=LARGE)
[LLMActionPlayer] API call took 705 ms (model=OPENROUTER size=LARGE)
[LLMActionPlayer] API call took 263 ms (model=OPENROUTER size=LARGE)
[LLMActionPlayer] API call took 219 ms (model=OPENROUTER size=LARGE)
[LLMActionPlayer] API call took 170 ms (model=OPENROUTER size=LARGE)
[LLMActionPlayer] API call took 569 ms (model=OPENROUTER size=LARGE)
[LLMActionPlayer] API call took 198 ms (model=OPENROUTER size=LARGE)
[LLMActionPlayer] API call took 235 ms (model=OPENROUTER size=LARGE)
[LLMActionPlayer] API call took 312 ms (model=OPENROUTER size=LARGE)
[LLMActionPlayer] API call took 1052 ms (model=OPENROUTER size=LARGE)
[LLMActionPlayer] API call took 554 ms (model=OPENROUTER size=LARGE)
[LLMActionPlayer] API call took 208 ms (model=OPENROUTER size=LARGE)
[LLMActionPlayer] API call took 595 ms (model=OPENROUTER size=LARGE)
[LLMActionPlayer] API call took 624 ms (model=OPENROUTER size=LARGE)
[LLMActionPlayer] API call took 217 ms (model=OPENROUTER size=LARGE)
[LLMActionPlayer] API call took 554 ms (model=OPENROUTER size=LARGE)
[LLMActionPlayer] API call took 749 ms (model=OPENROUTER size=LARGE)
[LLMActionPlayer] API call took 550 ms (model=OPENROUTER size=LARGE)
[LLMActionPlayer] API call took 786 ms (model=OPENROUTER size=LARGE)
[LLMActionPlayer] API call took 182 ms (model=OPENROUTER size=LARGE)
[WIN_GAME,LOSE_GAME,LOSE_GAME]
[LLMActionPlayer] API call took 699 ms (model=OPENROUTER size=LARGE)
[LLMActionPlayer] API call took 213 ms (model=OPENROUTER size=LARGE)
[LLMActionPlayer] API call took 655 ms (model=OPENROUTER size=LARGE)
[LLMActionPlayer] API call took 210 ms (model=OPENROUTER size=LARGE)
[LLMActionPlayer] API call took 266 ms (model=OPENROUTER size=LARGE)
[LLMActionPlayer] API call took 655 ms (model=OPENROUTER size=LARGE)
[LLMActionPlayer] API call took 709 ms (model=OPENROUTER size=LARGE)
[LLMActionPlayer] API call took 729 ms (model=OPENROUTER size=LARGE)
[LLMActionPlayer] API call took 589 ms (model=OPENROUTER size=LARGE)
[LLMActionPlayer] API call took 624 ms (model=OPENROUTER size=LARGE)
[LLMActionPlayer] API call took 627 ms (model=OPENROUTER size=LARGE)
[LLMActionPlayer] API call took 723 ms (model=OPENROUTER size=LARGE)
[LLMActionPlayer] API call took 566 ms (model=OPENROUTER size=LARGE)
[LLMActionPlayer] API call took 629 ms (model=OPENROUTER size=LARGE)
[LOSE_GAME,LOSE_GAME,WIN_GAME]
[LLMActionPlayer] API call took 189 ms (model=OPENROUTER size=LARGE)
[LLMActionPlayer] API call took 707 ms (model=OPENROUTER size=LARGE)
[LLMActionPlayer] API call took 680 ms (model=OPENROUTER size=LARGE)
[LLMActionPlayer] API call took 280 ms (model=OPENROUTER size=LARGE)
[LLMActionPlayer] API call took 563 ms (model=OPENROUTER size=LARGE)
[LLMActionPlayer] API call took 504 ms (model=OPENROUTER size=LARGE)
[LLMActionPlayer] API call took 521 ms (model=OPENROUTER size=LARGE)
[LLMActionPlayer] API call took 167 ms (model=OPENROUTER size=LARGE)
[LLMActionPlayer] API call took 530 ms (model=OPENROUTER size=LARGE)
[LLMActionPlayer] API call took 489 ms (model=OPENROUTER size=LARGE)
[LLMActionPlayer] API call took 561 ms (model=OPENROUTER size=LARGE)
[LLMActionPlayer] API call took 571 ms (model=OPENROUTER size=LARGE)
[LLMActionPlayer] API call took 588 ms (model=OPENROUTER size=LARGE)
[LLMActionPlayer] API call took 574 ms (model=OPENROUTER size=LARGE)
[LLMActionPlayer] API call took 722 ms (model=OPENROUTER size=LARGE)
[WIN_GAME,LOSE_GAME,LOSE_GAME]
[LLMActionPlayer] API call took 579 ms (model=OPENROUTER size=LARGE)
[LLMActionPlayer] API call took 575 ms (model=OPENROUTER size=LARGE)
[LLMActionPlayer] API call took 636 ms (model=OPENROUTER size=LARGE)
[LLMActionPlayer] API call took 720 ms (model=OPENROUTER size=LARGE)
[LLMActionPlayer] API call took 581 ms (model=OPENROUTER size=LARGE)
[LLMActionPlayer] API call took 533 ms (model=OPENROUTER size=LARGE)
[LLMActionPlayer] API call took 534 ms (model=OPENROUTER size=LARGE)
[LLMActionPlayer] API call took 658 ms (model=OPENROUTER size=LARGE)
[LLMActionPlayer] API call took 235 ms (model=OPENROUTER size=LARGE)
[LLMActionPlayer] API call took 564 ms (model=OPENROUTER size=LARGE)
[LLMActionPlayer] API call took 617 ms (model=OPENROUTER size=LARGE)
[LLMActionPlayer] API call took 1763 ms (model=OPENROUTER size=LARGE)
[LLMActionPlayer] API call took 546 ms (model=OPENROUTER size=LARGE)
[LLMActionPlayer] API call took 607 ms (model=OPENROUTER size=LARGE)
[LLMActionPlayer] API call took 573 ms (model=OPENROUTER size=LARGE)
[LLMActionPlayer] API call took 799 ms (model=OPENROUTER size=LARGE)
[LLMActionPlayer] API call took 640 ms (model=OPENROUTER size=LARGE)
[LLMActionPlayer] API call took 918 ms (model=OPENROUTER size=LARGE)
[LLMActionPlayer] API call took 687 ms (model=OPENROUTER size=LARGE)
[LLMActionPlayer] API call took 640 ms (model=OPENROUTER size=LARGE)
[LLMActionPlayer] API call took 560 ms (model=OPENROUTER size=LARGE)
[LLMActionPlayer] API call took 697 ms (model=OPENROUTER size=LARGE)
[LLMActionPlayer] API call took 659 ms (model=OPENROUTER size=LARGE)
[LLMActionPlayer] API call took 775 ms (model=OPENROUTER size=LARGE)
[LLMActionPlayer] API call took 821 ms (model=OPENROUTER size=LARGE)
[LLMActionPlayer] API call took 700 ms (model=OPENROUTER size=LARGE)
[LLMActionPlayer] API call took 921 ms (model=OPENROUTER size=LARGE)
[LOSE_GAME,WIN_GAME,LOSE_GAME]
[LLMActionPlayer] API call took 550 ms (model=OPENROUTER size=LARGE)
[LLMActionPlayer] API call took 581 ms (model=OPENROUTER size=LARGE)
[LLMActionPlayer] API call took 610 ms (model=OPENROUTER size=LARGE)
[LLMActionPlayer] API call took 591 ms (model=OPENROUTER size=LARGE)
[LLMActionPlayer] API call took 554 ms (model=OPENROUTER size=LARGE)
[LLMActionPlayer] API call took 634 ms (model=OPENROUTER size=LARGE)
[LLMActionPlayer] API call took 655 ms (model=OPENROUTER size=LARGE)
[LLMActionPlayer] API call took 882 ms (model=OPENROUTER size=LARGE)
[LLMActionPlayer] API call took 829 ms (model=OPENROUTER size=LARGE)
[LLMActionPlayer] API call took 668 ms (model=OPENROUTER size=LARGE)
[LLMActionPlayer] API call took 540 ms (model=OPENROUTER size=LARGE)
[LLMActionPlayer] API call took 477 ms (model=OPENROUTER size=LARGE)
[LLMActionPlayer] API call took 551 ms (model=OPENROUTER size=LARGE)
[LLMActionPlayer] API call took 725 ms (model=OPENROUTER size=LARGE)
[LLMActionPlayer] API call took 460 ms (model=OPENROUTER size=LARGE)
[LLMActionPlayer] API call took 739 ms (model=OPENROUTER size=LARGE)
[LLMActionPlayer] API call took 674 ms (model=OPENROUTER size=LARGE)
[LLMActionPlayer] API call took 592 ms (model=OPENROUTER size=LARGE)
[LLMActionPlayer] API call took 464 ms (model=OPENROUTER size=LARGE)
[LLMActionPlayer] API call took 499 ms (model=OPENROUTER size=LARGE)
[LLMActionPlayer] API call took 601 ms (model=OPENROUTER size=LARGE)
[LLMActionPlayer] API call took 556 ms (model=OPENROUTER size=LARGE)
[LLMActionPlayer] API call took 584 ms (model=OPENROUTER size=LARGE)
[LLMActionPlayer] API call took 549 ms (model=OPENROUTER size=LARGE)
[LOSE_GAME,LOSE_GAME,WIN_GAME]
[LLMActionPlayer] API call took 709 ms (model=OPENROUTER size=LARGE)
[LLMActionPlayer] API call took 749 ms (model=OPENROUTER size=LARGE)
[LLMActionPlayer] API call took 679 ms (model=OPENROUTER size=LARGE)
[LLMActionPlayer] API call took 1141 ms (model=OPENROUTER size=LARGE)
[LLMActionPlayer] API call took 592 ms (model=OPENROUTER size=LARGE)
[LLMActionPlayer] API call took 485 ms (model=OPENROUTER size=LARGE)
[LLMActionPlayer] API call took 561 ms (model=OPENROUTER size=LARGE)
[LLMActionPlayer] API call took 718 ms (model=OPENROUTER size=LARGE)
[LLMActionPlayer] API call took 658 ms (model=OPENROUTER size=LARGE)
[LLMActionPlayer] API call took 754 ms (model=OPENROUTER size=LARGE)
[LLMActionPlayer] API call took 588 ms (model=OPENROUTER size=LARGE)
[LLMActionPlayer] API call took 647 ms (model=OPENROUTER size=LARGE)
[LLMActionPlayer] API call took 591 ms (model=OPENROUTER size=LARGE)
[LLMActionPlayer] API call took 742 ms (model=OPENROUTER size=LARGE)
[LLMActionPlayer] API call took 733 ms (model=OPENROUTER size=LARGE)
[LLMActionPlayer] API call took 557 ms (model=OPENROUTER size=LARGE)
[WIN_GAME,LOSE_GAME,LOSE_GAME]
[LLMActionPlayer] API call took 580 ms (model=OPENROUTER size=LARGE)
[LLMActionPlayer] API call took 595 ms (model=OPENROUTER size=LARGE)
[LLMActionPlayer] API call took 550 ms (model=OPENROUTER size=LARGE)
[LLMActionPlayer] API call took 623 ms (model=OPENROUTER size=LARGE)
[LLMActionPlayer] API call took 939 ms (model=OPENROUTER size=LARGE)
[LLMActionPlayer] API call took 721 ms (model=OPENROUTER size=LARGE)
[LLMActionPlayer] API call took 557 ms (model=OPENROUTER size=LARGE)
[LLMActionPlayer] API call took 540 ms (model=OPENROUTER size=LARGE)
[LLMActionPlayer] API call took 527 ms (model=OPENROUTER size=LARGE)
[LLMActionPlayer] API call took 1121 ms (model=OPENROUTER size=LARGE)
[LLMActionPlayer] API call took 675 ms (model=OPENROUTER size=LARGE)
[LLMActionPlayer] API call took 884 ms (model=OPENROUTER size=LARGE)
[LLMActionPlayer] API call took 678 ms (model=OPENROUTER size=LARGE)
[LLMActionPlayer] API call took 849 ms (model=OPENROUTER size=LARGE)
[LLMActionPlayer] API call took 1047 ms (model=OPENROUTER size=LARGE)
[LLMActionPlayer] API call took 652 ms (model=OPENROUTER size=LARGE)
[LLMActionPlayer] API call took 943 ms (model=OPENROUTER size=LARGE)
[LLMActionPlayer] API call took 1212 ms (model=OPENROUTER size=LARGE)
[LLMActionPlayer] API call took 523 ms (model=OPENROUTER size=LARGE)
[LLMActionPlayer] API call took 890 ms (model=OPENROUTER size=LARGE)
[LLMActionPlayer] API call took 499 ms (model=OPENROUTER size=LARGE)
[LLMActionPlayer] API call took 745 ms (model=OPENROUTER size=LARGE)
[LOSE_GAME,WIN_GAME,LOSE_GAME]
[LLMActionPlayer] API call took 630 ms (model=OPENROUTER size=LARGE)
[LLMActionPlayer] API call took 586 ms (model=OPENROUTER size=LARGE)
[LLMActionPlayer] API call took 525 ms (model=OPENROUTER size=LARGE)
[LLMActionPlayer] API call took 528 ms (model=OPENROUTER size=LARGE)
[LLMActionPlayer] API call took 539 ms (model=OPENROUTER size=LARGE)
[LLMActionPlayer] API call took 578 ms (model=OPENROUTER size=LARGE)
[LLMActionPlayer] API call took 482 ms (model=OPENROUTER size=LARGE)
[LLMActionPlayer] API call took 696 ms (model=OPENROUTER size=LARGE)
[LLMActionPlayer] API call took 719 ms (model=OPENROUTER size=LARGE)
[LLMActionPlayer] API call took 673 ms (model=OPENROUTER size=LARGE)
[LLMActionPlayer] API call took 626 ms (model=OPENROUTER size=LARGE)
[LLMActionPlayer] API call took 683 ms (model=OPENROUTER size=LARGE)
[LLMActionPlayer] API call took 614 ms (model=OPENROUTER size=LARGE)
[LLMActionPlayer] API call took 622 ms (model=OPENROUTER size=LARGE)
[LLMActionPlayer] API call took 730 ms (model=OPENROUTER size=LARGE)
[LLMActionPlayer] API call took 602 ms (model=OPENROUTER size=LARGE)
[LOSE_GAME,WIN_GAME,LOSE_GAME]
[LLMActionPlayer] API call took 556 ms (model=OPENROUTER size=LARGE)
[LLMActionPlayer] API call took 525 ms (model=OPENROUTER size=LARGE)
[LLMActionPlayer] API call took 706 ms (model=OPENROUTER size=LARGE)
[LLMActionPlayer] API call took 830 ms (model=OPENROUTER size=LARGE)
[LLMActionPlayer] API call took 591 ms (model=OPENROUTER size=LARGE)
[LLMActionPlayer] API call took 582 ms (model=OPENROUTER size=LARGE)
[LLMActionPlayer] API call took 574 ms (model=OPENROUTER size=LARGE)
[LLMActionPlayer] API call took 510 ms (model=OPENROUTER size=LARGE)
[LLMActionPlayer] API call took 649 ms (model=OPENROUTER size=LARGE)
[LLMActionPlayer] API call took 603 ms (model=OPENROUTER size=LARGE)
[LLMActionPlayer] API call took 848 ms (model=OPENROUTER size=LARGE)
[LLMActionPlayer] API call took 532 ms (model=OPENROUTER size=LARGE)
[LLMActionPlayer] API call took 476 ms (model=OPENROUTER size=LARGE)
[LLMActionPlayer] API call took 560 ms (model=OPENROUTER size=LARGE)
[LLMActionPlayer] API call took 553 ms (model=OPENROUTER size=LARGE)
[LLMActionPlayer] API call took 586 ms (model=OPENROUTER size=LARGE)
[LLMActionPlayer] API call took 481 ms (model=OPENROUTER size=LARGE)
[LLMActionPlayer] API call took 646 ms (model=OPENROUTER size=LARGE)
[WIN_GAME,LOSE_GAME,LOSE_GAME]
[LLMActionPlayer] API call took 754 ms (model=OPENROUTER size=LARGE)
[LLMActionPlayer] API call took 535 ms (model=OPENROUTER size=LARGE)
[LLMActionPlayer] API call took 583 ms (model=OPENROUTER size=LARGE)
[LLMActionPlayer] API call took 736 ms (model=OPENROUTER size=LARGE)
[LLMActionPlayer] API call took 675 ms (model=OPENROUTER size=LARGE)
[LLMActionPlayer] API call took 543 ms (model=OPENROUTER size=LARGE)
[LLMActionPlayer] API call took 658 ms (model=OPENROUTER size=LARGE)
[LLMActionPlayer] API call took 756 ms (model=OPENROUTER size=LARGE)
[LLMActionPlayer] API call took 679 ms (model=OPENROUTER size=LARGE)
[LLMActionPlayer] API call took 599 ms (model=OPENROUTER size=LARGE)
[WIN_GAME,LOSE_GAME,LOSE_GAME]
[PhaseBasedEnsemblePlayer,Catan_1,Catan_2]
[LLMActionPlayer] API call took 548 ms (model=OPENROUTER size=LARGE)
[LLMActionPlayer] API call took 713 ms (model=OPENROUTER size=LARGE)
[LLMActionPlayer] API call took 681 ms (model=OPENROUTER size=LARGE)
[LLMActionPlayer] API call took 588 ms (model=OPENROUTER size=LARGE)
[LLMActionPlayer] API call took 570 ms (model=OPENROUTER size=LARGE)
[LLMActionPlayer] API call took 869 ms (model=OPENROUTER size=LARGE)
[LLMActionPlayer] API call took 805 ms (model=OPENROUTER size=LARGE)
[LLMActionPlayer] API call took 1117 ms (model=OPENROUTER size=LARGE)
[LLMActionPlayer] API call took 630 ms (model=OPENROUTER size=LARGE)
[LLMActionPlayer] API call took 626 ms (model=OPENROUTER size=LARGE)
[LLMActionPlayer] API call took 685 ms (model=OPENROUTER size=LARGE)
[LLMActionPlayer] API call took 521 ms (model=OPENROUTER size=LARGE)
[LLMActionPlayer] API call took 687 ms (model=OPENROUTER size=LARGE)
[LLMActionPlayer] API call took 684 ms (model=OPENROUTER size=LARGE)
[LLMActionPlayer] API call took 557 ms (model=OPENROUTER size=LARGE)
[LLMActionPlayer] API call took 526 ms (model=OPENROUTER size=LARGE)
[LOSE_GAME,LOSE_GAME,WIN_GAME]
[LLMActionPlayer] API call took 671 ms (model=OPENROUTER size=LARGE)
[LLMActionPlayer] API call took 493 ms (model=OPENROUTER size=LARGE)
[LLMActionPlayer] API call took 531 ms (model=OPENROUTER size=LARGE)
[LLMActionPlayer] API call took 575 ms (model=OPENROUTER size=LARGE)
[LLMActionPlayer] API call took 494 ms (model=OPENROUTER size=LARGE)
[LLMActionPlayer] API call took 1111 ms (model=OPENROUTER size=LARGE)
[LLMActionPlayer] API call took 677 ms (model=OPENROUTER size=LARGE)
[LLMActionPlayer] API call took 795 ms (model=OPENROUTER size=LARGE)
[LLMActionPlayer] API call took 691 ms (model=OPENROUTER size=LARGE)
[LLMActionPlayer] API call took 549 ms (model=OPENROUTER size=LARGE)
[LLMActionPlayer] API call took 863 ms (model=OPENROUTER size=LARGE)
[LLMActionPlayer] API call took 517 ms (model=OPENROUTER size=LARGE)
[LLMActionPlayer] API call took 573 ms (model=OPENROUTER size=LARGE)
[LLMActionPlayer] API call took 692 ms (model=OPENROUTER size=LARGE)
[LLMActionPlayer] API call took 558 ms (model=OPENROUTER size=LARGE)
[LLMActionPlayer] API call took 565 ms (model=OPENROUTER size=LARGE)
[LLMActionPlayer] API call took 580 ms (model=OPENROUTER size=LARGE)
[LLMActionPlayer] API call took 504 ms (model=OPENROUTER size=LARGE)
[LLMActionPlayer] API call took 709 ms (model=OPENROUTER size=LARGE)
[LLMActionPlayer] API call took 593 ms (model=OPENROUTER size=LARGE)
[LLMActionPlayer] API call took 602 ms (model=OPENROUTER size=LARGE)
[LLMActionPlayer] API call took 567 ms (model=OPENROUTER size=LARGE)
[LLMActionPlayer] API call took 564 ms (model=OPENROUTER size=LARGE)
[LLMActionPlayer] API call took 656 ms (model=OPENROUTER size=LARGE)
[LLMActionPlayer] API call took 587 ms (model=OPENROUTER size=LARGE)
[LLMActionPlayer] API call took 607 ms (model=OPENROUTER size=LARGE)
[LLMActionPlayer] API call took 629 ms (model=OPENROUTER size=LARGE)
[LLMActionPlayer] API call took 511 ms (model=OPENROUTER size=LARGE)
[LLMActionPlayer] API call took 580 ms (model=OPENROUTER size=LARGE)
[LLMActionPlayer] API call took 756 ms (model=OPENROUTER size=LARGE)
[LLMActionPlayer] API call took 585 ms (model=OPENROUTER size=LARGE)
[LLMActionPlayer] API call took 512 ms (model=OPENROUTER size=LARGE)
[LLMActionPlayer] API call took 522 ms (model=OPENROUTER size=LARGE)
[LLMActionPlayer] API call took 731 ms (model=OPENROUTER size=LARGE)
[WIN_GAME,LOSE_GAME,LOSE_GAME]
[LLMActionPlayer] API call took 666 ms (model=OPENROUTER size=LARGE)
[LLMActionPlayer] API call took 640 ms (model=OPENROUTER size=LARGE)
[LLMActionPlayer] API call took 701 ms (model=OPENROUTER size=LARGE)
[LLMActionPlayer] API call took 987 ms (model=OPENROUTER size=LARGE)
[LLMActionPlayer] API call took 596 ms (model=OPENROUTER size=LARGE)
[LLMActionPlayer] API call took 703 ms (model=OPENROUTER size=LARGE)
[LLMActionPlayer] API call took 671 ms (model=OPENROUTER size=LARGE)
[LLMActionPlayer] API call took 912 ms (model=OPENROUTER size=LARGE)
[LLMActionPlayer] API call took 686 ms (model=OPENROUTER size=LARGE)
[LLMActionPlayer] API call took 698 ms (model=OPENROUTER size=LARGE)
[LLMActionPlayer] API call took 640 ms (model=OPENROUTER size=LARGE)
[LLMActionPlayer] API call took 530 ms (model=OPENROUTER size=LARGE)
[LLMActionPlayer] API call took 1128 ms (model=OPENROUTER size=LARGE)
[LLMActionPlayer] API call took 634 ms (model=OPENROUTER size=LARGE)
[LLMActionPlayer] API call took 667 ms (model=OPENROUTER size=LARGE)
[LLMActionPlayer] API call took 549 ms (model=OPENROUTER size=LARGE)
[LLMActionPlayer] API call took 611 ms (model=OPENROUTER size=LARGE)
[LLMActionPlayer] API call took 681 ms (model=OPENROUTER size=LARGE)
[LLMActionPlayer] API call took 1005 ms (model=OPENROUTER size=LARGE)
[LLMActionPlayer] API call took 557 ms (model=OPENROUTER size=LARGE)
[LLMActionPlayer] API call took 728 ms (model=OPENROUTER size=LARGE)
[LLMActionPlayer] API call took 528 ms (model=OPENROUTER size=LARGE)
[LLMActionPlayer] API call took 571 ms (model=OPENROUTER size=LARGE)
[LLMActionPlayer] API call took 803 ms (model=OPENROUTER size=LARGE)
[LLMActionPlayer] API call took 502 ms (model=OPENROUTER size=LARGE)
[LLMActionPlayer] API call took 980 ms (model=OPENROUTER size=LARGE)
[LLMActionPlayer] API call took 602 ms (model=OPENROUTER size=LARGE)
[LLMActionPlayer] API call took 983 ms (model=OPENROUTER size=LARGE)
[LLMActionPlayer] API call took 644 ms (model=OPENROUTER size=LARGE)
[LLMActionPlayer] API call took 860 ms (model=OPENROUTER size=LARGE)
[LLMActionPlayer] API call took 555 ms (model=OPENROUTER size=LARGE)
[LLMActionPlayer] API call took 679 ms (model=OPENROUTER size=LARGE)
[LLMActionPlayer] API call took 703 ms (model=OPENROUTER size=LARGE)
[LLMActionPlayer] API call took 745 ms (model=OPENROUTER size=LARGE)
[WIN_GAME,LOSE_GAME,LOSE_GAME]
[LLMActionPlayer] API call took 566 ms (model=OPENROUTER size=LARGE)
[LLMActionPlayer] API call took 1127 ms (model=OPENROUTER size=LARGE)
[LLMActionPlayer] API call took 485 ms (model=OPENROUTER size=LARGE)
[LLMActionPlayer] API call took 658 ms (model=OPENROUTER size=LARGE)
[LLMActionPlayer] API call took 547 ms (model=OPENROUTER size=LARGE)
[LLMActionPlayer] API call took 556 ms (model=OPENROUTER size=LARGE)
[LLMActionPlayer] API call took 526 ms (model=OPENROUTER size=LARGE)
[LLMActionPlayer] API call took 601 ms (model=OPENROUTER size=LARGE)
[LLMActionPlayer] API call took 542 ms (model=OPENROUTER size=LARGE)
[LLMActionPlayer] API call took 576 ms (model=OPENROUTER size=LARGE)
[LLMActionPlayer] API call took 850 ms (model=OPENROUTER size=LARGE)
[LLMActionPlayer] API call took 550 ms (model=OPENROUTER size=LARGE)
[LLMActionPlayer] API call took 566 ms (model=OPENROUTER size=LARGE)
[LLMActionPlayer] API call took 772 ms (model=OPENROUTER size=LARGE)
[LLMActionPlayer] API call took 572 ms (model=OPENROUTER size=LARGE)
[LLMActionPlayer] API call took 717 ms (model=OPENROUTER size=LARGE)
[LLMActionPlayer] API call took 567 ms (model=OPENROUTER size=LARGE)
[LLMActionPlayer] API call took 681 ms (model=OPENROUTER size=LARGE)
[LLMActionPlayer] API call took 691 ms (model=OPENROUTER size=LARGE)
[LLMActionPlayer] API call took 490 ms (model=OPENROUTER size=LARGE)
[LLMActionPlayer] API call took 718 ms (model=OPENROUTER size=LARGE)
[LLMActionPlayer] API call took 549 ms (model=OPENROUTER size=LARGE)
[LLMActionPlayer] API call took 555 ms (model=OPENROUTER size=LARGE)
[LLMActionPlayer] API call took 723 ms (model=OPENROUTER size=LARGE)
[LLMActionPlayer] API call took 672 ms (model=OPENROUTER size=LARGE)
[LLMActionPlayer] API call took 531 ms (model=OPENROUTER size=LARGE)
[LLMActionPlayer] API call took 744 ms (model=OPENROUTER size=LARGE)
[LLMActionPlayer] API call took 655 ms (model=OPENROUTER size=LARGE)
[LLMActionPlayer] API call took 610 ms (model=OPENROUTER size=LARGE)
[LLMActionPlayer] API call took 585 ms (model=OPENROUTER size=LARGE)
[LLMActionPlayer] API call took 565 ms (model=OPENROUTER size=LARGE)
[LLMActionPlayer] API call took 1293 ms (model=OPENROUTER size=LARGE)
[LLMActionPlayer] API call took 626 ms (model=OPENROUTER size=LARGE)
[LLMActionPlayer] API call took 708 ms (model=OPENROUTER size=LARGE)
[LLMActionPlayer] API call took 914 ms (model=OPENROUTER size=LARGE)
[LLMActionPlayer] API call took 825 ms (model=OPENROUTER size=LARGE)
[LLMActionPlayer] API call took 554 ms (model=OPENROUTER size=LARGE)
[LOSE_GAME,LOSE_GAME,WIN_GAME]
[LLMActionPlayer] API call took 614 ms (model=OPENROUTER size=LARGE)
[LLMActionPlayer] API call took 636 ms (model=OPENROUTER size=LARGE)
[LLMActionPlayer] API call took 1113 ms (model=OPENROUTER size=LARGE)
[LLMActionPlayer] API call took 703 ms (model=OPENROUTER size=LARGE)
[LLMActionPlayer] API call took 538 ms (model=OPENROUTER size=LARGE)
[LLMActionPlayer] API call took 486 ms (model=OPENROUTER size=LARGE)
[LLMActionPlayer] API call took 678 ms (model=OPENROUTER size=LARGE)
[LLMActionPlayer] API call took 638 ms (model=OPENROUTER size=LARGE)
[LLMActionPlayer] API call took 678 ms (model=OPENROUTER size=LARGE)
[LLMActionPlayer] API call took 696 ms (model=OPENROUTER size=LARGE)
[LLMActionPlayer] API call took 460 ms (model=OPENROUTER size=LARGE)
[LLMActionPlayer] API call took 694 ms (model=OPENROUTER size=LARGE)
[LLMActionPlayer] API call took 671 ms (model=OPENROUTER size=LARGE)
[LLMActionPlayer] API call took 727 ms (model=OPENROUTER size=LARGE)
[LLMActionPlayer] API call took 668 ms (model=OPENROUTER size=LARGE)
[LLMActionPlayer] API call took 518 ms (model=OPENROUTER size=LARGE)
[LLMActionPlayer] API call took 574 ms (model=OPENROUTER size=LARGE)
[LLMActionPlayer] API call took 850 ms (model=OPENROUTER size=LARGE)
[LLMActionPlayer] API call took 526 ms (model=OPENROUTER size=LARGE)
[LLMActionPlayer] API call took 553 ms (model=OPENROUTER size=LARGE)
[LLMActionPlayer] API call took 660 ms (model=OPENROUTER size=LARGE)
[LLMActionPlayer] API call took 640 ms (model=OPENROUTER size=LARGE)
[LLMActionPlayer] API call took 558 ms (model=OPENROUTER size=LARGE)
[LLMActionPlayer] API call took 753 ms (model=OPENROUTER size=LARGE)
[LLMActionPlayer] API call took 686 ms (model=OPENROUTER size=LARGE)
[LLMActionPlayer] API call took 694 ms (model=OPENROUTER size=LARGE)
[LLMActionPlayer] API call took 558 ms (model=OPENROUTER size=LARGE)
[LLMActionPlayer] API call took 585 ms (model=OPENROUTER size=LARGE)
[WIN_GAME,LOSE_GAME,LOSE_GAME]
[LLMActionPlayer] API call took 752 ms (model=OPENROUTER size=LARGE)
[LLMActionPlayer] API call took 588 ms (model=OPENROUTER size=LARGE)
[LLMActionPlayer] API call took 817 ms (model=OPENROUTER size=LARGE)
[LLMActionPlayer] API call took 502 ms (model=OPENROUTER size=LARGE)
[LLMActionPlayer] API call took 473 ms (model=OPENROUTER size=LARGE)
[LLMActionPlayer] API call took 558 ms (model=OPENROUTER size=LARGE)
[LLMActionPlayer] API call took 493 ms (model=OPENROUTER size=LARGE)
[LLMActionPlayer] API call took 749 ms (model=OPENROUTER size=LARGE)
[LLMActionPlayer] API call took 502 ms (model=OPENROUTER size=LARGE)
[LLMActionPlayer] API call took 580 ms (model=OPENROUTER size=LARGE)
[LLMActionPlayer] API call took 555 ms (model=OPENROUTER size=LARGE)
[LLMActionPlayer] API call took 517 ms (model=OPENROUTER size=LARGE)
[LLMActionPlayer] API call took 745 ms (model=OPENROUTER size=LARGE)
[LLMActionPlayer] API call took 887 ms (model=OPENROUTER size=LARGE)
[LLMActionPlayer] API call took 682 ms (model=OPENROUTER size=LARGE)
[LLMActionPlayer] API call took 563 ms (model=OPENROUTER size=LARGE)
[LLMActionPlayer] API call took 779 ms (model=OPENROUTER size=LARGE)
[LLMActionPlayer] API call took 541 ms (model=OPENROUTER size=LARGE)
[LLMActionPlayer] API call took 699 ms (model=OPENROUTER size=LARGE)
[LLMActionPlayer] API call took 531 ms (model=OPENROUTER size=LARGE)
[LLMActionPlayer] API call took 584 ms (model=OPENROUTER size=LARGE)
[LLMActionPlayer] API call took 571 ms (model=OPENROUTER size=LARGE)
[LLMActionPlayer] API call took 768 ms (model=OPENROUTER size=LARGE)
[LLMActionPlayer] API call took 486 ms (model=OPENROUTER size=LARGE)
[LLMActionPlayer] API call took 719 ms (model=OPENROUTER size=LARGE)
[WIN_GAME,LOSE_GAME,LOSE_GAME]
[LLMActionPlayer] API call took 774 ms (model=OPENROUTER size=LARGE)
[LLMActionPlayer] API call took 601 ms (model=OPENROUTER size=LARGE)
[LLMActionPlayer] API call took 672 ms (model=OPENROUTER size=LARGE)
[LLMActionPlayer] API call took 565 ms (model=OPENROUTER size=LARGE)
[LLMActionPlayer] API call took 681 ms (model=OPENROUTER size=LARGE)
[LLMActionPlayer] API call took 704 ms (model=OPENROUTER size=LARGE)
[LLMActionPlayer] API call took 596 ms (model=OPENROUTER size=LARGE)
[LLMActionPlayer] API call took 1281 ms (model=OPENROUTER size=LARGE)
[LLMActionPlayer] API call took 524 ms (model=OPENROUTER size=LARGE)
[LLMActionPlayer] API call took 580 ms (model=OPENROUTER size=LARGE)
[LLMActionPlayer] API call took 521 ms (model=OPENROUTER size=LARGE)
[LLMActionPlayer] API call took 546 ms (model=OPENROUTER size=LARGE)
[LLMActionPlayer] API call took 826 ms (model=OPENROUTER size=LARGE)
[LLMActionPlayer] API call took 544 ms (model=OPENROUTER size=LARGE)
[LLMActionPlayer] API call took 605 ms (model=OPENROUTER size=LARGE)
[LLMActionPlayer] API call took 571 ms (model=OPENROUTER size=LARGE)
[LLMActionPlayer] API call took 673 ms (model=OPENROUTER size=LARGE)
[LLMActionPlayer] API call took 651 ms (model=OPENROUTER size=LARGE)
[LLMActionPlayer] API call took 540 ms (model=OPENROUTER size=LARGE)
[LLMActionPlayer] API call took 568 ms (model=OPENROUTER size=LARGE)
[LOSE_GAME,WIN_GAME,LOSE_GAME]
[LLMActionPlayer] API call took 518 ms (model=OPENROUTER size=LARGE)
[LLMActionPlayer] API call took 533 ms (model=OPENROUTER size=LARGE)
[LLMActionPlayer] API call took 749 ms (model=OPENROUTER size=LARGE)
[LLMActionPlayer] API call took 557 ms (model=OPENROUTER size=LARGE)
[LLMActionPlayer] API call took 661 ms (model=OPENROUTER size=LARGE)
[LLMActionPlayer] API call took 550 ms (model=OPENROUTER size=LARGE)
[LLMActionPlayer] API call took 695 ms (model=OPENROUTER size=LARGE)
[LLMActionPlayer] API call took 518 ms (model=OPENROUTER size=LARGE)
[LLMActionPlayer] API call took 573 ms (model=OPENROUTER size=LARGE)
[LLMActionPlayer] API call took 607 ms (model=OPENROUTER size=LARGE)
[LLMActionPlayer] API call took 579 ms (model=OPENROUTER size=LARGE)
[LLMActionPlayer] API call took 606 ms (model=OPENROUTER size=LARGE)
[LLMActionPlayer] API call took 504 ms (model=OPENROUTER size=LARGE)
[LLMActionPlayer] API call took 865 ms (model=OPENROUTER size=LARGE)
[LLMActionPlayer] API call took 549 ms (model=OPENROUTER size=LARGE)
[LLMActionPlayer] API call took 662 ms (model=OPENROUTER size=LARGE)
[LLMActionPlayer] API call took 707 ms (model=OPENROUTER size=LARGE)
[LLMActionPlayer] API call took 1159 ms (model=OPENROUTER size=LARGE)
[LLMActionPlayer] API call took 612 ms (model=OPENROUTER size=LARGE)
[LLMActionPlayer] API call took 671 ms (model=OPENROUTER size=LARGE)
[LLMActionPlayer] API call took 687 ms (model=OPENROUTER size=LARGE)
[LLMActionPlayer] API call took 605 ms (model=OPENROUTER size=LARGE)
[LLMActionPlayer] API call took 621 ms (model=OPENROUTER size=LARGE)
[LLMActionPlayer] API call took 505 ms (model=OPENROUTER size=LARGE)
[LLMActionPlayer] API call took 535 ms (model=OPENROUTER size=LARGE)
[LLMActionPlayer] API call took 547 ms (model=OPENROUTER size=LARGE)
[LLMActionPlayer] API call took 577 ms (model=OPENROUTER size=LARGE)
[LLMActionPlayer] API call took 600 ms (model=OPENROUTER size=LARGE)
[LLMActionPlayer] API call took 702 ms (model=OPENROUTER size=LARGE)
[LLMActionPlayer] API call took 690 ms (model=OPENROUTER size=LARGE)
[LLMActionPlayer] API call took 544 ms (model=OPENROUTER size=LARGE)
[LLMActionPlayer] API call took 601 ms (model=OPENROUTER size=LARGE)
[LLMActionPlayer] API call took 686 ms (model=OPENROUTER size=LARGE)
[LLMActionPlayer] API call took 715 ms (model=OPENROUTER size=LARGE)
[LLMActionPlayer] API call took 549 ms (model=OPENROUTER size=LARGE)
[LLMActionPlayer] API call took 565 ms (model=OPENROUTER size=LARGE)
[LLMActionPlayer] API call took 545 ms (model=OPENROUTER size=LARGE)
[LOSE_GAME,LOSE_GAME,WIN_GAME]
[LLMActionPlayer] API call took 908 ms (model=OPENROUTER size=LARGE)
[LLMActionPlayer] API call took 606 ms (model=OPENROUTER size=LARGE)
[LLMActionPlayer] API call took 530 ms (model=OPENROUTER size=LARGE)
[LLMActionPlayer] API call took 697 ms (model=OPENROUTER size=LARGE)
[LLMActionPlayer] API call took 452 ms (model=OPENROUTER size=LARGE)
[LLMActionPlayer] API call took 723 ms (model=OPENROUTER size=LARGE)
[LLMActionPlayer] API call took 523 ms (model=OPENROUTER size=LARGE)
[LLMActionPlayer] API call took 647 ms (model=OPENROUTER size=LARGE)
[LLMActionPlayer] API call took 621 ms (model=OPENROUTER size=LARGE)
[LLMActionPlayer] API call took 548 ms (model=OPENROUTER size=LARGE)
[LLMActionPlayer] API call took 475 ms (model=OPENROUTER size=LARGE)
[LLMActionPlayer] API call took 808 ms (model=OPENROUTER size=LARGE)
[LLMActionPlayer] API call took 509 ms (model=OPENROUTER size=LARGE)
[LLMActionPlayer] API call took 820 ms (model=OPENROUTER size=LARGE)
[LLMActionPlayer] API call took 735 ms (model=OPENROUTER size=LARGE)
[LLMActionPlayer] API call took 581 ms (model=OPENROUTER size=LARGE)
[LLMActionPlayer] API call took 541 ms (model=OPENROUTER size=LARGE)
[LLMActionPlayer] API call took 784 ms (model=OPENROUTER size=LARGE)
[LLMActionPlayer] API call took 682 ms (model=OPENROUTER size=LARGE)
[LLMActionPlayer] API call took 539 ms (model=OPENROUTER size=LARGE)
[LLMActionPlayer] API call took 643 ms (model=OPENROUTER size=LARGE)
[LLMActionPlayer] API call took 574 ms (model=OPENROUTER size=LARGE)
[LLMActionPlayer] API call took 637 ms (model=OPENROUTER size=LARGE)
[LLMActionPlayer] API call took 483 ms (model=OPENROUTER size=LARGE)
[LLMActionPlayer] API call took 672 ms (model=OPENROUTER size=LARGE)
[LLMActionPlayer] API call took 438 ms (model=OPENROUTER size=LARGE)
[LLMActionPlayer] API call took 558 ms (model=OPENROUTER size=LARGE)
[LLMActionPlayer] API call took 1140 ms (model=OPENROUTER size=LARGE)
[LLMActionPlayer] API call took 659 ms (model=OPENROUTER size=LARGE)
[LLMActionPlayer] API call took 646 ms (model=OPENROUTER size=LARGE)
[LLMActionPlayer] API call took 549 ms (model=OPENROUTER size=LARGE)
[LLMActionPlayer] API call took 799 ms (model=OPENROUTER size=LARGE)
[LLMActionPlayer] API call took 729 ms (model=OPENROUTER size=LARGE)
[LLMActionPlayer] API call took 617 ms (model=OPENROUTER size=LARGE)
[LOSE_GAME,WIN_GAME,LOSE_GAME]
[LLMActionPlayer] API call took 504 ms (model=OPENROUTER size=LARGE)
[LLMActionPlayer] API call took 516 ms (model=OPENROUTER size=LARGE)
[LLMActionPlayer] API call took 616 ms (model=OPENROUTER size=LARGE)
[LLMActionPlayer] API call took 679 ms (model=OPENROUTER size=LARGE)
[LLMActionPlayer] API call took 561 ms (model=OPENROUTER size=LARGE)
[LLMActionPlayer] API call took 553 ms (model=OPENROUTER size=LARGE)
[LLMActionPlayer] API call took 541 ms (model=OPENROUTER size=LARGE)
[LLMActionPlayer] API call took 902 ms (model=OPENROUTER size=LARGE)
[LLMActionPlayer] API call took 711 ms (model=OPENROUTER size=LARGE)
[LLMActionPlayer] API call took 534 ms (model=OPENROUTER size=LARGE)
[LLMActionPlayer] API call took 707 ms (model=OPENROUTER size=LARGE)
[LLMActionPlayer] API call took 686 ms (model=OPENROUTER size=LARGE)
[LLMActionPlayer] API call took 625 ms (model=OPENROUTER size=LARGE)
[LLMActionPlayer] API call took 1307 ms (model=OPENROUTER size=LARGE)
[LLMActionPlayer] API call took 670 ms (model=OPENROUTER size=LARGE)
[LLMActionPlayer] API call took 466 ms (model=OPENROUTER size=LARGE)
[LLMActionPlayer] API call took 614 ms (model=OPENROUTER size=LARGE)
[LLMActionPlayer] API call took 564 ms (model=OPENROUTER size=LARGE)
[LLMActionPlayer] API call took 694 ms (model=OPENROUTER size=LARGE)
[LLMActionPlayer] API call took 701 ms (model=OPENROUTER size=LARGE)
[LLMActionPlayer] API call took 718 ms (model=OPENROUTER size=LARGE)
[LOSE_GAME,LOSE_GAME,WIN_GAME]
[LLMActionPlayer] API call took 542 ms (model=OPENROUTER size=LARGE)
[LLMActionPlayer] API call took 555 ms (model=OPENROUTER size=LARGE)
[LLMActionPlayer] API call took 529 ms (model=OPENROUTER size=LARGE)
[LLMActionPlayer] API call took 760 ms (model=OPENROUTER size=LARGE)
[LLMActionPlayer] API call took 716 ms (model=OPENROUTER size=LARGE)
[LLMActionPlayer] API call took 576 ms (model=OPENROUTER size=LARGE)
[LLMActionPlayer] API call took 670 ms (model=OPENROUTER size=LARGE)
[LLMActionPlayer] API call took 565 ms (model=OPENROUTER size=LARGE)
[LLMActionPlayer] API call took 811 ms (model=OPENROUTER size=LARGE)
[LLMActionPlayer] API call took 586 ms (model=OPENROUTER size=LARGE)
[LLMActionPlayer] API call took 582 ms (model=OPENROUTER size=LARGE)
[LLMActionPlayer] API call took 573 ms (model=OPENROUTER size=LARGE)
[LLMActionPlayer] API call took 692 ms (model=OPENROUTER size=LARGE)
[LLMActionPlayer] API call took 551 ms (model=OPENROUTER size=LARGE)
[LLMActionPlayer] API call took 480 ms (model=OPENROUTER size=LARGE)
[LLMActionPlayer] API call took 806 ms (model=OPENROUTER size=LARGE)
[LLMActionPlayer] API call took 853 ms (model=OPENROUTER size=LARGE)
[LLMActionPlayer] API call took 533 ms (model=OPENROUTER size=LARGE)
[LLMActionPlayer] API call took 1072 ms (model=OPENROUTER size=LARGE)
[LLMActionPlayer] API call took 543 ms (model=OPENROUTER size=LARGE)
[LOSE_GAME,LOSE_GAME,WIN_GAME]
[LLMActionPlayer] API call took 874 ms (model=OPENROUTER size=LARGE)
[LLMActionPlayer] API call took 724 ms (model=OPENROUTER size=LARGE)
[LLMActionPlayer] API call took 778 ms (model=OPENROUTER size=LARGE)
[LLMActionPlayer] API call took 485 ms (model=OPENROUTER size=LARGE)
[LLMActionPlayer] API call took 473 ms (model=OPENROUTER size=LARGE)
[LLMActionPlayer] API call took 590 ms (model=OPENROUTER size=LARGE)
[LLMActionPlayer] API call took 818 ms (model=OPENROUTER size=LARGE)
[LLMActionPlayer] API call took 637 ms (model=OPENROUTER size=LARGE)
[LLMActionPlayer] API call took 591 ms (model=OPENROUTER size=LARGE)
[LLMActionPlayer] API call took 605 ms (model=OPENROUTER size=LARGE)
[LLMActionPlayer] API call took 482 ms (model=OPENROUTER size=LARGE)
[LLMActionPlayer] API call took 752 ms (model=OPENROUTER size=LARGE)
[LLMActionPlayer] API call took 596 ms (model=OPENROUTER size=LARGE)
[LLMActionPlayer] API call took 520 ms (model=OPENROUTER size=LARGE)
[LLMActionPlayer] API call took 852 ms (model=OPENROUTER size=LARGE)
[LLMActionPlayer] API call took 489 ms (model=OPENROUTER size=LARGE)
[LLMActionPlayer] API call took 518 ms (model=OPENROUTER size=LARGE)
[LLMActionPlayer] API call took 658 ms (model=OPENROUTER size=LARGE)
[LLMActionPlayer] API call took 667 ms (model=OPENROUTER size=LARGE)
[LOSE_GAME,LOSE_GAME,WIN_GAME]
[LLMActionPlayer] API call took 573 ms (model=OPENROUTER size=LARGE)
[LLMActionPlayer] API call took 565 ms (model=OPENROUTER size=LARGE)
[LLMActionPlayer] API call took 758 ms (model=OPENROUTER size=LARGE)
[LLMActionPlayer] API call took 576 ms (model=OPENROUTER size=LARGE)
[LLMActionPlayer] API call took 605 ms (model=OPENROUTER size=LARGE)
[LLMActionPlayer] API call took 727 ms (model=OPENROUTER size=LARGE)
[LLMActionPlayer] API call took 545 ms (model=OPENROUTER size=LARGE)
[LLMActionPlayer] API call took 510 ms (model=OPENROUTER size=LARGE)
[LLMActionPlayer] API call took 577 ms (model=OPENROUTER size=LARGE)
[LLMActionPlayer] API call took 444 ms (model=OPENROUTER size=LARGE)
[LLMActionPlayer] API call took 782 ms (model=OPENROUTER size=LARGE)
[LLMActionPlayer] API call took 573 ms (model=OPENROUTER size=LARGE)
[LLMActionPlayer] API call took 485 ms (model=OPENROUTER size=LARGE)
[LLMActionPlayer] API call took 681 ms (model=OPENROUTER size=LARGE)
[LLMActionPlayer] API call took 904 ms (model=OPENROUTER size=LARGE)
[LLMActionPlayer] API call took 943 ms (model=OPENROUTER size=LARGE)
[LLMActionPlayer] API call took 692 ms (model=OPENROUTER size=LARGE)
[LLMActionPlayer] API call took 777 ms (model=OPENROUTER size=LARGE)
[LLMActionPlayer] API call took 562 ms (model=OPENROUTER size=LARGE)
[LLMActionPlayer] API call took 492 ms (model=OPENROUTER size=LARGE)
[LLMActionPlayer] API call took 1193 ms (model=OPENROUTER size=LARGE)
[LLMActionPlayer] API call took 678 ms (model=OPENROUTER size=LARGE)
[LLMActionPlayer] API call took 553 ms (model=OPENROUTER size=LARGE)
[LLMActionPlayer] API call took 616 ms (model=OPENROUTER size=LARGE)
[LLMActionPlayer] API call took 624 ms (model=OPENROUTER size=LARGE)
[LLMActionPlayer] API call took 631 ms (model=OPENROUTER size=LARGE)
[LLMActionPlayer] API call took 539 ms (model=OPENROUTER size=LARGE)
[LLMActionPlayer] API call took 728 ms (model=OPENROUTER size=LARGE)
[LLMActionPlayer] API call took 556 ms (model=OPENROUTER size=LARGE)
[LLMActionPlayer] API call took 847 ms (model=OPENROUTER size=LARGE)
[LLMActionPlayer] API call took 671 ms (model=OPENROUTER size=LARGE)
[LLMActionPlayer] API call took 555 ms (model=OPENROUTER size=LARGE)
[LLMActionPlayer] API call took 811 ms (model=OPENROUTER size=LARGE)
[LLMActionPlayer] API call took 573 ms (model=OPENROUTER size=LARGE)
[LLMActionPlayer] API call took 695 ms (model=OPENROUTER size=LARGE)
[LLMActionPlayer] API call took 697 ms (model=OPENROUTER size=LARGE)
[LLMActionPlayer] API call took 455 ms (model=OPENROUTER size=LARGE)
[LLMActionPlayer] API call took 525 ms (model=OPENROUTER size=LARGE)
[LLMActionPlayer] API call took 540 ms (model=OPENROUTER size=LARGE)
[LLMActionPlayer] API call took 534 ms (model=OPENROUTER size=LARGE)
[LLMActionPlayer] API call took 1136 ms (model=OPENROUTER size=LARGE)
[LLMActionPlayer] API call took 507 ms (model=OPENROUTER size=LARGE)
[LLMActionPlayer] API call took 520 ms (model=OPENROUTER size=LARGE)
[LLMActionPlayer] API call took 686 ms (model=OPENROUTER size=LARGE)
[LLMActionPlayer] API call took 700 ms (model=OPENROUTER size=LARGE)
[LLMActionPlayer] API call took 706 ms (model=OPENROUTER size=LARGE)
[LLMActionPlayer] API call took 576 ms (model=OPENROUTER size=LARGE)
[LLMActionPlayer] API call took 518 ms (model=OPENROUTER size=LARGE)
[LLMActionPlayer] API call took 594 ms (model=OPENROUTER size=LARGE)
[LLMActionPlayer] API call took 828 ms (model=OPENROUTER size=LARGE)
[LLMActionPlayer] API call took 723 ms (model=OPENROUTER size=LARGE)
[LLMActionPlayer] API call took 689 ms (model=OPENROUTER size=LARGE)
[LLMActionPlayer] API call took 470 ms (model=OPENROUTER size=LARGE)
[LLMActionPlayer] API call took 613 ms (model=OPENROUTER size=LARGE)
[LLMActionPlayer] API call took 1086 ms (model=OPENROUTER size=LARGE)
[LLMActionPlayer] API call took 638 ms (model=OPENROUTER size=LARGE)
[LLMActionPlayer] API call took 509 ms (model=OPENROUTER size=LARGE)
[LLMActionPlayer] API call took 603 ms (model=OPENROUTER size=LARGE)
[WIN_GAME,LOSE_GAME,LOSE_GAME]
[LLMActionPlayer] API call took 592 ms (model=OPENROUTER size=LARGE)
[LLMActionPlayer] API call took 469 ms (model=OPENROUTER size=LARGE)
[LLMActionPlayer] API call took 654 ms (model=OPENROUTER size=LARGE)
[LLMActionPlayer] API call took 471 ms (model=OPENROUTER size=LARGE)
[LLMActionPlayer] API call took 687 ms (model=OPENROUTER size=LARGE)
[LLMActionPlayer] API call took 654 ms (model=OPENROUTER size=LARGE)
[LLMActionPlayer] API call took 634 ms (model=OPENROUTER size=LARGE)
[LLMActionPlayer] API call took 531 ms (model=OPENROUTER size=LARGE)
[LLMActionPlayer] API call took 688 ms (model=OPENROUTER size=LARGE)
[LLMActionPlayer] API call took 442 ms (model=OPENROUTER size=LARGE)
[LLMActionPlayer] API call took 563 ms (model=OPENROUTER size=LARGE)
[LLMActionPlayer] API call took 599 ms (model=OPENROUTER size=LARGE)
[LLMActionPlayer] API call took 573 ms (model=OPENROUTER size=LARGE)
[LLMActionPlayer] API call took 759 ms (model=OPENROUTER size=LARGE)
[LLMActionPlayer] API call took 647 ms (model=OPENROUTER size=LARGE)
[LLMActionPlayer] API call took 598 ms (model=OPENROUTER size=LARGE)
[LLMActionPlayer] API call took 572 ms (model=OPENROUTER size=LARGE)
[LLMActionPlayer] API call took 581 ms (model=OPENROUTER size=LARGE)
[LLMActionPlayer] API call took 548 ms (model=OPENROUTER size=LARGE)
[LLMActionPlayer] API call took 458 ms (model=OPENROUTER size=LARGE)
[LLMActionPlayer] API call took 582 ms (model=OPENROUTER size=LARGE)
[LLMActionPlayer] API call took 726 ms (model=OPENROUTER size=LARGE)
[WIN_GAME,LOSE_GAME,LOSE_GAME]
[LLMActionPlayer] API call took 695 ms (model=OPENROUTER size=LARGE)
[LLMActionPlayer] API call took 565 ms (model=OPENROUTER size=LARGE)
[LLMActionPlayer] API call took 594 ms (model=OPENROUTER size=LARGE)
[LLMActionPlayer] API call took 717 ms (model=OPENROUTER size=LARGE)
[LLMActionPlayer] API call took 1061 ms (model=OPENROUTER size=LARGE)
[LLMActionPlayer] API call took 677 ms (model=OPENROUTER size=LARGE)
[LLMActionPlayer] API call took 688 ms (model=OPENROUTER size=LARGE)
[LLMActionPlayer] API call took 673 ms (model=OPENROUTER size=LARGE)
[LLMActionPlayer] API call took 618 ms (model=OPENROUTER size=LARGE)
[LLMActionPlayer] API call took 582 ms (model=OPENROUTER size=LARGE)
[LLMActionPlayer] API call took 668 ms (model=OPENROUTER size=LARGE)
[LLMActionPlayer] API call took 460 ms (model=OPENROUTER size=LARGE)
[LLMActionPlayer] API call took 559 ms (model=OPENROUTER size=LARGE)
[LLMActionPlayer] API call took 571 ms (model=OPENROUTER size=LARGE)
[LLMActionPlayer] API call took 552 ms (model=OPENROUTER size=LARGE)
[LLMActionPlayer] API call took 530 ms (model=OPENROUTER size=LARGE)
[LLMActionPlayer] API call took 683 ms (model=OPENROUTER size=LARGE)
[LLMActionPlayer] API call took 536 ms (model=OPENROUTER size=LARGE)
[LLMActionPlayer] API call took 984 ms (model=OPENROUTER size=LARGE)
[LLMActionPlayer] API call took 574 ms (model=OPENROUTER size=LARGE)
[LLMActionPlayer] API call took 573 ms (model=OPENROUTER size=LARGE)
[LLMActionPlayer] API call took 582 ms (model=OPENROUTER size=LARGE)
[LLMActionPlayer] API call took 882 ms (model=OPENROUTER size=LARGE)
[LLMActionPlayer] API call took 729 ms (model=OPENROUTER size=LARGE)
[LLMActionPlayer] API call took 1121 ms (model=OPENROUTER size=LARGE)
[LLMActionPlayer] API call took 884 ms (model=OPENROUTER size=LARGE)
[LLMActionPlayer] API call took 599 ms (model=OPENROUTER size=LARGE)
[LLMActionPlayer] API call took 573 ms (model=OPENROUTER size=LARGE)
[LLMActionPlayer] API call took 716 ms (model=OPENROUTER size=LARGE)
[LLMActionPlayer] API call took 577 ms (model=OPENROUTER size=LARGE)
[LLMActionPlayer] API call took 673 ms (model=OPENROUTER size=LARGE)
[LLMActionPlayer] API call took 478 ms (model=OPENROUTER size=LARGE)
[LLMActionPlayer] API call took 724 ms (model=OPENROUTER size=LARGE)
[LLMActionPlayer] API call took 580 ms (model=OPENROUTER size=LARGE)
[LLMActionPlayer] API call took 584 ms (model=OPENROUTER size=LARGE)
[LLMActionPlayer] API call took 684 ms (model=OPENROUTER size=LARGE)
[LLMActionPlayer] API call took 543 ms (model=OPENROUTER size=LARGE)
[LLMActionPlayer] API call took 533 ms (model=OPENROUTER size=LARGE)
[LLMActionPlayer] API call took 520 ms (model=OPENROUTER size=LARGE)
[LLMActionPlayer] API call took 578 ms (model=OPENROUTER size=LARGE)
[LLMActionPlayer] API call took 449 ms (model=OPENROUTER size=LARGE)
[LLMActionPlayer] API call took 651 ms (model=OPENROUTER size=LARGE)
[LLMActionPlayer] API call took 511 ms (model=OPENROUTER size=LARGE)
[LLMActionPlayer] API call took 541 ms (model=OPENROUTER size=LARGE)
[LLMActionPlayer] API call took 614 ms (model=OPENROUTER size=LARGE)
[LLMActionPlayer] API call took 580 ms (model=OPENROUTER size=LARGE)
[LLMActionPlayer] API call took 752 ms (model=OPENROUTER size=LARGE)
[LLMActionPlayer] API call took 693 ms (model=OPENROUTER size=LARGE)
[LLMActionPlayer] API call took 532 ms (model=OPENROUTER size=LARGE)
[LLMActionPlayer] API call took 689 ms (model=OPENROUTER size=LARGE)
[LLMActionPlayer] API call took 656 ms (model=OPENROUTER size=LARGE)
[WIN_GAME,LOSE_GAME,LOSE_GAME]
[LLMActionPlayer] API call took 468 ms (model=OPENROUTER size=LARGE)
[LLMActionPlayer] API call took 547 ms (model=OPENROUTER size=LARGE)
[LLMActionPlayer] API call took 520 ms (model=OPENROUTER size=LARGE)
[LLMActionPlayer] API call took 495 ms (model=OPENROUTER size=LARGE)
[LLMActionPlayer] API call took 566 ms (model=OPENROUTER size=LARGE)
[LLMActionPlayer] API call took 666 ms (model=OPENROUTER size=LARGE)
[LLMActionPlayer] API call took 654 ms (model=OPENROUTER size=LARGE)
[LLMActionPlayer] API call took 1105 ms (model=OPENROUTER size=LARGE)
[LLMActionPlayer] API call took 708 ms (model=OPENROUTER size=LARGE)
[LLMActionPlayer] API call took 506 ms (model=OPENROUTER size=LARGE)
[LLMActionPlayer] API call took 865 ms (model=OPENROUTER size=LARGE)
[LLMActionPlayer] API call took 1027 ms (model=OPENROUTER size=LARGE)
[LLMActionPlayer] API call took 676 ms (model=OPENROUTER size=LARGE)
[LLMActionPlayer] API call took 602 ms (model=OPENROUTER size=LARGE)
[LLMActionPlayer] API call took 462 ms (model=OPENROUTER size=LARGE)
[LLMActionPlayer] API call took 548 ms (model=OPENROUTER size=LARGE)
[LLMActionPlayer] API call took 534 ms (model=OPENROUTER size=LARGE)
[LLMActionPlayer] API call took 669 ms (model=OPENROUTER size=LARGE)
[LLMActionPlayer] API call took 660 ms (model=OPENROUTER size=LARGE)
[LLMActionPlayer] API call took 1010 ms (model=OPENROUTER size=LARGE)
[LLMActionPlayer] API call took 548 ms (model=OPENROUTER size=LARGE)
[LLMActionPlayer] API call took 624 ms (model=OPENROUTER size=LARGE)
[LLMActionPlayer] API call took 541 ms (model=OPENROUTER size=LARGE)
[LLMActionPlayer] API call took 469 ms (model=OPENROUTER size=LARGE)
[LLMActionPlayer] API call took 539 ms (model=OPENROUTER size=LARGE)
[LOSE_GAME,LOSE_GAME,WIN_GAME]
[LLMActionPlayer] API call took 638 ms (model=OPENROUTER size=LARGE)
[LLMActionPlayer] API call took 708 ms (model=OPENROUTER size=LARGE)
[LLMActionPlayer] API call took 699 ms (model=OPENROUTER size=LARGE)
[LLMActionPlayer] API call took 536 ms (model=OPENROUTER size=LARGE)
[LLMActionPlayer] API call took 637 ms (model=OPENROUTER size=LARGE)
[LLMActionPlayer] API call took 652 ms (model=OPENROUTER size=LARGE)
[LLMActionPlayer] API call took 456 ms (model=OPENROUTER size=LARGE)
[LLMActionPlayer] API call took 638 ms (model=OPENROUTER size=LARGE)
[LLMActionPlayer] API call took 968 ms (model=OPENROUTER size=LARGE)
[LLMActionPlayer] API call took 974 ms (model=OPENROUTER size=LARGE)
[LLMActionPlayer] API call took 489 ms (model=OPENROUTER size=LARGE)
[LLMActionPlayer] API call took 527 ms (model=OPENROUTER size=LARGE)
[LLMActionPlayer] API call took 456 ms (model=OPENROUTER size=LARGE)
[LLMActionPlayer] API call took 530 ms (model=OPENROUTER size=LARGE)
[LLMActionPlayer] API call took 580 ms (model=OPENROUTER size=LARGE)
[LLMActionPlayer] API call took 620 ms (model=OPENROUTER size=LARGE)
[LLMActionPlayer] API call took 707 ms (model=OPENROUTER size=LARGE)
[LLMActionPlayer] API call took 552 ms (model=OPENROUTER size=LARGE)
[LLMActionPlayer] API call took 1062 ms (model=OPENROUTER size=LARGE)
[LLMActionPlayer] API call took 654 ms (model=OPENROUTER size=LARGE)
[LLMActionPlayer] API call took 702 ms (model=OPENROUTER size=LARGE)
[LLMActionPlayer] API call took 666 ms (model=OPENROUTER size=LARGE)
[LLMActionPlayer] API call took 549 ms (model=OPENROUTER size=LARGE)
[LOSE_GAME,WIN_GAME,LOSE_GAME]
[LLMActionPlayer] API call took 774 ms (model=OPENROUTER size=LARGE)
[LLMActionPlayer] API call took 1229 ms (model=OPENROUTER size=LARGE)
[LLMActionPlayer] API call took 598 ms (model=OPENROUTER size=LARGE)
[LLMActionPlayer] API call took 512 ms (model=OPENROUTER size=LARGE)
[LLMActionPlayer] API call took 1046 ms (model=OPENROUTER size=LARGE)
[LLMActionPlayer] API call took 676 ms (model=OPENROUTER size=LARGE)
[LLMActionPlayer] API call took 885 ms (model=OPENROUTER size=LARGE)
[LLMActionPlayer] API call took 484 ms (model=OPENROUTER size=LARGE)
[LLMActionPlayer] API call took 666 ms (model=OPENROUTER size=LARGE)
[LLMActionPlayer] API call took 531 ms (model=OPENROUTER size=LARGE)
[LLMActionPlayer] API call took 528 ms (model=OPENROUTER size=LARGE)
[LLMActionPlayer] API call took 554 ms (model=OPENROUTER size=LARGE)
[LLMActionPlayer] API call took 654 ms (model=OPENROUTER size=LARGE)
[LLMActionPlayer] API call took 565 ms (model=OPENROUTER size=LARGE)
[LLMActionPlayer] API call took 1009 ms (model=OPENROUTER size=LARGE)
[LLMActionPlayer] API call took 536 ms (model=OPENROUTER size=LARGE)
[LLMActionPlayer] API call took 503 ms (model=OPENROUTER size=LARGE)
[LLMActionPlayer] API call took 722 ms (model=OPENROUTER size=LARGE)
[LLMActionPlayer] API call took 477 ms (model=OPENROUTER size=LARGE)
[LLMActionPlayer] API call took 557 ms (model=OPENROUTER size=LARGE)
[LLMActionPlayer] API call took 509 ms (model=OPENROUTER size=LARGE)
[LLMActionPlayer] API call took 594 ms (model=OPENROUTER size=LARGE)
[LLMActionPlayer] API call took 914 ms (model=OPENROUTER size=LARGE)
[LLMActionPlayer] API call took 576 ms (model=OPENROUTER size=LARGE)
[LLMActionPlayer] API call took 849 ms (model=OPENROUTER size=LARGE)
[LLMActionPlayer] API call took 562 ms (model=OPENROUTER size=LARGE)
[LLMActionPlayer] API call took 478 ms (model=OPENROUTER size=LARGE)
[LLMActionPlayer] API call took 573 ms (model=OPENROUTER size=LARGE)
[LLMActionPlayer] API call took 540 ms (model=OPENROUTER size=LARGE)
[LLMActionPlayer] API call took 583 ms (model=OPENROUTER size=LARGE)
[LLMActionPlayer] API call took 471 ms (model=OPENROUTER size=LARGE)
[LLMActionPlayer] API call took 682 ms (model=OPENROUTER size=LARGE)
[LLMActionPlayer] API call took 695 ms (model=OPENROUTER size=LARGE)
[LLMActionPlayer] API call took 540 ms (model=OPENROUTER size=LARGE)
[LLMActionPlayer] API call took 617 ms (model=OPENROUTER size=LARGE)
[LLMActionPlayer] API call took 774 ms (model=OPENROUTER size=LARGE)
[LOSE_GAME,LOSE_GAME,WIN_GAME]
[LLMActionPlayer] API call took 748 ms (model=OPENROUTER size=LARGE)
[LLMActionPlayer] API call took 530 ms (model=OPENROUTER size=LARGE)
[LLMActionPlayer] API call took 539 ms (model=OPENROUTER size=LARGE)
[LLMActionPlayer] API call took 557 ms (model=OPENROUTER size=LARGE)
[LLMActionPlayer] API call took 520 ms (model=OPENROUTER size=LARGE)
[LLMActionPlayer] API call took 485 ms (model=OPENROUTER size=LARGE)
[LLMActionPlayer] API call took 709 ms (model=OPENROUTER size=LARGE)
[LLMActionPlayer] API call took 732 ms (model=OPENROUTER size=LARGE)
[LLMActionPlayer] API call took 548 ms (model=OPENROUTER size=LARGE)
[LLMActionPlayer] API call took 574 ms (model=OPENROUTER size=LARGE)
[LOSE_GAME,WIN_GAME,LOSE_GAME]
[LLMActionPlayer] API call took 505 ms (model=OPENROUTER size=LARGE)
[LLMActionPlayer] API call took 528 ms (model=OPENROUTER size=LARGE)
[LLMActionPlayer] API call took 517 ms (model=OPENROUTER size=LARGE)
[LLMActionPlayer] API call took 544 ms (model=OPENROUTER size=LARGE)
[LLMActionPlayer] API call took 729 ms (model=OPENROUTER size=LARGE)
[LLMActionPlayer] API call took 458 ms (model=OPENROUTER size=LARGE)
[LLMActionPlayer] API call took 995 ms (model=OPENROUTER size=LARGE)
[LLMActionPlayer] API call took 596 ms (model=OPENROUTER size=LARGE)
[LLMActionPlayer] API call took 515 ms (model=OPENROUTER size=LARGE)
[LLMActionPlayer] API call took 681 ms (model=OPENROUTER size=LARGE)
[LLMActionPlayer] API call took 590 ms (model=OPENROUTER size=LARGE)
[LLMActionPlayer] API call took 727 ms (model=OPENROUTER size=LARGE)
[LLMActionPlayer] API call took 651 ms (model=OPENROUTER size=LARGE)
[LLMActionPlayer] API call took 732 ms (model=OPENROUTER size=LARGE)
[LLMActionPlayer] API call took 466 ms (model=OPENROUTER size=LARGE)
[LLMActionPlayer] API call took 589 ms (model=OPENROUTER size=LARGE)
[LLMActionPlayer] API call took 648 ms (model=OPENROUTER size=LARGE)
[LLMActionPlayer] API call took 718 ms (model=OPENROUTER size=LARGE)
[LLMActionPlayer] API call took 533 ms (model=OPENROUTER size=LARGE)
[LLMActionPlayer] API call took 535 ms (model=OPENROUTER size=LARGE)
[LLMActionPlayer] API call took 546 ms (model=OPENROUTER size=LARGE)
[LLMActionPlayer] API call took 575 ms (model=OPENROUTER size=LARGE)
[LLMActionPlayer] API call took 1029 ms (model=OPENROUTER size=LARGE)
[LLMActionPlayer] API call took 556 ms (model=OPENROUTER size=LARGE)
[LLMActionPlayer] API call took 647 ms (model=OPENROUTER size=LARGE)
[LLMActionPlayer] API call took 567 ms (model=OPENROUTER size=LARGE)
[LLMActionPlayer] API call took 1101 ms (model=OPENROUTER size=LARGE)
[LLMActionPlayer] API call took 881 ms (model=OPENROUTER size=LARGE)
[LLMActionPlayer] API call took 592 ms (model=OPENROUTER size=LARGE)
[LLMActionPlayer] API call took 713 ms (model=OPENROUTER size=LARGE)
[LLMActionPlayer] API call took 590 ms (model=OPENROUTER size=LARGE)
[LLMActionPlayer] API call took 639 ms (model=OPENROUTER size=LARGE)
[LLMActionPlayer] API call took 666 ms (model=OPENROUTER size=LARGE)
[LLMActionPlayer] API call took 638 ms (model=OPENROUTER size=LARGE)
[LLMActionPlayer] API call took 674 ms (model=OPENROUTER size=LARGE)
[LOSE_GAME,LOSE_GAME,WIN_GAME]
[LLMActionPlayer] API call took 579 ms (model=OPENROUTER size=LARGE)
[LLMActionPlayer] API call took 547 ms (model=OPENROUTER size=LARGE)
[LLMActionPlayer] API call took 2690 ms (model=OPENROUTER size=LARGE)
[LLMActionPlayer] API call took 735 ms (model=OPENROUTER size=LARGE)
[LLMActionPlayer] API call took 574 ms (model=OPENROUTER size=LARGE)
[LLMActionPlayer] API call took 598 ms (model=OPENROUTER size=LARGE)
[LLMActionPlayer] API call took 600 ms (model=OPENROUTER size=LARGE)
[LLMActionPlayer] API call took 723 ms (model=OPENROUTER size=LARGE)
[LLMActionPlayer] API call took 655 ms (model=OPENROUTER size=LARGE)
[LLMActionPlayer] API call took 574 ms (model=OPENROUTER size=LARGE)
[LLMActionPlayer] API call took 656 ms (model=OPENROUTER size=LARGE)
[LLMActionPlayer] API call took 1317 ms (model=OPENROUTER size=LARGE)
[LLMActionPlayer] API call took 730 ms (model=OPENROUTER size=LARGE)
[LLMActionPlayer] API call took 678 ms (model=OPENROUTER size=LARGE)
[LLMActionPlayer] API call took 1065 ms (model=OPENROUTER size=LARGE)
[LLMActionPlayer] API call took 571 ms (model=OPENROUTER size=LARGE)
[LLMActionPlayer] API call took 625 ms (model=OPENROUTER size=LARGE)
[LLMActionPlayer] API call took 537 ms (model=OPENROUTER size=LARGE)
[LLMActionPlayer] API call took 588 ms (model=OPENROUTER size=LARGE)
[LLMActionPlayer] API call took 607 ms (model=OPENROUTER size=LARGE)
[LLMActionPlayer] API call took 686 ms (model=OPENROUTER size=LARGE)
[LLMActionPlayer] API call took 562 ms (model=OPENROUTER size=LARGE)
[LLMActionPlayer] API call took 717 ms (model=OPENROUTER size=LARGE)
[LOSE_GAME,LOSE_GAME,WIN_GAME]
[LLMActionPlayer] API call took 1034 ms (model=OPENROUTER size=LARGE)
[LLMActionPlayer] API call took 837 ms (model=OPENROUTER size=LARGE)
[LLMActionPlayer] API call took 659 ms (model=OPENROUTER size=LARGE)
[LLMActionPlayer] API call took 1167 ms (model=OPENROUTER size=LARGE)
[LLMActionPlayer] API call took 781 ms (model=OPENROUTER size=LARGE)
[LLMActionPlayer] API call took 612 ms (model=OPENROUTER size=LARGE)
[LLMActionPlayer] API call took 500 ms (model=OPENROUTER size=LARGE)
[LLMActionPlayer] API call took 474 ms (model=OPENROUTER size=LARGE)
[LLMActionPlayer] API call took 533 ms (model=OPENROUTER size=LARGE)
[LLMActionPlayer] API call took 887 ms (model=OPENROUTER size=LARGE)
[LLMActionPlayer] API call took 536 ms (model=OPENROUTER size=LARGE)
[LLMActionPlayer] API call took 552 ms (model=OPENROUTER size=LARGE)
[LLMActionPlayer] API call took 506 ms (model=OPENROUTER size=LARGE)
[LLMActionPlayer] API call took 683 ms (model=OPENROUTER size=LARGE)
[LLMActionPlayer] API call took 547 ms (model=OPENROUTER size=LARGE)
[LLMActionPlayer] API call took 682 ms (model=OPENROUTER size=LARGE)
[LLMActionPlayer] API call took 504 ms (model=OPENROUTER size=LARGE)
[LLMActionPlayer] API call took 683 ms (model=OPENROUTER size=LARGE)
[LLMActionPlayer] API call took 699 ms (model=OPENROUTER size=LARGE)
[LLMActionPlayer] API call took 495 ms (model=OPENROUTER size=LARGE)
[LLMActionPlayer] API call took 723 ms (model=OPENROUTER size=LARGE)
[LLMActionPlayer] API call took 750 ms (model=OPENROUTER size=LARGE)
[LLMActionPlayer] Invalid response: I will accept the trade as proposed because it gives me the wool I need while only requiring me to give up a small amount of brick.
[LLMActionPlayer] Action ID : null selected randomly since LLM returned non valid action[LLMActionPlayer] API call took 649 ms (model=OPENROUTER size=LARGE)
[LLMActionPlayer] API call took 592 ms (model=OPENROUTER size=LARGE)
[LLMActionPlayer] API call took 558 ms (model=OPENROUTER size=LARGE)
[LLMActionPlayer] API call took 529 ms (model=OPENROUTER size=LARGE)
[LLMActionPlayer] API call took 483 ms (model=OPENROUTER size=LARGE)
[LLMActionPlayer] API call took 744 ms (model=OPENROUTER size=LARGE)
[LLMActionPlayer] API call took 842 ms (model=OPENROUTER size=LARGE)
[LLMActionPlayer] API call took 542 ms (model=OPENROUTER size=LARGE)
[LLMActionPlayer] API call took 496 ms (model=OPENROUTER size=LARGE)
[LLMActionPlayer] API call took 687 ms (model=OPENROUTER size=LARGE)
[LLMActionPlayer] API call took 641 ms (model=OPENROUTER size=LARGE)
[LLMActionPlayer] API call took 553 ms (model=OPENROUTER size=LARGE)
[LLMActionPlayer] API call took 583 ms (model=OPENROUTER size=LARGE)
[LLMActionPlayer] API call took 484 ms (model=OPENROUTER size=LARGE)
[LLMActionPlayer] API call took 580 ms (model=OPENROUTER size=LARGE)
[LLMActionPlayer] API call took 839 ms (model=OPENROUTER size=LARGE)
[LLMActionPlayer] API call took 688 ms (model=OPENROUTER size=LARGE)
[LLMActionPlayer] API call took 1261 ms (model=OPENROUTER size=LARGE)
[LLMActionPlayer] API call took 496 ms (model=OPENROUTER size=LARGE)
[LLMActionPlayer] API call took 821 ms (model=OPENROUTER size=LARGE)
[LLMActionPlayer] API call took 591 ms (model=OPENROUTER size=LARGE)
[LOSE_GAME,LOSE_GAME,WIN_GAME]
[LLMActionPlayer] API call took 473 ms (model=OPENROUTER size=LARGE)
[LLMActionPlayer] API call took 550 ms (model=OPENROUTER size=LARGE)
[LLMActionPlayer] API call took 464 ms (model=OPENROUTER size=LARGE)
[LLMActionPlayer] API call took 670 ms (model=OPENROUTER size=LARGE)
[LLMActionPlayer] API call took 477 ms (model=OPENROUTER size=LARGE)
[LLMActionPlayer] API call took 553 ms (model=OPENROUTER size=LARGE)
[LLMActionPlayer] API call took 526 ms (model=OPENROUTER size=LARGE)
[LLMActionPlayer] API call took 639 ms (model=OPENROUTER size=LARGE)
[LLMActionPlayer] API call took 526 ms (model=OPENROUTER size=LARGE)
[LLMActionPlayer] API call took 451 ms (model=OPENROUTER size=LARGE)
[LLMActionPlayer] API call took 503 ms (model=OPENROUTER size=LARGE)
[LLMActionPlayer] API call took 596 ms (model=OPENROUTER size=LARGE)
[LLMActionPlayer] API call took 642 ms (model=OPENROUTER size=LARGE)
[LLMActionPlayer] API call took 536 ms (model=OPENROUTER size=LARGE)
[LLMActionPlayer] API call took 484 ms (model=OPENROUTER size=LARGE)
[LLMActionPlayer] API call took 814 ms (model=OPENROUTER size=LARGE)
[LLMActionPlayer] API call took 576 ms (model=OPENROUTER size=LARGE)
[LLMActionPlayer] API call took 896 ms (model=OPENROUTER size=LARGE)
[LLMActionPlayer] API call took 602 ms (model=OPENROUTER size=LARGE)
[LLMActionPlayer] API call took 560 ms (model=OPENROUTER size=LARGE)
[LLMActionPlayer] API call took 514 ms (model=OPENROUTER size=LARGE)
[LOSE_GAME,WIN_GAME,LOSE_GAME]
[LLMActionPlayer] API call took 721 ms (model=OPENROUTER size=LARGE)
[LLMActionPlayer] API call took 812 ms (model=OPENROUTER size=LARGE)
[LLMActionPlayer] API call took 598 ms (model=OPENROUTER size=LARGE)
[LLMActionPlayer] API call took 689 ms (model=OPENROUTER size=LARGE)
[LLMActionPlayer] API call took 484 ms (model=OPENROUTER size=LARGE)
[LLMActionPlayer] API call took 574 ms (model=OPENROUTER size=LARGE)
[LLMActionPlayer] API call took 589 ms (model=OPENROUTER size=LARGE)
[LLMActionPlayer] API call took 608 ms (model=OPENROUTER size=LARGE)
[LLMActionPlayer] API call took 885 ms (model=OPENROUTER size=LARGE)
[LLMActionPlayer] API call took 564 ms (model=OPENROUTER size=LARGE)
[LLMActionPlayer] API call took 732 ms (model=OPENROUTER size=LARGE)
[LLMActionPlayer] API call took 670 ms (model=OPENROUTER size=LARGE)
[LLMActionPlayer] API call took 977 ms (model=OPENROUTER size=LARGE)
[LLMActionPlayer] API call took 545 ms (model=OPENROUTER size=LARGE)
[LLMActionPlayer] API call took 695 ms (model=OPENROUTER size=LARGE)
[LLMActionPlayer] API call took 677 ms (model=OPENROUTER size=LARGE)
[LLMActionPlayer] API call took 806 ms (model=OPENROUTER size=LARGE)
[LLMActionPlayer] API call took 454 ms (model=OPENROUTER size=LARGE)
[LLMActionPlayer] API call took 474 ms (model=OPENROUTER size=LARGE)
[LLMActionPlayer] API call took 716 ms (model=OPENROUTER size=LARGE)
[LLMActionPlayer] API call took 1173 ms (model=OPENROUTER size=LARGE)
[LLMActionPlayer] API call took 574 ms (model=OPENROUTER size=LARGE)
[LLMActionPlayer] API call took 780 ms (model=OPENROUTER size=LARGE)
[LLMActionPlayer] API call took 712 ms (model=OPENROUTER size=LARGE)
[LLMActionPlayer] API call took 669 ms (model=OPENROUTER size=LARGE)
[LLMActionPlayer] API call took 567 ms (model=OPENROUTER size=LARGE)
[LLMActionPlayer] API call took 490 ms (model=OPENROUTER size=LARGE)
[LLMActionPlayer] API call took 1231 ms (model=OPENROUTER size=LARGE)
[LLMActionPlayer] API call took 738 ms (model=OPENROUTER size=LARGE)
[LLMActionPlayer] API call took 675 ms (model=OPENROUTER size=LARGE)
[LLMActionPlayer] API call took 691 ms (model=OPENROUTER size=LARGE)
[LLMActionPlayer] API call took 981 ms (model=OPENROUTER size=LARGE)
[LLMActionPlayer] API call took 523 ms (model=OPENROUTER size=LARGE)
[LLMActionPlayer] API call took 599 ms (model=OPENROUTER size=LARGE)
[LLMActionPlayer] API call took 871 ms (model=OPENROUTER size=LARGE)
[LLMActionPlayer] API call took 609 ms (model=OPENROUTER size=LARGE)
[LLMActionPlayer] API call took 556 ms (model=OPENROUTER size=LARGE)
[LLMActionPlayer] API call took 548 ms (model=OPENROUTER size=LARGE)
[LLMActionPlayer] API call took 529 ms (model=OPENROUTER size=LARGE)
[LLMActionPlayer] API call took 423 ms (model=OPENROUTER size=LARGE)
[LLMActionPlayer] API call took 710 ms (model=OPENROUTER size=LARGE)
[LLMActionPlayer] API call took 1063 ms (model=OPENROUTER size=LARGE)
[LLMActionPlayer] API call took 698 ms (model=OPENROUTER size=LARGE)
[LLMActionPlayer] API call took 882 ms (model=OPENROUTER size=LARGE)
[LLMActionPlayer] API call took 687 ms (model=OPENROUTER size=LARGE)
[LLMActionPlayer] API call took 694 ms (model=OPENROUTER size=LARGE)
[LLMActionPlayer] API call took 722 ms (model=OPENROUTER size=LARGE)
[LLMActionPlayer] API call took 562 ms (model=OPENROUTER size=LARGE)
[LLMActionPlayer] API call took 621 ms (model=OPENROUTER size=LARGE)
[LLMActionPlayer] API call took 550 ms (model=OPENROUTER size=LARGE)
[LLMActionPlayer] API call took 752 ms (model=OPENROUTER size=LARGE)
[LOSE_GAME,LOSE_GAME,WIN_GAME]
[LLMActionPlayer] API call took 749 ms (model=OPENROUTER size=LARGE)
[LLMActionPlayer] API call took 546 ms (model=OPENROUTER size=LARGE)
[LLMActionPlayer] API call took 672 ms (model=OPENROUTER size=LARGE)
[LLMActionPlayer] API call took 963 ms (model=OPENROUTER size=LARGE)
[LLMActionPlayer] API call took 449 ms (model=OPENROUTER size=LARGE)
[LLMActionPlayer] API call took 469 ms (model=OPENROUTER size=LARGE)
[LLMActionPlayer] API call took 577 ms (model=OPENROUTER size=LARGE)
[LLMActionPlayer] API call took 498 ms (model=OPENROUTER size=LARGE)
[LLMActionPlayer] API call took 1113 ms (model=OPENROUTER size=LARGE)
[LLMActionPlayer] API call took 597 ms (model=OPENROUTER size=LARGE)
[LLMActionPlayer] API call took 579 ms (model=OPENROUTER size=LARGE)
[LLMActionPlayer] API call took 577 ms (model=OPENROUTER size=LARGE)
[LLMActionPlayer] API call took 538 ms (model=OPENROUTER size=LARGE)
[LLMActionPlayer] API call took 576 ms (model=OPENROUTER size=LARGE)
[LLMActionPlayer] API call took 570 ms (model=OPENROUTER size=LARGE)
[LLMActionPlayer] API call took 900 ms (model=OPENROUTER size=LARGE)
[LLMActionPlayer] API call took 609 ms (model=OPENROUTER size=LARGE)
[LLMActionPlayer] API call took 684 ms (model=OPENROUTER size=LARGE)
[LLMActionPlayer] API call took 683 ms (model=OPENROUTER size=LARGE)
[LLMActionPlayer] API call took 467 ms (model=OPENROUTER size=LARGE)
[LLMActionPlayer] API call took 676 ms (model=OPENROUTER size=LARGE)
[LLMActionPlayer] API call took 615 ms (model=OPENROUTER size=LARGE)
[LLMActionPlayer] Invalid response: I will accept the trade as proposed because it allows me to acquire a LUMBER resource, which I currently lack, and it does not require me to give up any of my resources.
[LLMActionPlayer] Action ID : null selected randomly since LLM returned non valid action[LLMActionPlayer] API call took 1212 ms (model=OPENROUTER size=LARGE)
[LOSE_GAME,WIN_GAME,LOSE_GAME]
[LLMActionPlayer] API call took 524 ms (model=OPENROUTER size=LARGE)
[LLMActionPlayer] API call took 541 ms (model=OPENROUTER size=LARGE)
[LLMActionPlayer] API call took 534 ms (model=OPENROUTER size=LARGE)
[LLMActionPlayer] API call took 864 ms (model=OPENROUTER size=LARGE)
[LLMActionPlayer] API call took 660 ms (model=OPENROUTER size=LARGE)
[LLMActionPlayer] API call took 708 ms (model=OPENROUTER size=LARGE)
[LLMActionPlayer] API call took 644 ms (model=OPENROUTER size=LARGE)
[LLMActionPlayer] API call took 972 ms (model=OPENROUTER size=LARGE)
[LLMActionPlayer] API call took 498 ms (model=OPENROUTER size=LARGE)
[LLMActionPlayer] API call took 1140 ms (model=OPENROUTER size=LARGE)
[LLMActionPlayer] API call took 669 ms (model=OPENROUTER size=LARGE)
[LLMActionPlayer] API call took 633 ms (model=OPENROUTER size=LARGE)
[LLMActionPlayer] API call took 471 ms (model=OPENROUTER size=LARGE)
[LLMActionPlayer] API call took 693 ms (model=OPENROUTER size=LARGE)
[LLMActionPlayer] API call took 858 ms (model=OPENROUTER size=LARGE)
[LLMActionPlayer] API call took 543 ms (model=OPENROUTER size=LARGE)
[LLMActionPlayer] API call took 482 ms (model=OPENROUTER size=LARGE)
[LLMActionPlayer] API call took 687 ms (model=OPENROUTER size=LARGE)
[LLMActionPlayer] API call took 878 ms (model=OPENROUTER size=LARGE)
[LLMActionPlayer] API call took 552 ms (model=OPENROUTER size=LARGE)
[LLMActionPlayer] API call took 496 ms (model=OPENROUTER size=LARGE)
[LLMActionPlayer] API call took 671 ms (model=OPENROUTER size=LARGE)
[LLMActionPlayer] API call took 616 ms (model=OPENROUTER size=LARGE)
[LLMActionPlayer] API call took 652 ms (model=OPENROUTER size=LARGE)
[LLMActionPlayer] API call took 598 ms (model=OPENROUTER size=LARGE)
[LLMActionPlayer] API call took 586 ms (model=OPENROUTER size=LARGE)
[LLMActionPlayer] API call took 739 ms (model=OPENROUTER size=LARGE)
[LLMActionPlayer] API call took 712 ms (model=OPENROUTER size=LARGE)
[LLMActionPlayer] API call took 542 ms (model=OPENROUTER size=LARGE)
[LLMActionPlayer] API call took 636 ms (model=OPENROUTER size=LARGE)
[LLMActionPlayer] API call took 819 ms (model=OPENROUTER size=LARGE)
[LLMActionPlayer] API call took 697 ms (model=OPENROUTER size=LARGE)
[LLMActionPlayer] API call took 639 ms (model=OPENROUTER size=LARGE)
[LLMActionPlayer] API call took 586 ms (model=OPENROUTER size=LARGE)
[LLMActionPlayer] API call took 780 ms (model=OPENROUTER size=LARGE)
[LLMActionPlayer] API call took 551 ms (model=OPENROUTER size=LARGE)
[LOSE_GAME,WIN_GAME,LOSE_GAME]
[LLMActionPlayer] API call took 553 ms (model=OPENROUTER size=LARGE)
[LLMActionPlayer] API call took 508 ms (model=OPENROUTER size=LARGE)
[LLMActionPlayer] API call took 659 ms (model=OPENROUTER size=LARGE)
[LLMActionPlayer] API call took 557 ms (model=OPENROUTER size=LARGE)
[LLMActionPlayer] API call took 510 ms (model=OPENROUTER size=LARGE)
[LLMActionPlayer] API call took 686 ms (model=OPENROUTER size=LARGE)
[LLMActionPlayer] API call took 489 ms (model=OPENROUTER size=LARGE)
[LLMActionPlayer] API call took 495 ms (model=OPENROUTER size=LARGE)
[LLMActionPlayer] API call took 491 ms (model=OPENROUTER size=LARGE)
[LLMActionPlayer] API call took 599 ms (model=OPENROUTER size=LARGE)
[LLMActionPlayer] API call took 545 ms (model=OPENROUTER size=LARGE)
[LLMActionPlayer] API call took 581 ms (model=OPENROUTER size=LARGE)
[LLMActionPlayer] API call took 864 ms (model=OPENROUTER size=LARGE)
[LLMActionPlayer] API call took 600 ms (model=OPENROUTER size=LARGE)
[LLMActionPlayer] API call took 1173 ms (model=OPENROUTER size=LARGE)
[LLMActionPlayer] API call took 746 ms (model=OPENROUTER size=LARGE)
[LLMActionPlayer] API call took 732 ms (model=OPENROUTER size=LARGE)
[LLMActionPlayer] API call took 572 ms (model=OPENROUTER size=LARGE)
[LLMActionPlayer] API call took 554 ms (model=OPENROUTER size=LARGE)
[LLMActionPlayer] API call took 729 ms (model=OPENROUTER size=LARGE)
[LLMActionPlayer] API call took 842 ms (model=OPENROUTER size=LARGE)
[LLMActionPlayer] API call took 677 ms (model=OPENROUTER size=LARGE)
[LLMActionPlayer] API call took 648 ms (model=OPENROUTER size=LARGE)
[LLMActionPlayer] API call took 751 ms (model=OPENROUTER size=LARGE)
[LLMActionPlayer] API call took 616 ms (model=OPENROUTER size=LARGE)
[LLMActionPlayer] API call took 663 ms (model=OPENROUTER size=LARGE)
[LLMActionPlayer] API call took 526 ms (model=OPENROUTER size=LARGE)
[LLMActionPlayer] API call took 472 ms (model=OPENROUTER size=LARGE)
[LLMActionPlayer] API call took 658 ms (model=OPENROUTER size=LARGE)
[LLMActionPlayer] API call took 566 ms (model=OPENROUTER size=LARGE)
[LLMActionPlayer] API call took 1030 ms (model=OPENROUTER size=LARGE)
[LOSE_GAME,WIN_GAME,LOSE_GAME]
[LLMActionPlayer] API call took 660 ms (model=OPENROUTER size=LARGE)
[LLMActionPlayer] API call took 612 ms (model=OPENROUTER size=LARGE)
[LLMActionPlayer] API call took 668 ms (model=OPENROUTER size=LARGE)
[LLMActionPlayer] API call took 688 ms (model=OPENROUTER size=LARGE)
[LLMActionPlayer] API call took 576 ms (model=OPENROUTER size=LARGE)
[LLMActionPlayer] API call took 548 ms (model=OPENROUTER size=LARGE)
[LLMActionPlayer] API call took 702 ms (model=OPENROUTER size=LARGE)
[LLMActionPlayer] API call took 504 ms (model=OPENROUTER size=LARGE)
[LLMActionPlayer] API call took 813 ms (model=OPENROUTER size=LARGE)
[LLMActionPlayer] API call took 1208 ms (model=OPENROUTER size=LARGE)
[LLMActionPlayer] API call took 624 ms (model=OPENROUTER size=LARGE)
[LLMActionPlayer] API call took 668 ms (model=OPENROUTER size=LARGE)
[LLMActionPlayer] API call took 473 ms (model=OPENROUTER size=LARGE)
[LLMActionPlayer] API call took 546 ms (model=OPENROUTER size=LARGE)
[LLMActionPlayer] API call took 613 ms (model=OPENROUTER size=LARGE)
[LLMActionPlayer] API call took 521 ms (model=OPENROUTER size=LARGE)
[LLMActionPlayer] API call took 749 ms (model=OPENROUTER size=LARGE)
[LLMActionPlayer] API call took 1006 ms (model=OPENROUTER size=LARGE)
[LLMActionPlayer] API call took 535 ms (model=OPENROUTER size=LARGE)
[LLMActionPlayer] API call took 597 ms (model=OPENROUTER size=LARGE)
[LLMActionPlayer] API call took 560 ms (model=OPENROUTER size=LARGE)
[LLMActionPlayer] API call took 458 ms (model=OPENROUTER size=LARGE)
[LLMActionPlayer] API call took 732 ms (model=OPENROUTER size=LARGE)
[LLMActionPlayer] API call took 738 ms (model=OPENROUTER size=LARGE)
[LLMActionPlayer] API call took 494 ms (model=OPENROUTER size=LARGE)
[LLMActionPlayer] API call took 546 ms (model=OPENROUTER size=LARGE)
[LLMActionPlayer] API call took 855 ms (model=OPENROUTER size=LARGE)
[LLMActionPlayer] API call took 583 ms (model=OPENROUTER size=LARGE)
[LLMActionPlayer] API call took 636 ms (model=OPENROUTER size=LARGE)
[LLMActionPlayer] API call took 542 ms (model=OPENROUTER size=LARGE)
[WIN_GAME,LOSE_GAME,LOSE_GAME]
[LLMActionPlayer] API call took 782 ms (model=OPENROUTER size=LARGE)
[LLMActionPlayer] API call took 509 ms (model=OPENROUTER size=LARGE)
[LLMActionPlayer] API call took 479 ms (model=OPENROUTER size=LARGE)
[LLMActionPlayer] API call took 548 ms (model=OPENROUTER size=LARGE)
[LLMActionPlayer] API call took 530 ms (model=OPENROUTER size=LARGE)
[LLMActionPlayer] API call took 568 ms (model=OPENROUTER size=LARGE)
[LLMActionPlayer] API call took 2533 ms (model=OPENROUTER size=LARGE)
[LLMActionPlayer] API call took 540 ms (model=OPENROUTER size=LARGE)
[LLMActionPlayer] API call took 483 ms (model=OPENROUTER size=LARGE)
[LLMActionPlayer] API call took 454 ms (model=OPENROUTER size=LARGE)
[LLMActionPlayer] API call took 725 ms (model=OPENROUTER size=LARGE)
[LLMActionPlayer] API call took 794 ms (model=OPENROUTER size=LARGE)
[LLMActionPlayer] API call took 668 ms (model=OPENROUTER size=LARGE)
[LLMActionPlayer] API call took 601 ms (model=OPENROUTER size=LARGE)
[LLMActionPlayer] API call took 1075 ms (model=OPENROUTER size=LARGE)
[LLMActionPlayer] API call took 652 ms (model=OPENROUTER size=LARGE)
[LLMActionPlayer] API call took 1032 ms (model=OPENROUTER size=LARGE)
[LLMActionPlayer] API call took 1383 ms (model=OPENROUTER size=LARGE)
[LLMActionPlayer] API call took 478 ms (model=OPENROUTER size=LARGE)
[LLMActionPlayer] API call took 573 ms (model=OPENROUTER size=LARGE)
[LLMActionPlayer] API call took 639 ms (model=OPENROUTER size=LARGE)
[LLMActionPlayer] API call took 718 ms (model=OPENROUTER size=LARGE)
[LLMActionPlayer] API call took 536 ms (model=OPENROUTER size=LARGE)
[LLMActionPlayer] API call took 544 ms (model=OPENROUTER size=LARGE)
[LLMActionPlayer] API call took 589 ms (model=OPENROUTER size=LARGE)
[LLMActionPlayer] API call took 581 ms (model=OPENROUTER size=LARGE)
[LLMActionPlayer] API call took 583 ms (model=OPENROUTER size=LARGE)
[LLMActionPlayer] API call took 721 ms (model=OPENROUTER size=LARGE)
[LLMActionPlayer] API call took 667 ms (model=OPENROUTER size=LARGE)
[LLMActionPlayer] API call took 769 ms (model=OPENROUTER size=LARGE)
[LLMActionPlayer] API call took 803 ms (model=OPENROUTER size=LARGE)
[LLMActionPlayer] API call took 569 ms (model=OPENROUTER size=LARGE)
[LLMActionPlayer] API call took 660 ms (model=OPENROUTER size=LARGE)
[LLMActionPlayer] API call took 674 ms (model=OPENROUTER size=LARGE)
[LLMActionPlayer] API call took 725 ms (model=OPENROUTER size=LARGE)
[LLMActionPlayer] API call took 472 ms (model=OPENROUTER size=LARGE)
[LLMActionPlayer] API call took 1065 ms (model=OPENROUTER size=LARGE)
[LLMActionPlayer] API call took 836 ms (model=OPENROUTER size=LARGE)
[WIN_GAME,LOSE_GAME,LOSE_GAME]
[LLMActionPlayer] API call took 590 ms (model=OPENROUTER size=LARGE)
[LLMActionPlayer] API call took 566 ms (model=OPENROUTER size=LARGE)
[LLMActionPlayer] API call took 499 ms (model=OPENROUTER size=LARGE)
[LLMActionPlayer] API call took 555 ms (model=OPENROUTER size=LARGE)
[LLMActionPlayer] API call took 690 ms (model=OPENROUTER size=LARGE)
[LLMActionPlayer] API call took 483 ms (model=OPENROUTER size=LARGE)
[LLMActionPlayer] API call took 548 ms (model=OPENROUTER size=LARGE)
[LLMActionPlayer] API call took 660 ms (model=OPENROUTER size=LARGE)
[LLMActionPlayer] API call took 671 ms (model=OPENROUTER size=LARGE)
[LLMActionPlayer] API call took 735 ms (model=OPENROUTER size=LARGE)
[LLMActionPlayer] API call took 587 ms (model=OPENROUTER size=LARGE)
[LLMActionPlayer] API call took 566 ms (model=OPENROUTER size=LARGE)
[LLMActionPlayer] API call took 574 ms (model=OPENROUTER size=LARGE)
[LLMActionPlayer] API call took 572 ms (model=OPENROUTER size=LARGE)
[LLMActionPlayer] API call took 1224 ms (model=OPENROUTER size=LARGE)
[LLMActionPlayer] API call took 483 ms (model=OPENROUTER size=LARGE)
[LLMActionPlayer] API call took 519 ms (model=OPENROUTER size=LARGE)
[LLMActionPlayer] API call took 722 ms (model=OPENROUTER size=LARGE)
[LLMActionPlayer] API call took 533 ms (model=OPENROUTER size=LARGE)
[LLMActionPlayer] API call took 921 ms (model=OPENROUTER size=LARGE)
[LLMActionPlayer] API call took 744 ms (model=OPENROUTER size=LARGE)
[WIN_GAME,LOSE_GAME,LOSE_GAME]
[LLMActionPlayer] API call took 661 ms (model=OPENROUTER size=LARGE)
[LLMActionPlayer] API call took 520 ms (model=OPENROUTER size=LARGE)
[LLMActionPlayer] API call took 545 ms (model=OPENROUTER size=LARGE)
[LLMActionPlayer] API call took 847 ms (model=OPENROUTER size=LARGE)
[LLMActionPlayer] API call took 855 ms (model=OPENROUTER size=LARGE)
[LLMActionPlayer] API call took 478 ms (model=OPENROUTER size=LARGE)
[LLMActionPlayer] API call took 736 ms (model=OPENROUTER size=LARGE)
[LLMActionPlayer] API call took 766 ms (model=OPENROUTER size=LARGE)
[LLMActionPlayer] API call took 552 ms (model=OPENROUTER size=LARGE)
[LLMActionPlayer] API call took 556 ms (model=OPENROUTER size=LARGE)
[LLMActionPlayer] API call took 533 ms (model=OPENROUTER size=LARGE)
[LLMActionPlayer] API call took 564 ms (model=OPENROUTER size=LARGE)
[LLMActionPlayer] API call took 526 ms (model=OPENROUTER size=LARGE)
[LLMActionPlayer] API call took 569 ms (model=OPENROUTER size=LARGE)
[LLMActionPlayer] API call took 529 ms (model=OPENROUTER size=LARGE)
[LLMActionPlayer] API call took 508 ms (model=OPENROUTER size=LARGE)
[LLMActionPlayer] API call took 966 ms (model=OPENROUTER size=LARGE)
[LLMActionPlayer] API call took 951 ms (model=OPENROUTER size=LARGE)
[LLMActionPlayer] API call took 789 ms (model=OPENROUTER size=LARGE)
[LLMActionPlayer] API call took 1034 ms (model=OPENROUTER size=LARGE)
[LLMActionPlayer] API call took 481 ms (model=OPENROUTER size=LARGE)
[LLMActionPlayer] API call took 537 ms (model=OPENROUTER size=LARGE)
[LLMActionPlayer] API call took 536 ms (model=OPENROUTER size=LARGE)
[LLMActionPlayer] API call took 549 ms (model=OPENROUTER size=LARGE)
[LLMActionPlayer] API call took 575 ms (model=OPENROUTER size=LARGE)
[LLMActionPlayer] API call took 1072 ms (model=OPENROUTER size=LARGE)
[LLMActionPlayer] API call took 647 ms (model=OPENROUTER size=LARGE)
[LOSE_GAME,WIN_GAME,LOSE_GAME]
[LLMActionPlayer] API call took 560 ms (model=OPENROUTER size=LARGE)
[LLMActionPlayer] API call took 864 ms (model=OPENROUTER size=LARGE)
[LLMActionPlayer] API call took 527 ms (model=OPENROUTER size=LARGE)
[LLMActionPlayer] API call took 633 ms (model=OPENROUTER size=LARGE)
[LLMActionPlayer] API call took 586 ms (model=OPENROUTER size=LARGE)
[LLMActionPlayer] API call took 534 ms (model=OPENROUTER size=LARGE)
[LLMActionPlayer] API call took 525 ms (model=OPENROUTER size=LARGE)
[LLMActionPlayer] API call took 578 ms (model=OPENROUTER size=LARGE)
[LLMActionPlayer] API call took 536 ms (model=OPENROUTER size=LARGE)
[LLMActionPlayer] API call took 475 ms (model=OPENROUTER size=LARGE)
[LLMActionPlayer] API call took 555 ms (model=OPENROUTER size=LARGE)
[LLMActionPlayer] API call took 597 ms (model=OPENROUTER size=LARGE)
[LLMActionPlayer] API call took 478 ms (model=OPENROUTER size=LARGE)
[LLMActionPlayer] API call took 910 ms (model=OPENROUTER size=LARGE)
[LLMActionPlayer] API call took 559 ms (model=OPENROUTER size=LARGE)
[LLMActionPlayer] API call took 669 ms (model=OPENROUTER size=LARGE)
[LLMActionPlayer] API call took 462 ms (model=OPENROUTER size=LARGE)
[LLMActionPlayer] API call took 686 ms (model=OPENROUTER size=LARGE)
[LLMActionPlayer] API call took 499 ms (model=OPENROUTER size=LARGE)
[LLMActionPlayer] API call took 527 ms (model=OPENROUTER size=LARGE)
[LLMActionPlayer] API call took 662 ms (model=OPENROUTER size=LARGE)
[LLMActionPlayer] API call took 532 ms (model=OPENROUTER size=LARGE)
[LLMActionPlayer] API call took 543 ms (model=OPENROUTER size=LARGE)
[LLMActionPlayer] API call took 532 ms (model=OPENROUTER size=LARGE)
[LLMActionPlayer] API call took 581 ms (model=OPENROUTER size=LARGE)
[WIN_GAME,LOSE_GAME,LOSE_GAME]
[LLMActionPlayer] API call took 481 ms (model=OPENROUTER size=LARGE)
[LLMActionPlayer] API call took 652 ms (model=OPENROUTER size=LARGE)
[LLMActionPlayer] API call took 597 ms (model=OPENROUTER size=LARGE)
[LLMActionPlayer] API call took 684 ms (model=OPENROUTER size=LARGE)
[LLMActionPlayer] API call took 1458 ms (model=OPENROUTER size=LARGE)
[LLMActionPlayer] API call took 564 ms (model=OPENROUTER size=LARGE)
[LLMActionPlayer] API call took 870 ms (model=OPENROUTER size=LARGE)
[LLMActionPlayer] API call took 532 ms (model=OPENROUTER size=LARGE)
[LLMActionPlayer] API call took 682 ms (model=OPENROUTER size=LARGE)
[LLMActionPlayer] API call took 586 ms (model=OPENROUTER size=LARGE)
[LLMActionPlayer] API call took 534 ms (model=OPENROUTER size=LARGE)
[LLMActionPlayer] API call took 538 ms (model=OPENROUTER size=LARGE)
[LLMActionPlayer] API call took 552 ms (model=OPENROUTER size=LARGE)
[LLMActionPlayer] API call took 714 ms (model=OPENROUTER size=LARGE)
[LLMActionPlayer] API call took 702 ms (model=OPENROUTER size=LARGE)
[LLMActionPlayer] API call took 614 ms (model=OPENROUTER size=LARGE)
[LLMActionPlayer] API call took 673 ms (model=OPENROUTER size=LARGE)
[LLMActionPlayer] API call took 588 ms (model=OPENROUTER size=LARGE)
[LLMActionPlayer] API call took 625 ms (model=OPENROUTER size=LARGE)
[LLMActionPlayer] API call took 470 ms (model=OPENROUTER size=LARGE)
[LLMActionPlayer] API call took 648 ms (model=OPENROUTER size=LARGE)
[LLMActionPlayer] API call took 559 ms (model=OPENROUTER size=LARGE)
[LLMActionPlayer] API call took 649 ms (model=OPENROUTER size=LARGE)
[LLMActionPlayer] API call took 551 ms (model=OPENROUTER size=LARGE)
[LLMActionPlayer] API call took 727 ms (model=OPENROUTER size=LARGE)
[LLMActionPlayer] API call took 870 ms (model=OPENROUTER size=LARGE)
[LOSE_GAME,LOSE_GAME,WIN_GAME]
[PhaseBasedEnsemblePlayer,Catan_2,Catan_1]
[LLMActionPlayer] API call took 794 ms (model=OPENROUTER size=LARGE)
[LLMActionPlayer] API call took 556 ms (model=OPENROUTER size=LARGE)
[LLMActionPlayer] API call took 956 ms (model=OPENROUTER size=LARGE)
[LLMActionPlayer] API call took 544 ms (model=OPENROUTER size=LARGE)
[LLMActionPlayer] API call took 610 ms (model=OPENROUTER size=LARGE)
[LLMActionPlayer] API call took 511 ms (model=OPENROUTER size=LARGE)
[LLMActionPlayer] API call took 1123 ms (model=OPENROUTER size=LARGE)
[LLMActionPlayer] API call took 530 ms (model=OPENROUTER size=LARGE)
[LLMActionPlayer] API call took 615 ms (model=OPENROUTER size=LARGE)
[LLMActionPlayer] API call took 496 ms (model=OPENROUTER size=LARGE)
[LLMActionPlayer] API call took 552 ms (model=OPENROUTER size=LARGE)
[LLMActionPlayer] API call took 543 ms (model=OPENROUTER size=LARGE)
[LLMActionPlayer] API call took 561 ms (model=OPENROUTER size=LARGE)
[LLMActionPlayer] API call took 884 ms (model=OPENROUTER size=LARGE)
[LLMActionPlayer] API call took 1273 ms (model=OPENROUTER size=LARGE)
[LLMActionPlayer] API call took 469 ms (model=OPENROUTER size=LARGE)
[LLMActionPlayer] API call took 495 ms (model=OPENROUTER size=LARGE)
[LLMActionPlayer] API call took 710 ms (model=OPENROUTER size=LARGE)
[LLMActionPlayer] API call took 779 ms (model=OPENROUTER size=LARGE)
[LLMActionPlayer] API call took 684 ms (model=OPENROUTER size=LARGE)
[LLMActionPlayer] API call took 476 ms (model=OPENROUTER size=LARGE)
[LLMActionPlayer] API call took 668 ms (model=OPENROUTER size=LARGE)
[LLMActionPlayer] API call took 720 ms (model=OPENROUTER size=LARGE)
[LLMActionPlayer] API call took 515 ms (model=OPENROUTER size=LARGE)
[LLMActionPlayer] API call took 530 ms (model=OPENROUTER size=LARGE)
[LLMActionPlayer] API call took 731 ms (model=OPENROUTER size=LARGE)
[LLMActionPlayer] API call took 556 ms (model=OPENROUTER size=LARGE)
[LLMActionPlayer] API call took 596 ms (model=OPENROUTER size=LARGE)
[LLMActionPlayer] API call took 696 ms (model=OPENROUTER size=LARGE)
[LLMActionPlayer] API call took 727 ms (model=OPENROUTER size=LARGE)
[LLMActionPlayer] API call took 556 ms (model=OPENROUTER size=LARGE)
[LLMActionPlayer] API call took 501 ms (model=OPENROUTER size=LARGE)
[LLMActionPlayer] API call took 548 ms (model=OPENROUTER size=LARGE)
[LLMActionPlayer] API call took 703 ms (model=OPENROUTER size=LARGE)
[LLMActionPlayer] API call took 696 ms (model=OPENROUTER size=LARGE)
[LLMActionPlayer] API call took 562 ms (model=OPENROUTER size=LARGE)
[LLMActionPlayer] API call took 1156 ms (model=OPENROUTER size=LARGE)
[LLMActionPlayer] API call took 663 ms (model=OPENROUTER size=LARGE)
[LLMActionPlayer] API call took 585 ms (model=OPENROUTER size=LARGE)
[LLMActionPlayer] API call took 587 ms (model=OPENROUTER size=LARGE)
[LLMActionPlayer] API call took 719 ms (model=OPENROUTER size=LARGE)
[LLMActionPlayer] API call took 841 ms (model=OPENROUTER size=LARGE)
[LLMActionPlayer] API call took 587 ms (model=OPENROUTER size=LARGE)
[LOSE_GAME,LOSE_GAME,WIN_GAME]
[LLMActionPlayer] API call took 609 ms (model=OPENROUTER size=LARGE)
[LLMActionPlayer] API call took 741 ms (model=OPENROUTER size=LARGE)
[LLMActionPlayer] API call took 578 ms (model=OPENROUTER size=LARGE)
[LLMActionPlayer] API call took 1197 ms (model=OPENROUTER size=LARGE)
[LLMActionPlayer] API call took 1035 ms (model=OPENROUTER size=LARGE)
[LLMActionPlayer] API call took 661 ms (model=OPENROUTER size=LARGE)
[LLMActionPlayer] API call took 620 ms (model=OPENROUTER size=LARGE)
[LLMActionPlayer] API call took 574 ms (model=OPENROUTER size=LARGE)
[LLMActionPlayer] API call took 530 ms (model=OPENROUTER size=LARGE)
[LLMActionPlayer] API call took 567 ms (model=OPENROUTER size=LARGE)
[LLMActionPlayer] API call took 912 ms (model=OPENROUTER size=LARGE)
[LLMActionPlayer] API call took 581 ms (model=OPENROUTER size=LARGE)
[LLMActionPlayer] API call took 533 ms (model=OPENROUTER size=LARGE)
[LLMActionPlayer] API call took 584 ms (model=OPENROUTER size=LARGE)
[LLMActionPlayer] API call took 1277 ms (model=OPENROUTER size=LARGE)
[LLMActionPlayer] API call took 617 ms (model=OPENROUTER size=LARGE)
[LLMActionPlayer] API call took 504 ms (model=OPENROUTER size=LARGE)
[LLMActionPlayer] API call took 574 ms (model=OPENROUTER size=LARGE)
[LLMActionPlayer] API call took 615 ms (model=OPENROUTER size=LARGE)
[LLMActionPlayer] API call took 680 ms (model=OPENROUTER size=LARGE)
[LLMActionPlayer] API call took 615 ms (model=OPENROUTER size=LARGE)
[LLMActionPlayer] API call took 580 ms (model=OPENROUTER size=LARGE)
[LLMActionPlayer] API call took 599 ms (model=OPENROUTER size=LARGE)
[LLMActionPlayer] API call took 529 ms (model=OPENROUTER size=LARGE)
[LOSE_GAME,WIN_GAME,LOSE_GAME]
[LLMActionPlayer] API call took 499 ms (model=OPENROUTER size=LARGE)
[LLMActionPlayer] API call took 924 ms (model=OPENROUTER size=LARGE)
[LLMActionPlayer] API call took 648 ms (model=OPENROUTER size=LARGE)
[LLMActionPlayer] API call took 534 ms (model=OPENROUTER size=LARGE)
[LLMActionPlayer] API call took 723 ms (model=OPENROUTER size=LARGE)
[LLMActionPlayer] API call took 556 ms (model=OPENROUTER size=LARGE)
[LLMActionPlayer] API call took 553 ms (model=OPENROUTER size=LARGE)
[LLMActionPlayer] API call took 688 ms (model=OPENROUTER size=LARGE)
[LLMActionPlayer] API call took 731 ms (model=OPENROUTER size=LARGE)
[LLMActionPlayer] API call took 594 ms (model=OPENROUTER size=LARGE)
[LLMActionPlayer] API call took 1032 ms (model=OPENROUTER size=LARGE)
[LLMActionPlayer] API call took 668 ms (model=OPENROUTER size=LARGE)
[LLMActionPlayer] API call took 592 ms (model=OPENROUTER size=LARGE)
[LLMActionPlayer] API call took 557 ms (model=OPENROUTER size=LARGE)
[LLMActionPlayer] API call took 757 ms (model=OPENROUTER size=LARGE)
[LLMActionPlayer] API call took 576 ms (model=OPENROUTER size=LARGE)
[LLMActionPlayer] API call took 590 ms (model=OPENROUTER size=LARGE)
[LLMActionPlayer] API call took 490 ms (model=OPENROUTER size=LARGE)
[LLMActionPlayer] API call took 596 ms (model=OPENROUTER size=LARGE)
[LLMActionPlayer] API call took 667 ms (model=OPENROUTER size=LARGE)
[LLMActionPlayer] API call took 553 ms (model=OPENROUTER size=LARGE)
[LLMActionPlayer] API call took 498 ms (model=OPENROUTER size=LARGE)
[LLMActionPlayer] API call took 776 ms (model=OPENROUTER size=LARGE)
[LLMActionPlayer] API call took 651 ms (model=OPENROUTER size=LARGE)
[LLMActionPlayer] API call took 560 ms (model=OPENROUTER size=LARGE)
[LLMActionPlayer] API call took 728 ms (model=OPENROUTER size=LARGE)
[LLMActionPlayer] API call took 818 ms (model=OPENROUTER size=LARGE)
[LLMActionPlayer] API call took 516 ms (model=OPENROUTER size=LARGE)
[LLMActionPlayer] API call took 645 ms (model=OPENROUTER size=LARGE)
[LLMActionPlayer] API call took 531 ms (model=OPENROUTER size=LARGE)
[WIN_GAME,LOSE_GAME,LOSE_GAME]
[LLMActionPlayer] API call took 875 ms (model=OPENROUTER size=LARGE)
[LLMActionPlayer] API call took 603 ms (model=OPENROUTER size=LARGE)
[LLMActionPlayer] API call took 818 ms (model=OPENROUTER size=LARGE)
[LLMActionPlayer] API call took 497 ms (model=OPENROUTER size=LARGE)
[LLMActionPlayer] API call took 469 ms (model=OPENROUTER size=LARGE)
[LLMActionPlayer] API call took 712 ms (model=OPENROUTER size=LARGE)
[LLMActionPlayer] API call took 484 ms (model=OPENROUTER size=LARGE)
[LLMActionPlayer] API call took 701 ms (model=OPENROUTER size=LARGE)
[LLMActionPlayer] API call took 504 ms (model=OPENROUTER size=LARGE)
[LLMActionPlayer] API call took 739 ms (model=OPENROUTER size=LARGE)
[LLMActionPlayer] API call took 497 ms (model=OPENROUTER size=LARGE)
[LLMActionPlayer] API call took 645 ms (model=OPENROUTER size=LARGE)
[LLMActionPlayer] API call took 511 ms (model=OPENROUTER size=LARGE)
[LOSE_GAME,LOSE_GAME,WIN_GAME]
[LLMActionPlayer] API call took 599 ms (model=OPENROUTER size=LARGE)
[LLMActionPlayer] API call took 562 ms (model=OPENROUTER size=LARGE)
[LLMActionPlayer] API call took 724 ms (model=OPENROUTER size=LARGE)
[LLMActionPlayer] API call took 650 ms (model=OPENROUTER size=LARGE)
[LLMActionPlayer] API call took 744 ms (model=OPENROUTER size=LARGE)
[LLMActionPlayer] API call took 796 ms (model=OPENROUTER size=LARGE)
[LLMActionPlayer] API call took 534 ms (model=OPENROUTER size=LARGE)
[LLMActionPlayer] API call took 500 ms (model=OPENROUTER size=LARGE)
[LLMActionPlayer] API call took 633 ms (model=OPENROUTER size=LARGE)
[LLMActionPlayer] API call took 538 ms (model=OPENROUTER size=LARGE)
[LLMActionPlayer] API call took 571 ms (model=OPENROUTER size=LARGE)
[LLMActionPlayer] API call took 569 ms (model=OPENROUTER size=LARGE)
[LLMActionPlayer] API call took 606 ms (model=OPENROUTER size=LARGE)
[LLMActionPlayer] API call took 845 ms (model=OPENROUTER size=LARGE)
[LLMActionPlayer] API call took 596 ms (model=OPENROUTER size=LARGE)
[LLMActionPlayer] API call took 662 ms (model=OPENROUTER size=LARGE)
[LLMActionPlayer] API call took 561 ms (model=OPENROUTER size=LARGE)
[LLMActionPlayer] API call took 474 ms (model=OPENROUTER size=LARGE)
[LLMActionPlayer] API call took 734 ms (model=OPENROUTER size=LARGE)
[LLMActionPlayer] API call took 958 ms (model=OPENROUTER size=LARGE)
[LLMActionPlayer] API call took 608 ms (model=OPENROUTER size=LARGE)
[LLMActionPlayer] API call took 651 ms (model=OPENROUTER size=LARGE)
[LLMActionPlayer] API call took 737 ms (model=OPENROUTER size=LARGE)
[LLMActionPlayer] API call took 1012 ms (model=OPENROUTER size=LARGE)
[LLMActionPlayer] API call took 690 ms (model=OPENROUTER size=LARGE)
[LLMActionPlayer] API call took 995 ms (model=OPENROUTER size=LARGE)
[LLMActionPlayer] API call took 594 ms (model=OPENROUTER size=LARGE)
[LOSE_GAME,WIN_GAME,LOSE_GAME]
[LLMActionPlayer] API call took 803 ms (model=OPENROUTER size=LARGE)
[LLMActionPlayer] API call took 670 ms (model=OPENROUTER size=LARGE)
[LLMActionPlayer] API call took 586 ms (model=OPENROUTER size=LARGE)
[LLMActionPlayer] API call took 555 ms (model=OPENROUTER size=LARGE)
[LLMActionPlayer] API call took 468 ms (model=OPENROUTER size=LARGE)
[LLMActionPlayer] API call took 463 ms (model=OPENROUTER size=LARGE)
[LLMActionPlayer] API call took 655 ms (model=OPENROUTER size=LARGE)
[LLMActionPlayer] API call took 588 ms (model=OPENROUTER size=LARGE)
[LLMActionPlayer] API call took 617 ms (model=OPENROUTER size=LARGE)
[LLMActionPlayer] API call took 569 ms (model=OPENROUTER size=LARGE)
[LLMActionPlayer] API call took 461 ms (model=OPENROUTER size=LARGE)
[LLMActionPlayer] API call took 540 ms (model=OPENROUTER size=LARGE)
[LLMActionPlayer] API call took 695 ms (model=OPENROUTER size=LARGE)
[LLMActionPlayer] API call took 493 ms (model=OPENROUTER size=LARGE)
[LLMActionPlayer] API call took 569 ms (model=OPENROUTER size=LARGE)
[LLMActionPlayer] API call took 1509 ms (model=OPENROUTER size=LARGE)
[LLMActionPlayer] API call took 717 ms (model=OPENROUTER size=LARGE)
[LLMActionPlayer] API call took 660 ms (model=OPENROUTER size=LARGE)
[LLMActionPlayer] API call took 813 ms (model=OPENROUTER size=LARGE)
[LLMActionPlayer] API call took 466 ms (model=OPENROUTER size=LARGE)
[LLMActionPlayer] API call took 722 ms (model=OPENROUTER size=LARGE)
[LLMActionPlayer] API call took 617 ms (model=OPENROUTER size=LARGE)
[LLMActionPlayer] API call took 478 ms (model=OPENROUTER size=LARGE)
[LLMActionPlayer] API call took 1151 ms (model=OPENROUTER size=LARGE)
[LLMActionPlayer] API call took 755 ms (model=OPENROUTER size=LARGE)
[LLMActionPlayer] API call took 486 ms (model=OPENROUTER size=LARGE)
[LLMActionPlayer] API call took 581 ms (model=OPENROUTER size=LARGE)
[LLMActionPlayer] API call took 503 ms (model=OPENROUTER size=LARGE)
[LLMActionPlayer] API call took 756 ms (model=OPENROUTER size=LARGE)
[LLMActionPlayer] API call took 691 ms (model=OPENROUTER size=LARGE)
[LLMActionPlayer] API call took 1252 ms (model=OPENROUTER size=LARGE)
[LLMActionPlayer] API call took 537 ms (model=OPENROUTER size=LARGE)
[LLMActionPlayer] API call took 2205 ms (model=OPENROUTER size=LARGE)
[WIN_GAME,LOSE_GAME,LOSE_GAME]
[LLMActionPlayer] API call took 500 ms (model=OPENROUTER size=LARGE)
[LLMActionPlayer] API call took 526 ms (model=OPENROUTER size=LARGE)
[LLMActionPlayer] API call took 532 ms (model=OPENROUTER size=LARGE)
[LLMActionPlayer] API call took 724 ms (model=OPENROUTER size=LARGE)
[LLMActionPlayer] API call took 471 ms (model=OPENROUTER size=LARGE)
[LLMActionPlayer] API call took 562 ms (model=OPENROUTER size=LARGE)
[LLMActionPlayer] API call took 551 ms (model=OPENROUTER size=LARGE)
[LLMActionPlayer] API call took 514 ms (model=OPENROUTER size=LARGE)
[LLMActionPlayer] API call took 600 ms (model=OPENROUTER size=LARGE)
[LLMActionPlayer] API call took 581 ms (model=OPENROUTER size=LARGE)
[LLMActionPlayer] API call took 633 ms (model=OPENROUTER size=LARGE)
[LLMActionPlayer] API call took 530 ms (model=OPENROUTER size=LARGE)
[LLMActionPlayer] API call took 646 ms (model=OPENROUTER size=LARGE)
[LLMActionPlayer] API call took 544 ms (model=OPENROUTER size=LARGE)
[LLMActionPlayer] API call took 1103 ms (model=OPENROUTER size=LARGE)
[LLMActionPlayer] API call took 545 ms (model=OPENROUTER size=LARGE)
[LLMActionPlayer] API call took 730 ms (model=OPENROUTER size=LARGE)
[LLMActionPlayer] API call took 476 ms (model=OPENROUTER size=LARGE)
[LLMActionPlayer] API call took 562 ms (model=OPENROUTER size=LARGE)
[LLMActionPlayer] API call took 534 ms (model=OPENROUTER size=LARGE)
[LLMActionPlayer] API call took 759 ms (model=OPENROUTER size=LARGE)
[LLMActionPlayer] API call took 664 ms (model=OPENROUTER size=LARGE)
[LLMActionPlayer] API call took 593 ms (model=OPENROUTER size=LARGE)
[LLMActionPlayer] API call took 543 ms (model=OPENROUTER size=LARGE)
[LLMActionPlayer] API call took 439 ms (model=OPENROUTER size=LARGE)
[LLMActionPlayer] API call took 1012 ms (model=OPENROUTER size=LARGE)
[LLMActionPlayer] API call took 616 ms (model=OPENROUTER size=LARGE)
[LLMActionPlayer] API call took 539 ms (model=OPENROUTER size=LARGE)
[LLMActionPlayer] API call took 529 ms (model=OPENROUTER size=LARGE)
[LLMActionPlayer] API call took 669 ms (model=OPENROUTER size=LARGE)
[LLMActionPlayer] API call took 693 ms (model=OPENROUTER size=LARGE)
[LLMActionPlayer] API call took 667 ms (model=OPENROUTER size=LARGE)
[LLMActionPlayer] API call took 480 ms (model=OPENROUTER size=LARGE)
[WIN_GAME,LOSE_GAME,LOSE_GAME]
[LLMActionPlayer] API call took 734 ms (model=OPENROUTER size=LARGE)
[LLMActionPlayer] API call took 615 ms (model=OPENROUTER size=LARGE)
[LLMActionPlayer] API call took 589 ms (model=OPENROUTER size=LARGE)
[LLMActionPlayer] API call took 478 ms (model=OPENROUTER size=LARGE)
[LLMActionPlayer] API call took 668 ms (model=OPENROUTER size=LARGE)
[LLMActionPlayer] API call took 432 ms (model=OPENROUTER size=LARGE)
[LLMActionPlayer] API call took 1029 ms (model=OPENROUTER size=LARGE)
[LLMActionPlayer] API call took 544 ms (model=OPENROUTER size=LARGE)
[LLMActionPlayer] API call took 545 ms (model=OPENROUTER size=LARGE)
[LLMActionPlayer] API call took 1242 ms (model=OPENROUTER size=LARGE)
[LLMActionPlayer] API call took 591 ms (model=OPENROUTER size=LARGE)
[LLMActionPlayer] API call took 478 ms (model=OPENROUTER size=LARGE)
[LLMActionPlayer] API call took 683 ms (model=OPENROUTER size=LARGE)
[LLMActionPlayer] API call took 534 ms (model=OPENROUTER size=LARGE)
[LLMActionPlayer] API call took 448 ms (model=OPENROUTER size=LARGE)
[LLMActionPlayer] API call took 565 ms (model=OPENROUTER size=LARGE)
[LLMActionPlayer] API call took 555 ms (model=OPENROUTER size=LARGE)
[LLMActionPlayer] API call took 1380 ms (model=OPENROUTER size=LARGE)
[LLMActionPlayer] API call took 585 ms (model=OPENROUTER size=LARGE)
[LLMActionPlayer] API call took 474 ms (model=OPENROUTER size=LARGE)
[LLMActionPlayer] API call took 596 ms (model=OPENROUTER size=LARGE)
[LLMActionPlayer] API call took 542 ms (model=OPENROUTER size=LARGE)
[LLMActionPlayer] API call took 514 ms (model=OPENROUTER size=LARGE)
[LLMActionPlayer] API call took 815 ms (model=OPENROUTER size=LARGE)
[LLMActionPlayer] API call took 653 ms (model=OPENROUTER size=LARGE)
[LLMActionPlayer] API call took 557 ms (model=OPENROUTER size=LARGE)
[LLMActionPlayer] API call took 655 ms (model=OPENROUTER size=LARGE)
[LLMActionPlayer] API call took 715 ms (model=OPENROUTER size=LARGE)
[LLMActionPlayer] API call took 673 ms (model=OPENROUTER size=LARGE)
[LOSE_GAME,LOSE_GAME,WIN_GAME]
[LLMActionPlayer] API call took 655 ms (model=OPENROUTER size=LARGE)
[LLMActionPlayer] API call took 715 ms (model=OPENROUTER size=LARGE)
[LLMActionPlayer] API call took 609 ms (model=OPENROUTER size=LARGE)
[LLMActionPlayer] API call took 489 ms (model=OPENROUTER size=LARGE)
[LLMActionPlayer] API call took 666 ms (model=OPENROUTER size=LARGE)
[LLMActionPlayer] API call took 486 ms (model=OPENROUTER size=LARGE)
[LLMActionPlayer] API call took 677 ms (model=OPENROUTER size=LARGE)
[LLMActionPlayer] API call took 713 ms (model=OPENROUTER size=LARGE)
[LLMActionPlayer] API call took 477 ms (model=OPENROUTER size=LARGE)
[LLMActionPlayer] API call took 932 ms (model=OPENROUTER size=LARGE)
[LLMActionPlayer] API call took 688 ms (model=OPENROUTER size=LARGE)
[LLMActionPlayer] API call took 1993 ms (model=OPENROUTER size=LARGE)
[LLMActionPlayer] API call took 551 ms (model=OPENROUTER size=LARGE)
[LLMActionPlayer] API call took 659 ms (model=OPENROUTER size=LARGE)
[LLMActionPlayer] API call took 666 ms (model=OPENROUTER size=LARGE)
[WIN_GAME,LOSE_GAME,LOSE_GAME]
[LLMActionPlayer] API call took 684 ms (model=OPENROUTER size=LARGE)
[LLMActionPlayer] API call took 1626 ms (model=OPENROUTER size=LARGE)
[LLMActionPlayer] API call took 577 ms (model=OPENROUTER size=LARGE)
[LLMActionPlayer] API call took 700 ms (model=OPENROUTER size=LARGE)
[LLMActionPlayer] API call took 593 ms (model=OPENROUTER size=LARGE)
[LLMActionPlayer] API call took 675 ms (model=OPENROUTER size=LARGE)
[LLMActionPlayer] API call took 649 ms (model=OPENROUTER size=LARGE)
[LLMActionPlayer] API call took 563 ms (model=OPENROUTER size=LARGE)
[LLMActionPlayer] API call took 1554 ms (model=OPENROUTER size=LARGE)
[LLMActionPlayer] API call took 464 ms (model=OPENROUTER size=LARGE)
[LLMActionPlayer] API call took 669 ms (model=OPENROUTER size=LARGE)
[LLMActionPlayer] API call took 745 ms (model=OPENROUTER size=LARGE)
[LLMActionPlayer] API call took 555 ms (model=OPENROUTER size=LARGE)
[LLMActionPlayer] API call took 530 ms (model=OPENROUTER size=LARGE)
[LLMActionPlayer] API call took 748 ms (model=OPENROUTER size=LARGE)
[LLMActionPlayer] API call took 1164 ms (model=OPENROUTER size=LARGE)
[LLMActionPlayer] API call took 679 ms (model=OPENROUTER size=LARGE)
[LLMActionPlayer] API call took 573 ms (model=OPENROUTER size=LARGE)
[LLMActionPlayer] API call took 663 ms (model=OPENROUTER size=LARGE)
[LLMActionPlayer] API call took 494 ms (model=OPENROUTER size=LARGE)
[LLMActionPlayer] API call took 579 ms (model=OPENROUTER size=LARGE)
[LLMActionPlayer] API call took 946 ms (model=OPENROUTER size=LARGE)
[LLMActionPlayer] API call took 820 ms (model=OPENROUTER size=LARGE)
[LLMActionPlayer] API call took 932 ms (model=OPENROUTER size=LARGE)
[LLMActionPlayer] API call took 783 ms (model=OPENROUTER size=LARGE)
[LLMActionPlayer] API call took 733 ms (model=OPENROUTER size=LARGE)
[LLMActionPlayer] API call took 478 ms (model=OPENROUTER size=LARGE)
[LLMActionPlayer] API call took 578 ms (model=OPENROUTER size=LARGE)
[LLMActionPlayer] API call took 506 ms (model=OPENROUTER size=LARGE)
[LLMActionPlayer] API call took 1217 ms (model=OPENROUTER size=LARGE)
[LOSE_GAME,WIN_GAME,LOSE_GAME]
[LLMActionPlayer] API call took 911 ms (model=OPENROUTER size=LARGE)
[LLMActionPlayer] API call took 687 ms (model=OPENROUTER size=LARGE)
[LLMActionPlayer] API call took 542 ms (model=OPENROUTER size=LARGE)
[LLMActionPlayer] API call took 574 ms (model=OPENROUTER size=LARGE)
[LLMActionPlayer] API call took 1133 ms (model=OPENROUTER size=LARGE)
[LLMActionPlayer] API call took 486 ms (model=OPENROUTER size=LARGE)
[LLMActionPlayer] API call took 1036 ms (model=OPENROUTER size=LARGE)
[LLMActionPlayer] API call took 673 ms (model=OPENROUTER size=LARGE)
[LLMActionPlayer] API call took 598 ms (model=OPENROUTER size=LARGE)
[LLMActionPlayer] API call took 658 ms (model=OPENROUTER size=LARGE)
[LLMActionPlayer] API call took 692 ms (model=OPENROUTER size=LARGE)
[LLMActionPlayer] API call took 4961 ms (model=OPENROUTER size=LARGE)
[LLMActionPlayer] API call took 635 ms (model=OPENROUTER size=LARGE)
[LLMActionPlayer] API call took 1286 ms (model=OPENROUTER size=LARGE)
[LLMActionPlayer] API call took 671 ms (model=OPENROUTER size=LARGE)
[LLMActionPlayer] API call took 851 ms (model=OPENROUTER size=LARGE)
[LLMActionPlayer] API call took 667 ms (model=OPENROUTER size=LARGE)
[LLMActionPlayer] API call took 627 ms (model=OPENROUTER size=LARGE)
[LLMActionPlayer] API call took 594 ms (model=OPENROUTER size=LARGE)
[LLMActionPlayer] API call took 710 ms (model=OPENROUTER size=LARGE)
[LLMActionPlayer] API call took 597 ms (model=OPENROUTER size=LARGE)
[LLMActionPlayer] API call took 622 ms (model=OPENROUTER size=LARGE)
[LLMActionPlayer] API call took 604 ms (model=OPENROUTER size=LARGE)
[LLMActionPlayer] API call took 594 ms (model=OPENROUTER size=LARGE)
[LLMActionPlayer] API call took 529 ms (model=OPENROUTER size=LARGE)
[LLMActionPlayer] API call took 659 ms (model=OPENROUTER size=LARGE)
[LLMActionPlayer] API call took 616 ms (model=OPENROUTER size=LARGE)
[LLMActionPlayer] API call took 698 ms (model=OPENROUTER size=LARGE)
[LLMActionPlayer] API call took 687 ms (model=OPENROUTER size=LARGE)
[LLMActionPlayer] API call took 730 ms (model=OPENROUTER size=LARGE)
[LLMActionPlayer] API call took 466 ms (model=OPENROUTER size=LARGE)
[LLMActionPlayer] API call took 1133 ms (model=OPENROUTER size=LARGE)
[LLMActionPlayer] API call took 652 ms (model=OPENROUTER size=LARGE)
[WIN_GAME,LOSE_GAME,LOSE_GAME]
[LLMActionPlayer] API call took 543 ms (model=OPENROUTER size=LARGE)
[LLMActionPlayer] API call took 536 ms (model=OPENROUTER size=LARGE)
[LLMActionPlayer] API call took 611 ms (model=OPENROUTER size=LARGE)
[LLMActionPlayer] API call took 956 ms (model=OPENROUTER size=LARGE)
[LLMActionPlayer] API call took 516 ms (model=OPENROUTER size=LARGE)
[LLMActionPlayer] API call took 534 ms (model=OPENROUTER size=LARGE)
[LLMActionPlayer] API call took 735 ms (model=OPENROUTER size=LARGE)
[LLMActionPlayer] API call took 687 ms (model=OPENROUTER size=LARGE)
[LLMActionPlayer] API call took 892 ms (model=OPENROUTER size=LARGE)
[LLMActionPlayer] API call took 534 ms (model=OPENROUTER size=LARGE)
[LLMActionPlayer] API call took 1190 ms (model=OPENROUTER size=LARGE)
[LLMActionPlayer] API call took 1196 ms (model=OPENROUTER size=LARGE)
[LLMActionPlayer] API call took 524 ms (model=OPENROUTER size=LARGE)
[LLMActionPlayer] API call took 610 ms (model=OPENROUTER size=LARGE)
[LLMActionPlayer] API call took 687 ms (model=OPENROUTER size=LARGE)
[LLMActionPlayer] API call took 665 ms (model=OPENROUTER size=LARGE)
[LLMActionPlayer] API call took 549 ms (model=OPENROUTER size=LARGE)
[LLMActionPlayer] API call took 613 ms (model=OPENROUTER size=LARGE)
[LLMActionPlayer] API call took 703 ms (model=OPENROUTER size=LARGE)
[WIN_GAME,LOSE_GAME,LOSE_GAME]
[LLMActionPlayer] API call took 604 ms (model=OPENROUTER size=LARGE)
[LLMActionPlayer] API call took 613 ms (model=OPENROUTER size=LARGE)
[LLMActionPlayer] API call took 712 ms (model=OPENROUTER size=LARGE)
[LLMActionPlayer] API call took 831 ms (model=OPENROUTER size=LARGE)
[LLMActionPlayer] API call took 581 ms (model=OPENROUTER size=LARGE)
[LLMActionPlayer] API call took 770 ms (model=OPENROUTER size=LARGE)
[LLMActionPlayer] API call took 524 ms (model=OPENROUTER size=LARGE)
[LLMActionPlayer] API call took 828 ms (model=OPENROUTER size=LARGE)
[LLMActionPlayer] API call took 560 ms (model=OPENROUTER size=LARGE)
[LLMActionPlayer] API call took 596 ms (model=OPENROUTER size=LARGE)
[LLMActionPlayer] API call took 545 ms (model=OPENROUTER size=LARGE)
[LLMActionPlayer] API call took 525 ms (model=OPENROUTER size=LARGE)
[LLMActionPlayer] API call took 462 ms (model=OPENROUTER size=LARGE)
[LLMActionPlayer] API call took 533 ms (model=OPENROUTER size=LARGE)
[LLMActionPlayer] API call took 978 ms (model=OPENROUTER size=LARGE)
[LLMActionPlayer] API call took 586 ms (model=OPENROUTER size=LARGE)
[LLMActionPlayer] API call took 487 ms (model=OPENROUTER size=LARGE)
[LLMActionPlayer] API call took 1253 ms (model=OPENROUTER size=LARGE)
[LLMActionPlayer] API call took 702 ms (model=OPENROUTER size=LARGE)
[LLMActionPlayer] API call took 922 ms (model=OPENROUTER size=LARGE)
[LLMActionPlayer] API call took 598 ms (model=OPENROUTER size=LARGE)
[LLMActionPlayer] API call took 721 ms (model=OPENROUTER size=LARGE)
[LLMActionPlayer] API call took 522 ms (model=OPENROUTER size=LARGE)
[LLMActionPlayer] API call took 654 ms (model=OPENROUTER size=LARGE)
[LLMActionPlayer] API call took 551 ms (model=OPENROUTER size=LARGE)
[LOSE_GAME,LOSE_GAME,WIN_GAME]
[LLMActionPlayer] API call took 641 ms (model=OPENROUTER size=LARGE)
[LLMActionPlayer] API call took 589 ms (model=OPENROUTER size=LARGE)
[LLMActionPlayer] API call took 722 ms (model=OPENROUTER size=LARGE)
[LLMActionPlayer] API call took 554 ms (model=OPENROUTER size=LARGE)
[LLMActionPlayer] API call took 660 ms (model=OPENROUTER size=LARGE)
[LLMActionPlayer] API call took 530 ms (model=OPENROUTER size=LARGE)
[LLMActionPlayer] API call took 797 ms (model=OPENROUTER size=LARGE)
[LLMActionPlayer] API call took 1245 ms (model=OPENROUTER size=LARGE)
[LLMActionPlayer] API call took 540 ms (model=OPENROUTER size=LARGE)
[LLMActionPlayer] API call took 1768 ms (model=OPENROUTER size=LARGE)
[LLMActionPlayer] API call took 506 ms (model=OPENROUTER size=LARGE)
[LLMActionPlayer] API call took 590 ms (model=OPENROUTER size=LARGE)
[LLMActionPlayer] API call took 641 ms (model=OPENROUTER size=LARGE)
[LLMActionPlayer] API call took 1055 ms (model=OPENROUTER size=LARGE)
[LLMActionPlayer] API call took 489 ms (model=OPENROUTER size=LARGE)
[LLMActionPlayer] API call took 857 ms (model=OPENROUTER size=LARGE)
[LLMActionPlayer] API call took 568 ms (model=OPENROUTER size=LARGE)
[LLMActionPlayer] API call took 655 ms (model=OPENROUTER size=LARGE)
[LLMActionPlayer] API call took 582 ms (model=OPENROUTER size=LARGE)
[LLMActionPlayer] API call took 559 ms (model=OPENROUTER size=LARGE)
[LLMActionPlayer] API call took 555 ms (model=OPENROUTER size=LARGE)
[LLMActionPlayer] API call took 651 ms (model=OPENROUTER size=LARGE)
[LLMActionPlayer] API call took 545 ms (model=OPENROUTER size=LARGE)
[LLMActionPlayer] API call took 567 ms (model=OPENROUTER size=LARGE)
[LLMActionPlayer] API call took 526 ms (model=OPENROUTER size=LARGE)
[LLMActionPlayer] API call took 561 ms (model=OPENROUTER size=LARGE)
[LLMActionPlayer] API call took 500 ms (model=OPENROUTER size=LARGE)
[LLMActionPlayer] API call took 643 ms (model=OPENROUTER size=LARGE)
[LLMActionPlayer] API call took 639 ms (model=OPENROUTER size=LARGE)
[LLMActionPlayer] API call took 618 ms (model=OPENROUTER size=LARGE)
[LLMActionPlayer] API call took 590 ms (model=OPENROUTER size=LARGE)
[LLMActionPlayer] API call took 696 ms (model=OPENROUTER size=LARGE)
[LLMActionPlayer] API call took 564 ms (model=OPENROUTER size=LARGE)
[LLMActionPlayer] API call took 664 ms (model=OPENROUTER size=LARGE)
[LLMActionPlayer] API call took 396 ms (model=OPENROUTER size=LARGE)
[LLMActionPlayer] API call took 597 ms (model=OPENROUTER size=LARGE)
[LLMActionPlayer] API call took 635 ms (model=OPENROUTER size=LARGE)
[LLMActionPlayer] API call took 618 ms (model=OPENROUTER size=LARGE)
[LLMActionPlayer] API call took 1193 ms (model=OPENROUTER size=LARGE)
[LLMActionPlayer] API call took 852 ms (model=OPENROUTER size=LARGE)
[LLMActionPlayer] API call took 763 ms (model=OPENROUTER size=LARGE)
[LLMActionPlayer] API call took 680 ms (model=OPENROUTER size=LARGE)
[LLMActionPlayer] API call took 634 ms (model=OPENROUTER size=LARGE)
[LLMActionPlayer] API call took 812 ms (model=OPENROUTER size=LARGE)
[LLMActionPlayer] API call took 1011 ms (model=OPENROUTER size=LARGE)
[LLMActionPlayer] API call took 478 ms (model=OPENROUTER size=LARGE)
[WIN_GAME,LOSE_GAME,LOSE_GAME]
[LLMActionPlayer] API call took 555 ms (model=OPENROUTER size=LARGE)
[LLMActionPlayer] API call took 898 ms (model=OPENROUTER size=LARGE)
[LLMActionPlayer] API call took 643 ms (model=OPENROUTER size=LARGE)
[LLMActionPlayer] API call took 619 ms (model=OPENROUTER size=LARGE)
[LLMActionPlayer] API call took 691 ms (model=OPENROUTER size=LARGE)
[LLMActionPlayer] API call took 885 ms (model=OPENROUTER size=LARGE)
[LLMActionPlayer] API call took 584 ms (model=OPENROUTER size=LARGE)
[LLMActionPlayer] API call took 600 ms (model=OPENROUTER size=LARGE)
[LLMActionPlayer] API call took 602 ms (model=OPENROUTER size=LARGE)
[LLMActionPlayer] API call took 872 ms (model=OPENROUTER size=LARGE)
[LLMActionPlayer] API call took 1194 ms (model=OPENROUTER size=LARGE)
[LLMActionPlayer] API call took 672 ms (model=OPENROUTER size=LARGE)
[LLMActionPlayer] API call took 552 ms (model=OPENROUTER size=LARGE)
[LLMActionPlayer] API call took 674 ms (model=OPENROUTER size=LARGE)
[LLMActionPlayer] API call took 477 ms (model=OPENROUTER size=LARGE)
[LLMActionPlayer] API call took 544 ms (model=OPENROUTER size=LARGE)
[LLMActionPlayer] API call took 566 ms (model=OPENROUTER size=LARGE)
[LLMActionPlayer] API call took 539 ms (model=OPENROUTER size=LARGE)
[LLMActionPlayer] API call took 499 ms (model=OPENROUTER size=LARGE)
[LLMActionPlayer] API call took 656 ms (model=OPENROUTER size=LARGE)
[LLMActionPlayer] API call took 498 ms (model=OPENROUTER size=LARGE)
[LLMActionPlayer] API call took 669 ms (model=OPENROUTER size=LARGE)
[LLMActionPlayer] API call took 555 ms (model=OPENROUTER size=LARGE)
[LLMActionPlayer] API call took 685 ms (model=OPENROUTER size=LARGE)
[LOSE_GAME,WIN_GAME,LOSE_GAME]
[LLMActionPlayer] API call took 646 ms (model=OPENROUTER size=LARGE)
[LLMActionPlayer] API call took 870 ms (model=OPENROUTER size=LARGE)
[LLMActionPlayer] API call took 581 ms (model=OPENROUTER size=LARGE)
[LLMActionPlayer] API call took 578 ms (model=OPENROUTER size=LARGE)
[LLMActionPlayer] API call took 545 ms (model=OPENROUTER size=LARGE)
[LLMActionPlayer] API call took 822 ms (model=OPENROUTER size=LARGE)
[LLMActionPlayer] API call took 582 ms (model=OPENROUTER size=LARGE)
[LLMActionPlayer] API call took 494 ms (model=OPENROUTER size=LARGE)
[LLMActionPlayer] API call took 581 ms (model=OPENROUTER size=LARGE)
[LLMActionPlayer] API call took 701 ms (model=OPENROUTER size=LARGE)
[LLMActionPlayer] API call took 1014 ms (model=OPENROUTER size=LARGE)
[LLMActionPlayer] API call took 628 ms (model=OPENROUTER size=LARGE)
[LLMActionPlayer] API call took 594 ms (model=OPENROUTER size=LARGE)
[LLMActionPlayer] API call took 657 ms (model=OPENROUTER size=LARGE)
[LLMActionPlayer] API call took 608 ms (model=OPENROUTER size=LARGE)
[LLMActionPlayer] API call took 497 ms (model=OPENROUTER size=LARGE)
[LLMActionPlayer] API call took 625 ms (model=OPENROUTER size=LARGE)
[LLMActionPlayer] API call took 684 ms (model=OPENROUTER size=LARGE)
[LLMActionPlayer] API call took 634 ms (model=OPENROUTER size=LARGE)
[LLMActionPlayer] API call took 532 ms (model=OPENROUTER size=LARGE)
[LLMActionPlayer] API call took 569 ms (model=OPENROUTER size=LARGE)
[LLMActionPlayer] API call took 575 ms (model=OPENROUTER size=LARGE)
[LLMActionPlayer] API call took 709 ms (model=OPENROUTER size=LARGE)
[LLMActionPlayer] API call took 1372 ms (model=OPENROUTER size=LARGE)
[LLMActionPlayer] API call took 453 ms (model=OPENROUTER size=LARGE)
[LLMActionPlayer] API call took 497 ms (model=OPENROUTER size=LARGE)
[LLMActionPlayer] API call took 577 ms (model=OPENROUTER size=LARGE)
[LLMActionPlayer] API call took 610 ms (model=OPENROUTER size=LARGE)
[LLMActionPlayer] API call took 556 ms (model=OPENROUTER size=LARGE)
[LLMActionPlayer] API call took 709 ms (model=OPENROUTER size=LARGE)
[LLMActionPlayer] API call took 507 ms (model=OPENROUTER size=LARGE)
[LLMActionPlayer] API call took 1180 ms (model=OPENROUTER size=LARGE)
[LOSE_GAME,LOSE_GAME,WIN_GAME]
[LLMActionPlayer] API call took 739 ms (model=OPENROUTER size=LARGE)
[LLMActionPlayer] API call took 531 ms (model=OPENROUTER size=LARGE)
[LLMActionPlayer] API call took 590 ms (model=OPENROUTER size=LARGE)
[LLMActionPlayer] API call took 891 ms (model=OPENROUTER size=LARGE)
[LLMActionPlayer] API call took 641 ms (model=OPENROUTER size=LARGE)
[LLMActionPlayer] API call took 935 ms (model=OPENROUTER size=LARGE)
[LLMActionPlayer] API call took 651 ms (model=OPENROUTER size=LARGE)
[LLMActionPlayer] API call took 913 ms (model=OPENROUTER size=LARGE)
[LLMActionPlayer] API call took 482 ms (model=OPENROUTER size=LARGE)
[LLMActionPlayer] API call took 726 ms (model=OPENROUTER size=LARGE)
[LLMActionPlayer] API call took 684 ms (model=OPENROUTER size=LARGE)
[LLMActionPlayer] API call took 852 ms (model=OPENROUTER size=LARGE)
[LLMActionPlayer] API call took 530 ms (model=OPENROUTER size=LARGE)
[LLMActionPlayer] API call took 579 ms (model=OPENROUTER size=LARGE)
[LLMActionPlayer] API call took 595 ms (model=OPENROUTER size=LARGE)
[LLMActionPlayer] API call took 635 ms (model=OPENROUTER size=LARGE)
[LLMActionPlayer] API call took 511 ms (model=OPENROUTER size=LARGE)
[LLMActionPlayer] API call took 559 ms (model=OPENROUTER size=LARGE)
[LLMActionPlayer] API call took 677 ms (model=OPENROUTER size=LARGE)
[LLMActionPlayer] API call took 636 ms (model=OPENROUTER size=LARGE)
[LLMActionPlayer] API call took 1090 ms (model=OPENROUTER size=LARGE)
[LLMActionPlayer] API call took 427 ms (model=OPENROUTER size=LARGE)
[LLMActionPlayer] API call took 593 ms (model=OPENROUTER size=LARGE)
[LLMActionPlayer] API call took 533 ms (model=OPENROUTER size=LARGE)
[LLMActionPlayer] API call took 746 ms (model=OPENROUTER size=LARGE)
[LLMActionPlayer] API call took 583 ms (model=OPENROUTER size=LARGE)
[LLMActionPlayer] API call took 525 ms (model=OPENROUTER size=LARGE)
[LLMActionPlayer] API call took 706 ms (model=OPENROUTER size=LARGE)
[LLMActionPlayer] API call took 611 ms (model=OPENROUTER size=LARGE)
[LLMActionPlayer] API call took 484 ms (model=OPENROUTER size=LARGE)
[LLMActionPlayer] API call took 666 ms (model=OPENROUTER size=LARGE)
[LLMActionPlayer] API call took 692 ms (model=OPENROUTER size=LARGE)
[LLMActionPlayer] API call took 526 ms (model=OPENROUTER size=LARGE)
[LLMActionPlayer] API call took 522 ms (model=OPENROUTER size=LARGE)
[LLMActionPlayer] API call took 576 ms (model=OPENROUTER size=LARGE)
[LLMActionPlayer] API call took 594 ms (model=OPENROUTER size=LARGE)
[LLMActionPlayer] API call took 535 ms (model=OPENROUTER size=LARGE)
[LLMActionPlayer] API call took 524 ms (model=OPENROUTER size=LARGE)
[LLMActionPlayer] API call took 583 ms (model=OPENROUTER size=LARGE)
[LOSE_GAME,LOSE_GAME,WIN_GAME]
[LLMActionPlayer] API call took 647 ms (model=OPENROUTER size=LARGE)
[LLMActionPlayer] API call took 532 ms (model=OPENROUTER size=LARGE)
[LLMActionPlayer] API call took 622 ms (model=OPENROUTER size=LARGE)
[LLMActionPlayer] API call took 515 ms (model=OPENROUTER size=LARGE)
[LLMActionPlayer] API call took 673 ms (model=OPENROUTER size=LARGE)
[LLMActionPlayer] API call took 1005 ms (model=OPENROUTER size=LARGE)
[LLMActionPlayer] API call took 479 ms (model=OPENROUTER size=LARGE)
[LLMActionPlayer] API call took 712 ms (model=OPENROUTER size=LARGE)
[LLMActionPlayer] API call took 494 ms (model=OPENROUTER size=LARGE)
[LLMActionPlayer] API call took 711 ms (model=OPENROUTER size=LARGE)
[LLMActionPlayer] API call took 473 ms (model=OPENROUTER size=LARGE)
[LLMActionPlayer] API call took 752 ms (model=OPENROUTER size=LARGE)
[LLMActionPlayer] API call took 535 ms (model=OPENROUTER size=LARGE)
[LLMActionPlayer] API call took 619 ms (model=OPENROUTER size=LARGE)
[LLMActionPlayer] API call took 650 ms (model=OPENROUTER size=LARGE)
[LLMActionPlayer] API call took 553 ms (model=OPENROUTER size=LARGE)
[LLMActionPlayer] API call took 560 ms (model=OPENROUTER size=LARGE)
[LLMActionPlayer] API call took 575 ms (model=OPENROUTER size=LARGE)
[LLMActionPlayer] API call took 694 ms (model=OPENROUTER size=LARGE)
[LLMActionPlayer] API call took 641 ms (model=OPENROUTER size=LARGE)
[LLMActionPlayer] API call took 606 ms (model=OPENROUTER size=LARGE)
[LLMActionPlayer] API call took 719 ms (model=OPENROUTER size=LARGE)
[LLMActionPlayer] API call took 712 ms (model=OPENROUTER size=LARGE)
[LLMActionPlayer] API call took 603 ms (model=OPENROUTER size=LARGE)
[LLMActionPlayer] API call took 613 ms (model=OPENROUTER size=LARGE)
[LLMActionPlayer] API call took 575 ms (model=OPENROUTER size=LARGE)
[LLMActionPlayer] API call took 660 ms (model=OPENROUTER size=LARGE)
[LLMActionPlayer] API call took 571 ms (model=OPENROUTER size=LARGE)
[LLMActionPlayer] API call took 596 ms (model=OPENROUTER size=LARGE)
[LLMActionPlayer] API call took 1373 ms (model=OPENROUTER size=LARGE)
[LLMActionPlayer] API call took 616 ms (model=OPENROUTER size=LARGE)
[LLMActionPlayer] API call took 599 ms (model=OPENROUTER size=LARGE)
[LLMActionPlayer] API call took 519 ms (model=OPENROUTER size=LARGE)
[LLMActionPlayer] API call took 702 ms (model=OPENROUTER size=LARGE)
[LLMActionPlayer] API call took 567 ms (model=OPENROUTER size=LARGE)
[LLMActionPlayer] API call took 711 ms (model=OPENROUTER size=LARGE)
[LLMActionPlayer] API call took 562 ms (model=OPENROUTER size=LARGE)
[LLMActionPlayer] API call took 652 ms (model=OPENROUTER size=LARGE)
[LLMActionPlayer] API call took 720 ms (model=OPENROUTER size=LARGE)
[LLMActionPlayer] API call took 666 ms (model=OPENROUTER size=LARGE)
[LLMActionPlayer] API call took 801 ms (model=OPENROUTER size=LARGE)
[LLMActionPlayer] API call took 673 ms (model=OPENROUTER size=LARGE)
[LLMActionPlayer] API call took 616 ms (model=OPENROUTER size=LARGE)
[LLMActionPlayer] API call took 634 ms (model=OPENROUTER size=LARGE)
[LLMActionPlayer] API call took 407 ms (model=OPENROUTER size=LARGE)
[LLMActionPlayer] API call took 693 ms (model=OPENROUTER size=LARGE)
[LLMActionPlayer] API call took 1347 ms (model=OPENROUTER size=LARGE)
[LOSE_GAME,LOSE_GAME,WIN_GAME]
[LLMActionPlayer] API call took 542 ms (model=OPENROUTER size=LARGE)
[LLMActionPlayer] API call took 831 ms (model=OPENROUTER size=LARGE)
[LLMActionPlayer] API call took 564 ms (model=OPENROUTER size=LARGE)
[LLMActionPlayer] API call took 524 ms (model=OPENROUTER size=LARGE)
[LLMActionPlayer] API call took 685 ms (model=OPENROUTER size=LARGE)
[LLMActionPlayer] API call took 765 ms (model=OPENROUTER size=LARGE)
[LLMActionPlayer] API call took 714 ms (model=OPENROUTER size=LARGE)
[LLMActionPlayer] API call took 893 ms (model=OPENROUTER size=LARGE)
[LLMActionPlayer] API call took 546 ms (model=OPENROUTER size=LARGE)
[LLMActionPlayer] API call took 661 ms (model=OPENROUTER size=LARGE)
[LLMActionPlayer] API call took 528 ms (model=OPENROUTER size=LARGE)
[LLMActionPlayer] API call took 670 ms (model=OPENROUTER size=LARGE)
[LLMActionPlayer] API call took 543 ms (model=OPENROUTER size=LARGE)
[LLMActionPlayer] API call took 537 ms (model=OPENROUTER size=LARGE)
[LLMActionPlayer] API call took 667 ms (model=OPENROUTER size=LARGE)
[LLMActionPlayer] API call took 482 ms (model=OPENROUTER size=LARGE)
[LLMActionPlayer] API call took 490 ms (model=OPENROUTER size=LARGE)
[LLMActionPlayer] API call took 645 ms (model=OPENROUTER size=LARGE)
[LLMActionPlayer] API call took 625 ms (model=OPENROUTER size=LARGE)
[LLMActionPlayer] API call took 951 ms (model=OPENROUTER size=LARGE)
[WIN_GAME,LOSE_GAME,LOSE_GAME]
[LLMActionPlayer] API call took 559 ms (model=OPENROUTER size=LARGE)
[LLMActionPlayer] API call took 1121 ms (model=OPENROUTER size=LARGE)
[LLMActionPlayer] API call took 735 ms (model=OPENROUTER size=LARGE)
[LLMActionPlayer] API call took 605 ms (model=OPENROUTER size=LARGE)
[LLMActionPlayer] API call took 840 ms (model=OPENROUTER size=LARGE)
[LLMActionPlayer] API call took 455 ms (model=OPENROUTER size=LARGE)
[LLMActionPlayer] API call took 494 ms (model=OPENROUTER size=LARGE)
[LLMActionPlayer] API call took 682 ms (model=OPENROUTER size=LARGE)
[LLMActionPlayer] API call took 588 ms (model=OPENROUTER size=LARGE)
[LLMActionPlayer] API call took 922 ms (model=OPENROUTER size=LARGE)
[LLMActionPlayer] API call took 552 ms (model=OPENROUTER size=LARGE)
[LLMActionPlayer] API call took 545 ms (model=OPENROUTER size=LARGE)
[LLMActionPlayer] API call took 984 ms (model=OPENROUTER size=LARGE)
[LLMActionPlayer] API call took 563 ms (model=OPENROUTER size=LARGE)
[LLMActionPlayer] API call took 706 ms (model=OPENROUTER size=LARGE)
[LLMActionPlayer] API call took 659 ms (model=OPENROUTER size=LARGE)
[LLMActionPlayer] API call took 585 ms (model=OPENROUTER size=LARGE)
[LLMActionPlayer] API call took 869 ms (model=OPENROUTER size=LARGE)
[LLMActionPlayer] API call took 756 ms (model=OPENROUTER size=LARGE)
[LLMActionPlayer] API call took 507 ms (model=OPENROUTER size=LARGE)
[LLMActionPlayer] API call took 549 ms (model=OPENROUTER size=LARGE)
[LLMActionPlayer] API call took 562 ms (model=OPENROUTER size=LARGE)
[LLMActionPlayer] API call took 703 ms (model=OPENROUTER size=LARGE)
[LLMActionPlayer] API call took 444 ms (model=OPENROUTER size=LARGE)
[LLMActionPlayer] API call took 457 ms (model=OPENROUTER size=LARGE)
[LLMActionPlayer] API call took 639 ms (model=OPENROUTER size=LARGE)
[LLMActionPlayer] API call took 832 ms (model=OPENROUTER size=LARGE)
[LLMActionPlayer] API call took 584 ms (model=OPENROUTER size=LARGE)
[LLMActionPlayer] API call took 775 ms (model=OPENROUTER size=LARGE)
[LLMActionPlayer] API call took 587 ms (model=OPENROUTER size=LARGE)
[LLMActionPlayer] API call took 689 ms (model=OPENROUTER size=LARGE)
[LLMActionPlayer] API call took 547 ms (model=OPENROUTER size=LARGE)
[LLMActionPlayer] API call took 545 ms (model=OPENROUTER size=LARGE)
[LLMActionPlayer] API call took 731 ms (model=OPENROUTER size=LARGE)
[LLMActionPlayer] API call took 718 ms (model=OPENROUTER size=LARGE)
[DRAW_GAME,DRAW_GAME,LOSE_GAME]
[LLMActionPlayer] API call took 671 ms (model=OPENROUTER size=LARGE)
[LLMActionPlayer] API call took 540 ms (model=OPENROUTER size=LARGE)
[LLMActionPlayer] API call took 549 ms (model=OPENROUTER size=LARGE)
[LLMActionPlayer] API call took 557 ms (model=OPENROUTER size=LARGE)
[LLMActionPlayer] API call took 546 ms (model=OPENROUTER size=LARGE)
[LLMActionPlayer] API call took 723 ms (model=OPENROUTER size=LARGE)
[LLMActionPlayer] API call took 654 ms (model=OPENROUTER size=LARGE)
[LLMActionPlayer] API call took 619 ms (model=OPENROUTER size=LARGE)
[LLMActionPlayer] API call took 554 ms (model=OPENROUTER size=LARGE)
[LLMActionPlayer] API call took 490 ms (model=OPENROUTER size=LARGE)
[LLMActionPlayer] API call took 863 ms (model=OPENROUTER size=LARGE)
[LLMActionPlayer] API call took 568 ms (model=OPENROUTER size=LARGE)
[LLMActionPlayer] API call took 797 ms (model=OPENROUTER size=LARGE)
[LLMActionPlayer] API call took 686 ms (model=OPENROUTER size=LARGE)
[LLMActionPlayer] API call took 541 ms (model=OPENROUTER size=LARGE)
[LLMActionPlayer] API call took 534 ms (model=OPENROUTER size=LARGE)
[LLMActionPlayer] API call took 594 ms (model=OPENROUTER size=LARGE)
[LLMActionPlayer] API call took 586 ms (model=OPENROUTER size=LARGE)
[WIN_GAME,LOSE_GAME,LOSE_GAME]
[LLMActionPlayer] API call took 477 ms (model=OPENROUTER size=LARGE)
[LLMActionPlayer] API call took 692 ms (model=OPENROUTER size=LARGE)
[LLMActionPlayer] API call took 703 ms (model=OPENROUTER size=LARGE)
[LLMActionPlayer] API call took 595 ms (model=OPENROUTER size=LARGE)
[LLMActionPlayer] API call took 583 ms (model=OPENROUTER size=LARGE)
[LLMActionPlayer] API call took 711 ms (model=OPENROUTER size=LARGE)
[LLMActionPlayer] API call took 1137 ms (model=OPENROUTER size=LARGE)
[LLMActionPlayer] API call took 1690 ms (model=OPENROUTER size=LARGE)
[LLMActionPlayer] API call took 649 ms (model=OPENROUTER size=LARGE)
[LLMActionPlayer] API call took 611 ms (model=OPENROUTER size=LARGE)
[LLMActionPlayer] API call took 550 ms (model=OPENROUTER size=LARGE)
[LLMActionPlayer] API call took 672 ms (model=OPENROUTER size=LARGE)
[LLMActionPlayer] API call took 995 ms (model=OPENROUTER size=LARGE)
[LLMActionPlayer] API call took 601 ms (model=OPENROUTER size=LARGE)
[LLMActionPlayer] API call took 624 ms (model=OPENROUTER size=LARGE)
[LLMActionPlayer] API call took 470 ms (model=OPENROUTER size=LARGE)
[LLMActionPlayer] API call took 579 ms (model=OPENROUTER size=LARGE)
[LLMActionPlayer] API call took 873 ms (model=OPENROUTER size=LARGE)
[LLMActionPlayer] API call took 589 ms (model=OPENROUTER size=LARGE)
[LLMActionPlayer] API call took 661 ms (model=OPENROUTER size=LARGE)
[LLMActionPlayer] API call took 616 ms (model=OPENROUTER size=LARGE)
[LLMActionPlayer] API call took 686 ms (model=OPENROUTER size=LARGE)
[LLMActionPlayer] API call took 543 ms (model=OPENROUTER size=LARGE)
[LLMActionPlayer] API call took 630 ms (model=OPENROUTER size=LARGE)
[LLMActionPlayer] API call took 550 ms (model=OPENROUTER size=LARGE)
[LLMActionPlayer] API call took 930 ms (model=OPENROUTER size=LARGE)
[LLMActionPlayer] API call took 478 ms (model=OPENROUTER size=LARGE)
[LLMActionPlayer] API call took 565 ms (model=OPENROUTER size=LARGE)
[LLMActionPlayer] API call took 777 ms (model=OPENROUTER size=LARGE)
[LLMActionPlayer] API call took 1112 ms (model=OPENROUTER size=LARGE)
[LLMActionPlayer] API call took 1128 ms (model=OPENROUTER size=LARGE)
[LLMActionPlayer] API call took 503 ms (model=OPENROUTER size=LARGE)
[LLMActionPlayer] API call took 540 ms (model=OPENROUTER size=LARGE)
[LLMActionPlayer] API call took 460 ms (model=OPENROUTER size=LARGE)
[LLMActionPlayer] API call took 273 ms (model=OPENROUTER size=LARGE)
[LLMActionPlayer] API call took 484 ms (model=OPENROUTER size=LARGE)
[LLMActionPlayer] API call took 579 ms (model=OPENROUTER size=LARGE)
[LLMActionPlayer] API call took 532 ms (model=OPENROUTER size=LARGE)
[LLMActionPlayer] API call took 537 ms (model=OPENROUTER size=LARGE)
[LLMActionPlayer] API call took 676 ms (model=OPENROUTER size=LARGE)
[LLMActionPlayer] API call took 660 ms (model=OPENROUTER size=LARGE)
[LLMActionPlayer] API call took 679 ms (model=OPENROUTER size=LARGE)
[LLMActionPlayer] API call took 537 ms (model=OPENROUTER size=LARGE)
[LLMActionPlayer] API call took 686 ms (model=OPENROUTER size=LARGE)
[WIN_GAME,LOSE_GAME,LOSE_GAME]
[LLMActionPlayer] API call took 547 ms (model=OPENROUTER size=LARGE)
[LLMActionPlayer] API call took 769 ms (model=OPENROUTER size=LARGE)
[LLMActionPlayer] API call took 497 ms (model=OPENROUTER size=LARGE)
[LLMActionPlayer] API call took 541 ms (model=OPENROUTER size=LARGE)
[LLMActionPlayer] API call took 592 ms (model=OPENROUTER size=LARGE)
[LLMActionPlayer] API call took 540 ms (model=OPENROUTER size=LARGE)
[LLMActionPlayer] API call took 741 ms (model=OPENROUTER size=LARGE)
[LLMActionPlayer] API call took 1089 ms (model=OPENROUTER size=LARGE)
[LLMActionPlayer] API call took 1218 ms (model=OPENROUTER size=LARGE)
[LLMActionPlayer] API call took 595 ms (model=OPENROUTER size=LARGE)
[LLMActionPlayer] API call took 556 ms (model=OPENROUTER size=LARGE)
[LLMActionPlayer] API call took 631 ms (model=OPENROUTER size=LARGE)
[LLMActionPlayer] API call took 563 ms (model=OPENROUTER size=LARGE)
[LLMActionPlayer] API call took 742 ms (model=OPENROUTER size=LARGE)
[LLMActionPlayer] API call took 665 ms (model=OPENROUTER size=LARGE)
[LLMActionPlayer] API call took 672 ms (model=OPENROUTER size=LARGE)
[LLMActionPlayer] API call took 734 ms (model=OPENROUTER size=LARGE)
[LLMActionPlayer] API call took 486 ms (model=OPENROUTER size=LARGE)
[LLMActionPlayer] API call took 762 ms (model=OPENROUTER size=LARGE)
[LLMActionPlayer] Invalid response: I will accept the trade as proposed because it offers a favorable exchange of resources.
[LLMActionPlayer] Action ID : null selected randomly since LLM returned non valid action[LLMActionPlayer] API call took 798 ms (model=OPENROUTER size=LARGE)
[LLMActionPlayer] API call took 565 ms (model=OPENROUTER size=LARGE)
[LLMActionPlayer] API call took 673 ms (model=OPENROUTER size=LARGE)
[LLMActionPlayer] API call took 570 ms (model=OPENROUTER size=LARGE)
[LLMActionPlayer] API call took 724 ms (model=OPENROUTER size=LARGE)
[LOSE_GAME,LOSE_GAME,WIN_GAME]
[LLMActionPlayer] API call took 727 ms (model=OPENROUTER size=LARGE)
[LLMActionPlayer] API call took 675 ms (model=OPENROUTER size=LARGE)
[LLMActionPlayer] API call took 753 ms (model=OPENROUTER size=LARGE)
[LLMActionPlayer] API call took 522 ms (model=OPENROUTER size=LARGE)
[LLMActionPlayer] API call took 552 ms (model=OPENROUTER size=LARGE)
[LLMActionPlayer] API call took 512 ms (model=OPENROUTER size=LARGE)
[LLMActionPlayer] API call took 615 ms (model=OPENROUTER size=LARGE)
[LLMActionPlayer] API call took 582 ms (model=OPENROUTER size=LARGE)
[LLMActionPlayer] API call took 534 ms (model=OPENROUTER size=LARGE)
[LLMActionPlayer] API call took 570 ms (model=OPENROUTER size=LARGE)
[LLMActionPlayer] API call took 542 ms (model=OPENROUTER size=LARGE)
[LLMActionPlayer] API call took 628 ms (model=OPENROUTER size=LARGE)
[LLMActionPlayer] API call took 534 ms (model=OPENROUTER size=LARGE)
[LLMActionPlayer] API call took 1196 ms (model=OPENROUTER size=LARGE)
[LLMActionPlayer] API call took 604 ms (model=OPENROUTER size=LARGE)
[LLMActionPlayer] API call took 480 ms (model=OPENROUTER size=LARGE)
[LLMActionPlayer] API call took 503 ms (model=OPENROUTER size=LARGE)
[LLMActionPlayer] API call took 762 ms (model=OPENROUTER size=LARGE)
[LLMActionPlayer] API call took 445 ms (model=OPENROUTER size=LARGE)
[LLMActionPlayer] API call took 585 ms (model=OPENROUTER size=LARGE)
[LLMActionPlayer] API call took 510 ms (model=OPENROUTER size=LARGE)
[LLMActionPlayer] API call took 612 ms (model=OPENROUTER size=LARGE)
[LLMActionPlayer] API call took 1007 ms (model=OPENROUTER size=LARGE)
[LLMActionPlayer] API call took 478 ms (model=OPENROUTER size=LARGE)
[LLMActionPlayer] API call took 645 ms (model=OPENROUTER size=LARGE)
[LLMActionPlayer] API call took 1130 ms (model=OPENROUTER size=LARGE)
[LLMActionPlayer] API call took 523 ms (model=OPENROUTER size=LARGE)
[LLMActionPlayer] API call took 574 ms (model=OPENROUTER size=LARGE)
[LLMActionPlayer] API call took 1087 ms (model=OPENROUTER size=LARGE)
[LLMActionPlayer] API call took 525 ms (model=OPENROUTER size=LARGE)
[LLMActionPlayer] API call took 1008 ms (model=OPENROUTER size=LARGE)
[LLMActionPlayer] API call took 585 ms (model=OPENROUTER size=LARGE)
[LLMActionPlayer] API call took 666 ms (model=OPENROUTER size=LARGE)
[LLMActionPlayer] API call took 876 ms (model=OPENROUTER size=LARGE)
[LLMActionPlayer] API call took 550 ms (model=OPENROUTER size=LARGE)
[LLMActionPlayer] API call took 847 ms (model=OPENROUTER size=LARGE)
[LLMActionPlayer] API call took 576 ms (model=OPENROUTER size=LARGE)
[LLMActionPlayer] API call took 671 ms (model=OPENROUTER size=LARGE)
[LLMActionPlayer] API call took 514 ms (model=OPENROUTER size=LARGE)
[LLMActionPlayer] API call took 508 ms (model=OPENROUTER size=LARGE)
[LLMActionPlayer] API call took 548 ms (model=OPENROUTER size=LARGE)
[LLMActionPlayer] API call took 633 ms (model=OPENROUTER size=LARGE)
[LLMActionPlayer] API call took 593 ms (model=OPENROUTER size=LARGE)
[WIN_GAME,LOSE_GAME,LOSE_GAME]
[LLMActionPlayer] API call took 664 ms (model=OPENROUTER size=LARGE)
[LLMActionPlayer] API call took 481 ms (model=OPENROUTER size=LARGE)
[LLMActionPlayer] API call took 508 ms (model=OPENROUTER size=LARGE)
[LLMActionPlayer] API call took 1241 ms (model=OPENROUTER size=LARGE)
[LLMActionPlayer] API call took 566 ms (model=OPENROUTER size=LARGE)
[LLMActionPlayer] API call took 670 ms (model=OPENROUTER size=LARGE)
[LLMActionPlayer] API call took 590 ms (model=OPENROUTER size=LARGE)
[LLMActionPlayer] API call took 1027 ms (model=OPENROUTER size=LARGE)
[LLMActionPlayer] API call took 511 ms (model=OPENROUTER size=LARGE)
[LLMActionPlayer] API call took 574 ms (model=OPENROUTER size=LARGE)
[LLMActionPlayer] API call took 559 ms (model=OPENROUTER size=LARGE)
[LLMActionPlayer] API call took 574 ms (model=OPENROUTER size=LARGE)
[LLMActionPlayer] API call took 645 ms (model=OPENROUTER size=LARGE)
[LLMActionPlayer] API call took 582 ms (model=OPENROUTER size=LARGE)
[LLMActionPlayer] API call took 745 ms (model=OPENROUTER size=LARGE)
[LLMActionPlayer] API call took 607 ms (model=OPENROUTER size=LARGE)
[LOSE_GAME,LOSE_GAME,WIN_GAME]
[LLMActionPlayer] API call took 591 ms (model=OPENROUTER size=LARGE)
[LLMActionPlayer] API call took 1227 ms (model=OPENROUTER size=LARGE)
[LLMActionPlayer] API call took 672 ms (model=OPENROUTER size=LARGE)
[LLMActionPlayer] API call took 721 ms (model=OPENROUTER size=LARGE)
[LLMActionPlayer] API call took 1327 ms (model=OPENROUTER size=LARGE)
[LLMActionPlayer] API call took 576 ms (model=OPENROUTER size=LARGE)
[LLMActionPlayer] API call took 470 ms (model=OPENROUTER size=LARGE)
[LLMActionPlayer] API call took 582 ms (model=OPENROUTER size=LARGE)
[LLMActionPlayer] API call took 777 ms (model=OPENROUTER size=LARGE)
[LLMActionPlayer] API call took 732 ms (model=OPENROUTER size=LARGE)
[LLMActionPlayer] API call took 581 ms (model=OPENROUTER size=LARGE)
[LLMActionPlayer] API call took 531 ms (model=OPENROUTER size=LARGE)
[LLMActionPlayer] API call took 633 ms (model=OPENROUTER size=LARGE)
[LLMActionPlayer] API call took 903 ms (model=OPENROUTER size=LARGE)
[LLMActionPlayer] API call took 585 ms (model=OPENROUTER size=LARGE)
[LLMActionPlayer] API call took 562 ms (model=OPENROUTER size=LARGE)
[LLMActionPlayer] API call took 662 ms (model=OPENROUTER size=LARGE)
[LLMActionPlayer] API call took 478 ms (model=OPENROUTER size=LARGE)
[LLMActionPlayer] API call took 770 ms (model=OPENROUTER size=LARGE)
[LLMActionPlayer] API call took 515 ms (model=OPENROUTER size=LARGE)
[LLMActionPlayer] API call took 532 ms (model=OPENROUTER size=LARGE)
[LLMActionPlayer] API call took 719 ms (model=OPENROUTER size=LARGE)
[LLMActionPlayer] API call took 640 ms (model=OPENROUTER size=LARGE)
[LLMActionPlayer] API call took 566 ms (model=OPENROUTER size=LARGE)
[LLMActionPlayer] API call took 523 ms (model=OPENROUTER size=LARGE)
[LLMActionPlayer] API call took 521 ms (model=OPENROUTER size=LARGE)
[LLMActionPlayer] API call took 582 ms (model=OPENROUTER size=LARGE)
[LLMActionPlayer] API call took 564 ms (model=OPENROUTER size=LARGE)
[LLMActionPlayer] API call took 2029 ms (model=OPENROUTER size=LARGE)
[LLMActionPlayer] API call took 542 ms (model=OPENROUTER size=LARGE)
[LLMActionPlayer] API call took 481 ms (model=OPENROUTER size=LARGE)
[LLMActionPlayer] API call took 628 ms (model=OPENROUTER size=LARGE)
[WIN_GAME,LOSE_GAME,LOSE_GAME]
[LLMActionPlayer] API call took 654 ms (model=OPENROUTER size=LARGE)
[LLMActionPlayer] API call took 808 ms (model=OPENROUTER size=LARGE)
[LLMActionPlayer] API call took 646 ms (model=OPENROUTER size=LARGE)
[LLMActionPlayer] API call took 543 ms (model=OPENROUTER size=LARGE)
[LLMActionPlayer] API call took 683 ms (model=OPENROUTER size=LARGE)
[LLMActionPlayer] API call took 1120 ms (model=OPENROUTER size=LARGE)
[LLMActionPlayer] API call took 815 ms (model=OPENROUTER size=LARGE)
[LLMActionPlayer] API call took 472 ms (model=OPENROUTER size=LARGE)
[LLMActionPlayer] API call took 536 ms (model=OPENROUTER size=LARGE)
[LLMActionPlayer] API call took 709 ms (model=OPENROUTER size=LARGE)
[LLMActionPlayer] API call took 446 ms (model=OPENROUTER size=LARGE)
[LLMActionPlayer] API call took 601 ms (model=OPENROUTER size=LARGE)
[LLMActionPlayer] API call took 986 ms (model=OPENROUTER size=LARGE)
[LLMActionPlayer] API call took 686 ms (model=OPENROUTER size=LARGE)
[LLMActionPlayer] API call took 503 ms (model=OPENROUTER size=LARGE)
[LLMActionPlayer] API call took 523 ms (model=OPENROUTER size=LARGE)
[LLMActionPlayer] API call took 515 ms (model=OPENROUTER size=LARGE)
[LLMActionPlayer] API call took 551 ms (model=OPENROUTER size=LARGE)
[LLMActionPlayer] API call took 668 ms (model=OPENROUTER size=LARGE)
[LLMActionPlayer] API call took 568 ms (model=OPENROUTER size=LARGE)
[LLMActionPlayer] API call took 701 ms (model=OPENROUTER size=LARGE)
[LLMActionPlayer] API call took 903 ms (model=OPENROUTER size=LARGE)
[LLMActionPlayer] API call took 573 ms (model=OPENROUTER size=LARGE)
[LLMActionPlayer] API call took 690 ms (model=OPENROUTER size=LARGE)
[LLMActionPlayer] API call took 652 ms (model=OPENROUTER size=LARGE)
[LLMActionPlayer] API call took 686 ms (model=OPENROUTER size=LARGE)
[LLMActionPlayer] API call took 695 ms (model=OPENROUTER size=LARGE)
[LLMActionPlayer] API call took 474 ms (model=OPENROUTER size=LARGE)
[LLMActionPlayer] API call took 748 ms (model=OPENROUTER size=LARGE)
[LLMActionPlayer] API call took 756 ms (model=OPENROUTER size=LARGE)
[LLMActionPlayer] API call took 497 ms (model=OPENROUTER size=LARGE)
[LLMActionPlayer] API call took 588 ms (model=OPENROUTER size=LARGE)
[LLMActionPlayer] API call took 455 ms (model=OPENROUTER size=LARGE)
[LLMActionPlayer] API call took 772 ms (model=OPENROUTER size=LARGE)
[LOSE_GAME,WIN_GAME,LOSE_GAME]
[LLMActionPlayer] API call took 658 ms (model=OPENROUTER size=LARGE)
[LLMActionPlayer] API call took 461 ms (model=OPENROUTER size=LARGE)
[LLMActionPlayer] API call took 754 ms (model=OPENROUTER size=LARGE)
[LLMActionPlayer] API call took 612 ms (model=OPENROUTER size=LARGE)
[LLMActionPlayer] API call took 654 ms (model=OPENROUTER size=LARGE)
[LLMActionPlayer] API call took 677 ms (model=OPENROUTER size=LARGE)
[LLMActionPlayer] API call took 454 ms (model=OPENROUTER size=LARGE)
[LLMActionPlayer] API call took 735 ms (model=OPENROUTER size=LARGE)
[LLMActionPlayer] API call took 656 ms (model=OPENROUTER size=LARGE)
[LLMActionPlayer] API call took 1255 ms (model=OPENROUTER size=LARGE)
[LLMActionPlayer] API call took 555 ms (model=OPENROUTER size=LARGE)
[LLMActionPlayer] API call took 661 ms (model=OPENROUTER size=LARGE)
[LLMActionPlayer] API call took 1181 ms (model=OPENROUTER size=LARGE)
[LLMActionPlayer] API call took 668 ms (model=OPENROUTER size=LARGE)
[LLMActionPlayer] API call took 547 ms (model=OPENROUTER size=LARGE)
[LLMActionPlayer] API call took 534 ms (model=OPENROUTER size=LARGE)
[LLMActionPlayer] API call took 674 ms (model=OPENROUTER size=LARGE)
[LLMActionPlayer] API call took 543 ms (model=OPENROUTER size=LARGE)
[LLMActionPlayer] API call took 595 ms (model=OPENROUTER size=LARGE)
[LLMActionPlayer] API call took 741 ms (model=OPENROUTER size=LARGE)
[LLMActionPlayer] API call took 857 ms (model=OPENROUTER size=LARGE)
[LLMActionPlayer] API call took 589 ms (model=OPENROUTER size=LARGE)
[LLMActionPlayer] API call took 535 ms (model=OPENROUTER size=LARGE)
[LLMActionPlayer] API call took 506 ms (model=OPENROUTER size=LARGE)
[LLMActionPlayer] API call took 657 ms (model=OPENROUTER size=LARGE)
[LLMActionPlayer] API call took 561 ms (model=OPENROUTER size=LARGE)
[LLMActionPlayer] API call took 762 ms (model=OPENROUTER size=LARGE)
[LLMActionPlayer] API call took 505 ms (model=OPENROUTER size=LARGE)
[LLMActionPlayer] API call took 688 ms (model=OPENROUTER size=LARGE)
[LLMActionPlayer] API call took 657 ms (model=OPENROUTER size=LARGE)
[LLMActionPlayer] API call took 579 ms (model=OPENROUTER size=LARGE)
[LLMActionPlayer] API call took 715 ms (model=OPENROUTER size=LARGE)
[LLMActionPlayer] API call took 647 ms (model=OPENROUTER size=LARGE)
[LLMActionPlayer] API call took 568 ms (model=OPENROUTER size=LARGE)
[LLMActionPlayer] API call took 752 ms (model=OPENROUTER size=LARGE)
[LLMActionPlayer] API call took 682 ms (model=OPENROUTER size=LARGE)
[LLMActionPlayer] API call took 602 ms (model=OPENROUTER size=LARGE)
[LLMActionPlayer] API call took 687 ms (model=OPENROUTER size=LARGE)
[LLMActionPlayer] API call took 728 ms (model=OPENROUTER size=LARGE)
[LLMActionPlayer] API call took 711 ms (model=OPENROUTER size=LARGE)
[LLMActionPlayer] API call took 551 ms (model=OPENROUTER size=LARGE)
[LLMActionPlayer] API call took 652 ms (model=OPENROUTER size=LARGE)
[LLMActionPlayer] API call took 522 ms (model=OPENROUTER size=LARGE)
[LLMActionPlayer] API call took 543 ms (model=OPENROUTER size=LARGE)
[LLMActionPlayer] API call took 600 ms (model=OPENROUTER size=LARGE)
[LLMActionPlayer] API call took 644 ms (model=OPENROUTER size=LARGE)
[LLMActionPlayer] API call took 721 ms (model=OPENROUTER size=LARGE)
[LLMActionPlayer] API call took 489 ms (model=OPENROUTER size=LARGE)
[LLMActionPlayer] API call took 686 ms (model=OPENROUTER size=LARGE)
[LLMActionPlayer] API call took 713 ms (model=OPENROUTER size=LARGE)
[LLMActionPlayer] API call took 556 ms (model=OPENROUTER size=LARGE)
[LLMActionPlayer] API call took 612 ms (model=OPENROUTER size=LARGE)
[LLMActionPlayer] API call took 447 ms (model=OPENROUTER size=LARGE)
[LLMActionPlayer] API call took 872 ms (model=OPENROUTER size=LARGE)
[LLMActionPlayer] API call took 587 ms (model=OPENROUTER size=LARGE)
[LLMActionPlayer] API call took 539 ms (model=OPENROUTER size=LARGE)
[LLMActionPlayer] API call took 572 ms (model=OPENROUTER size=LARGE)
[LLMActionPlayer] API call took 539 ms (model=OPENROUTER size=LARGE)
[LLMActionPlayer] API call took 517 ms (model=OPENROUTER size=LARGE)
[LLMActionPlayer] API call took 456 ms (model=OPENROUTER size=LARGE)
[LLMActionPlayer] API call took 718 ms (model=OPENROUTER size=LARGE)
[LLMActionPlayer] API call took 585 ms (model=OPENROUTER size=LARGE)
[LLMActionPlayer] API call took 792 ms (model=OPENROUTER size=LARGE)
[LLMActionPlayer] API call took 936 ms (model=OPENROUTER size=LARGE)
[LLMActionPlayer] API call took 830 ms (model=OPENROUTER size=LARGE)
[LLMActionPlayer] API call took 678 ms (model=OPENROUTER size=LARGE)
[LLMActionPlayer] API call took 577 ms (model=OPENROUTER size=LARGE)
[LOSE_GAME,LOSE_GAME,WIN_GAME]
[LLMActionPlayer] API call took 638 ms (model=OPENROUTER size=LARGE)
[LLMActionPlayer] API call took 1319 ms (model=OPENROUTER size=LARGE)
[LLMActionPlayer] API call took 655 ms (model=OPENROUTER size=LARGE)
[LLMActionPlayer] API call took 686 ms (model=OPENROUTER size=LARGE)
[LLMActionPlayer] API call took 526 ms (model=OPENROUTER size=LARGE)
[LLMActionPlayer] API call took 1212 ms (model=OPENROUTER size=LARGE)
[LLMActionPlayer] API call took 901 ms (model=OPENROUTER size=LARGE)
[LLMActionPlayer] API call took 556 ms (model=OPENROUTER size=LARGE)
[LLMActionPlayer] API call took 569 ms (model=OPENROUTER size=LARGE)
[LLMActionPlayer] API call took 736 ms (model=OPENROUTER size=LARGE)
[LLMActionPlayer] API call took 596 ms (model=OPENROUTER size=LARGE)
[LLMActionPlayer] API call took 534 ms (model=OPENROUTER size=LARGE)
[LLMActionPlayer] API call took 713 ms (model=OPENROUTER size=LARGE)
[LLMActionPlayer] API call took 806 ms (model=OPENROUTER size=LARGE)
[LLMActionPlayer] API call took 564 ms (model=OPENROUTER size=LARGE)
[LLMActionPlayer] API call took 641 ms (model=OPENROUTER size=LARGE)
[LLMActionPlayer] API call took 797 ms (model=OPENROUTER size=LARGE)
[LLMActionPlayer] API call took 599 ms (model=OPENROUTER size=LARGE)
[LLMActionPlayer] API call took 535 ms (model=OPENROUTER size=LARGE)
[LLMActionPlayer] API call took 580 ms (model=OPENROUTER size=LARGE)
[LLMActionPlayer] API call took 882 ms (model=OPENROUTER size=LARGE)
[LLMActionPlayer] API call took 574 ms (model=OPENROUTER size=LARGE)
[LLMActionPlayer] API call took 601 ms (model=OPENROUTER size=LARGE)
[LLMActionPlayer] API call took 475 ms (model=OPENROUTER size=LARGE)
[LLMActionPlayer] API call took 602 ms (model=OPENROUTER size=LARGE)
[LLMActionPlayer] API call took 557 ms (model=OPENROUTER size=LARGE)
[LLMActionPlayer] API call took 449 ms (model=OPENROUTER size=LARGE)
[LLMActionPlayer] API call took 500 ms (model=OPENROUTER size=LARGE)
[LLMActionPlayer] API call took 580 ms (model=OPENROUTER size=LARGE)
[LLMActionPlayer] API call took 607 ms (model=OPENROUTER size=LARGE)
[LLMActionPlayer] API call took 979 ms (model=OPENROUTER size=LARGE)
[LLMActionPlayer] API call took 677 ms (model=OPENROUTER size=LARGE)
[LLMActionPlayer] API call took 682 ms (model=OPENROUTER size=LARGE)
[LLMActionPlayer] API call took 765 ms (model=OPENROUTER size=LARGE)
[LLMActionPlayer] API call took 1068 ms (model=OPENROUTER size=LARGE)
[LLMActionPlayer] API call took 687 ms (model=OPENROUTER size=LARGE)
[LLMActionPlayer] API call took 587 ms (model=OPENROUTER size=LARGE)
[LLMActionPlayer] API call took 540 ms (model=OPENROUTER size=LARGE)
[LLMActionPlayer] API call took 815 ms (model=OPENROUTER size=LARGE)
[LLMActionPlayer] API call took 542 ms (model=OPENROUTER size=LARGE)
[LLMActionPlayer] API call took 576 ms (model=OPENROUTER size=LARGE)
[LLMActionPlayer] API call took 493 ms (model=OPENROUTER size=LARGE)
[LLMActionPlayer] API call took 666 ms (model=OPENROUTER size=LARGE)
[LLMActionPlayer] API call took 649 ms (model=OPENROUTER size=LARGE)
[LLMActionPlayer] API call took 748 ms (model=OPENROUTER size=LARGE)
[LLMActionPlayer] API call took 601 ms (model=OPENROUTER size=LARGE)
[LLMActionPlayer] API call took 1113 ms (model=OPENROUTER size=LARGE)
[LLMActionPlayer] API call took 561 ms (model=OPENROUTER size=LARGE)
[LLMActionPlayer] API call took 1179 ms (model=OPENROUTER size=LARGE)
[LLMActionPlayer] API call took 661 ms (model=OPENROUTER size=LARGE)
[LLMActionPlayer] API call took 546 ms (model=OPENROUTER size=LARGE)
[LLMActionPlayer] API call took 554 ms (model=OPENROUTER size=LARGE)
[LLMActionPlayer] API call took 574 ms (model=OPENROUTER size=LARGE)
[LLMActionPlayer] API call took 685 ms (model=OPENROUTER size=LARGE)
[LLMActionPlayer] API call took 471 ms (model=OPENROUTER size=LARGE)
[LLMActionPlayer] API call took 506 ms (model=OPENROUTER size=LARGE)
[LLMActionPlayer] API call took 475 ms (model=OPENROUTER size=LARGE)
[LLMActionPlayer] Invalid response: I will accept the trade offer of 1 BRICK for 1 GRAIN because it is a fair and reasonable exchange given my current resources.
[LLMActionPlayer] Action ID : null selected randomly since LLM returned non valid action[LLMActionPlayer] API call took 578 ms (model=OPENROUTER size=LARGE)
[LLMActionPlayer] API call took 463 ms (model=OPENROUTER size=LARGE)
[LOSE_GAME,LOSE_GAME,WIN_GAME]
[LLMActionPlayer] API call took 515 ms (model=OPENROUTER size=LARGE)
[LLMActionPlayer] API call took 557 ms (model=OPENROUTER size=LARGE)
[LLMActionPlayer] API call took 575 ms (model=OPENROUTER size=LARGE)
[LLMActionPlayer] API call took 713 ms (model=OPENROUTER size=LARGE)
[LLMActionPlayer] API call took 1044 ms (model=OPENROUTER size=LARGE)
[LLMActionPlayer] API call took 546 ms (model=OPENROUTER size=LARGE)
[LLMActionPlayer] API call took 550 ms (model=OPENROUTER size=LARGE)
[LLMActionPlayer] API call took 457 ms (model=OPENROUTER size=LARGE)
[LLMActionPlayer] API call took 664 ms (model=OPENROUTER size=LARGE)
[LLMActionPlayer] API call took 556 ms (model=OPENROUTER size=LARGE)
[LLMActionPlayer] API call took 752 ms (model=OPENROUTER size=LARGE)
[LLMActionPlayer] API call took 621 ms (model=OPENROUTER size=LARGE)
[LLMActionPlayer] API call took 634 ms (model=OPENROUTER size=LARGE)
[LLMActionPlayer] API call took 584 ms (model=OPENROUTER size=LARGE)
[LLMActionPlayer] API call took 762 ms (model=OPENROUTER size=LARGE)
[LLMActionPlayer] API call took 576 ms (model=OPENROUTER size=LARGE)
[LLMActionPlayer] API call took 607 ms (model=OPENROUTER size=LARGE)
[LLMActionPlayer] API call took 725 ms (model=OPENROUTER size=LARGE)
[LLMActionPlayer] API call took 574 ms (model=OPENROUTER size=LARGE)
[LLMActionPlayer] API call took 1447 ms (model=OPENROUTER size=LARGE)
[LLMActionPlayer] API call took 571 ms (model=OPENROUTER size=LARGE)
[LLMActionPlayer] API call took 639 ms (model=OPENROUTER size=LARGE)
[LLMActionPlayer] API call took 936 ms (model=OPENROUTER size=LARGE)
[LLMActionPlayer] API call took 938 ms (model=OPENROUTER size=LARGE)
[LLMActionPlayer] API call took 1013 ms (model=OPENROUTER size=LARGE)
[LLMActionPlayer] API call took 586 ms (model=OPENROUTER size=LARGE)
[LLMActionPlayer] API call took 602 ms (model=OPENROUTER size=LARGE)
[LLMActionPlayer] API call took 571 ms (model=OPENROUTER size=LARGE)
[LLMActionPlayer] API call took 683 ms (model=OPENROUTER size=LARGE)
[LLMActionPlayer] API call took 584 ms (model=OPENROUTER size=LARGE)
[LLMActionPlayer] API call took 586 ms (model=OPENROUTER size=LARGE)
[LLMActionPlayer] API call took 605 ms (model=OPENROUTER size=LARGE)
[LLMActionPlayer] API call took 453 ms (model=OPENROUTER size=LARGE)
[LLMActionPlayer] API call took 673 ms (model=OPENROUTER size=LARGE)
[LLMActionPlayer] API call took 762 ms (model=OPENROUTER size=LARGE)
[LOSE_GAME,WIN_GAME,LOSE_GAME]
[LLMActionPlayer] API call took 572 ms (model=OPENROUTER size=LARGE)
[LLMActionPlayer] API call took 581 ms (model=OPENROUTER size=LARGE)
[LLMActionPlayer] API call took 1039 ms (model=OPENROUTER size=LARGE)
[LLMActionPlayer] API call took 689 ms (model=OPENROUTER size=LARGE)
[LLMActionPlayer] API call took 1215 ms (model=OPENROUTER size=LARGE)
[LLMActionPlayer] API call took 569 ms (model=OPENROUTER size=LARGE)
[LLMActionPlayer] API call took 687 ms (model=OPENROUTER size=LARGE)
[LLMActionPlayer] API call took 501 ms (model=OPENROUTER size=LARGE)
[LLMActionPlayer] API call took 607 ms (model=OPENROUTER size=LARGE)
[LLMActionPlayer] API call took 512 ms (model=OPENROUTER size=LARGE)
[LLMActionPlayer] API call took 487 ms (model=OPENROUTER size=LARGE)
[LLMActionPlayer] API call took 1041 ms (model=OPENROUTER size=LARGE)
[LLMActionPlayer] API call took 558 ms (model=OPENROUTER size=LARGE)
[LLMActionPlayer] API call took 499 ms (model=OPENROUTER size=LARGE)
[LLMActionPlayer] API call took 595 ms (model=OPENROUTER size=LARGE)
[LLMActionPlayer] API call took 501 ms (model=OPENROUTER size=LARGE)
[LLMActionPlayer] API call took 910 ms (model=OPENROUTER size=LARGE)
[LLMActionPlayer] API call took 533 ms (model=OPENROUTER size=LARGE)
[LLMActionPlayer] API call took 571 ms (model=OPENROUTER size=LARGE)
[LLMActionPlayer] API call took 571 ms (model=OPENROUTER size=LARGE)
[LLMActionPlayer] API call took 836 ms (model=OPENROUTER size=LARGE)
[LOSE_GAME,WIN_GAME,LOSE_GAME]
[LLMActionPlayer] API call took 839 ms (model=OPENROUTER size=LARGE)
[LLMActionPlayer] API call took 1049 ms (model=OPENROUTER size=LARGE)
[LLMActionPlayer] API call took 670 ms (model=OPENROUTER size=LARGE)
[LLMActionPlayer] API call took 575 ms (model=OPENROUTER size=LARGE)
[LLMActionPlayer] API call took 614 ms (model=OPENROUTER size=LARGE)
[LLMActionPlayer] API call took 467 ms (model=OPENROUTER size=LARGE)
[LLMActionPlayer] API call took 607 ms (model=OPENROUTER size=LARGE)
[LLMActionPlayer] API call took 540 ms (model=OPENROUTER size=LARGE)
[LLMActionPlayer] API call took 517 ms (model=OPENROUTER size=LARGE)
[LLMActionPlayer] API call took 540 ms (model=OPENROUTER size=LARGE)
[LLMActionPlayer] API call took 517 ms (model=OPENROUTER size=LARGE)
[LLMActionPlayer] API call took 566 ms (model=OPENROUTER size=LARGE)
[LLMActionPlayer] API call took 574 ms (model=OPENROUTER size=LARGE)
[LLMActionPlayer] API call took 764 ms (model=OPENROUTER size=LARGE)
[LLMActionPlayer] API call took 988 ms (model=OPENROUTER size=LARGE)
[LLMActionPlayer] API call took 648 ms (model=OPENROUTER size=LARGE)
[LLMActionPlayer] API call took 719 ms (model=OPENROUTER size=LARGE)
[LLMActionPlayer] API call took 488 ms (model=OPENROUTER size=LARGE)
[LLMActionPlayer] API call took 689 ms (model=OPENROUTER size=LARGE)
[LLMActionPlayer] API call took 543 ms (model=OPENROUTER size=LARGE)
[LLMActionPlayer] API call took 718 ms (model=OPENROUTER size=LARGE)
[LLMActionPlayer] API call took 572 ms (model=OPENROUTER size=LARGE)
[LLMActionPlayer] API call took 576 ms (model=OPENROUTER size=LARGE)
[LLMActionPlayer] API call took 481 ms (model=OPENROUTER size=LARGE)
[LLMActionPlayer] API call took 589 ms (model=OPENROUTER size=LARGE)
[LLMActionPlayer] API call took 574 ms (model=OPENROUTER size=LARGE)
[LLMActionPlayer] API call took 588 ms (model=OPENROUTER size=LARGE)
[LLMActionPlayer] API call took 578 ms (model=OPENROUTER size=LARGE)
[LLMActionPlayer] API call took 689 ms (model=OPENROUTER size=LARGE)
[LLMActionPlayer] API call took 672 ms (model=OPENROUTER size=LARGE)
[LLMActionPlayer] API call took 660 ms (model=OPENROUTER size=LARGE)
[LLMActionPlayer] API call took 602 ms (model=OPENROUTER size=LARGE)
[LLMActionPlayer] API call took 480 ms (model=OPENROUTER size=LARGE)
[LLMActionPlayer] API call took 985 ms (model=OPENROUTER size=LARGE)
[LLMActionPlayer] API call took 571 ms (model=OPENROUTER size=LARGE)
[LLMActionPlayer] API call took 540 ms (model=OPENROUTER size=LARGE)
[LOSE_GAME,WIN_GAME,LOSE_GAME]
[LLMActionPlayer] API call took 568 ms (model=OPENROUTER size=LARGE)
[LLMActionPlayer] API call took 822 ms (model=OPENROUTER size=LARGE)
[LLMActionPlayer] API call took 587 ms (model=OPENROUTER size=LARGE)
[LLMActionPlayer] API call took 1161 ms (model=OPENROUTER size=LARGE)
[LLMActionPlayer] API call took 670 ms (model=OPENROUTER size=LARGE)
[LLMActionPlayer] API call took 485 ms (model=OPENROUTER size=LARGE)
[LLMActionPlayer] API call took 697 ms (model=OPENROUTER size=LARGE)
[LLMActionPlayer] API call took 639 ms (model=OPENROUTER size=LARGE)
[LLMActionPlayer] API call took 777 ms (model=OPENROUTER size=LARGE)
[LLMActionPlayer] API call took 550 ms (model=OPENROUTER size=LARGE)
[LLMActionPlayer] API call took 809 ms (model=OPENROUTER size=LARGE)
[LLMActionPlayer] API call took 526 ms (model=OPENROUTER size=LARGE)
[LLMActionPlayer] API call took 739 ms (model=OPENROUTER size=LARGE)
[LLMActionPlayer] API call took 495 ms (model=OPENROUTER size=LARGE)
[LLMActionPlayer] API call took 472 ms (model=OPENROUTER size=LARGE)
[LLMActionPlayer] API call took 494 ms (model=OPENROUTER size=LARGE)
[LLMActionPlayer] API call took 1039 ms (model=OPENROUTER size=LARGE)
[LLMActionPlayer] API call took 579 ms (model=OPENROUTER size=LARGE)
[LLMActionPlayer] API call took 549 ms (model=OPENROUTER size=LARGE)
[LLMActionPlayer] API call took 529 ms (model=OPENROUTER size=LARGE)
[LLMActionPlayer] API call took 611 ms (model=OPENROUTER size=LARGE)
[LLMActionPlayer] API call took 531 ms (model=OPENROUTER size=LARGE)
[LLMActionPlayer] API call took 466 ms (model=OPENROUTER size=LARGE)
[LLMActionPlayer] API call took 687 ms (model=OPENROUTER size=LARGE)
[LLMActionPlayer] API call took 541 ms (model=OPENROUTER size=LARGE)
[LLMActionPlayer] API call took 591 ms (model=OPENROUTER size=LARGE)
[LLMActionPlayer] API call took 489 ms (model=OPENROUTER size=LARGE)
[LLMActionPlayer] API call took 882 ms (model=OPENROUTER size=LARGE)
[LLMActionPlayer] API call took 956 ms (model=OPENROUTER size=LARGE)
[LLMActionPlayer] API call took 487 ms (model=OPENROUTER size=LARGE)
[LLMActionPlayer] API call took 590 ms (model=OPENROUTER size=LARGE)
[LLMActionPlayer] API call took 538 ms (model=OPENROUTER size=LARGE)
[LLMActionPlayer] API call took 773 ms (model=OPENROUTER size=LARGE)
[LLMActionPlayer] API call took 590 ms (model=OPENROUTER size=LARGE)
[LLMActionPlayer] API call took 458 ms (model=OPENROUTER size=LARGE)
[LLMActionPlayer] API call took 509 ms (model=OPENROUTER size=LARGE)
[LLMActionPlayer] API call took 1117 ms (model=OPENROUTER size=LARGE)
[LLMActionPlayer] API call took 546 ms (model=OPENROUTER size=LARGE)
[LLMActionPlayer] API call took 591 ms (model=OPENROUTER size=LARGE)
[LLMActionPlayer] API call took 779 ms (model=OPENROUTER size=LARGE)
[LLMActionPlayer] API call took 738 ms (model=OPENROUTER size=LARGE)
[LLMActionPlayer] API call took 625 ms (model=OPENROUTER size=LARGE)
[LLMActionPlayer] API call took 559 ms (model=OPENROUTER size=LARGE)
[LLMActionPlayer] API call took 493 ms (model=OPENROUTER size=LARGE)
[LLMActionPlayer] API call took 513 ms (model=OPENROUTER size=LARGE)
[LLMActionPlayer] API call took 545 ms (model=OPENROUTER size=LARGE)
[LLMActionPlayer] API call took 535 ms (model=OPENROUTER size=LARGE)
[LLMActionPlayer] API call took 571 ms (model=OPENROUTER size=LARGE)
[LLMActionPlayer] API call took 515 ms (model=OPENROUTER size=LARGE)
[LLMActionPlayer] API call took 616 ms (model=OPENROUTER size=LARGE)
[LLMActionPlayer] API call took 678 ms (model=OPENROUTER size=LARGE)
[LLMActionPlayer] API call took 640 ms (model=OPENROUTER size=LARGE)
[LLMActionPlayer] API call took 791 ms (model=OPENROUTER size=LARGE)
[LOSE_GAME,WIN_GAME,LOSE_GAME]
[Catan_2,Catan_1,PhaseBasedEnsemblePlayer]
[LLMActionPlayer] API call took 565 ms (model=OPENROUTER size=LARGE)
[LLMActionPlayer] API call took 545 ms (model=OPENROUTER size=LARGE)
[LLMActionPlayer] API call took 832 ms (model=OPENROUTER size=LARGE)
[LLMActionPlayer] API call took 554 ms (model=OPENROUTER size=LARGE)
[LLMActionPlayer] API call took 583 ms (model=OPENROUTER size=LARGE)
[LLMActionPlayer] API call took 612 ms (model=OPENROUTER size=LARGE)
[LLMActionPlayer] API call took 661 ms (model=OPENROUTER size=LARGE)
[LLMActionPlayer] API call took 592 ms (model=OPENROUTER size=LARGE)
[LLMActionPlayer] API call took 538 ms (model=OPENROUTER size=LARGE)
[LLMActionPlayer] API call took 563 ms (model=OPENROUTER size=LARGE)
[LLMActionPlayer] API call took 561 ms (model=OPENROUTER size=LARGE)
[LLMActionPlayer] API call took 506 ms (model=OPENROUTER size=LARGE)
[LLMActionPlayer] API call took 524 ms (model=OPENROUTER size=LARGE)
[LLMActionPlayer] API call took 1098 ms (model=OPENROUTER size=LARGE)
[LLMActionPlayer] API call took 525 ms (model=OPENROUTER size=LARGE)
[LLMActionPlayer] API call took 593 ms (model=OPENROUTER size=LARGE)
[LLMActionPlayer] API call took 919 ms (model=OPENROUTER size=LARGE)
[LOSE_GAME,WIN_GAME,LOSE_GAME]
[LLMActionPlayer] API call took 555 ms (model=OPENROUTER size=LARGE)
[LLMActionPlayer] API call took 755 ms (model=OPENROUTER size=LARGE)
[LLMActionPlayer] API call took 1263 ms (model=OPENROUTER size=LARGE)
[LLMActionPlayer] API call took 740 ms (model=OPENROUTER size=LARGE)
[LLMActionPlayer] API call took 696 ms (model=OPENROUTER size=LARGE)
[LLMActionPlayer] API call took 524 ms (model=OPENROUTER size=LARGE)
[LLMActionPlayer] API call took 539 ms (model=OPENROUTER size=LARGE)
[LLMActionPlayer] API call took 558 ms (model=OPENROUTER size=LARGE)
[LLMActionPlayer] API call took 674 ms (model=OPENROUTER size=LARGE)
[LLMActionPlayer] API call took 1253 ms (model=OPENROUTER size=LARGE)
[LLMActionPlayer] API call took 751 ms (model=OPENROUTER size=LARGE)
[LLMActionPlayer] API call took 673 ms (model=OPENROUTER size=LARGE)
[LLMActionPlayer] API call took 665 ms (model=OPENROUTER size=LARGE)
[LLMActionPlayer] API call took 2522 ms (model=OPENROUTER size=LARGE)
[LLMActionPlayer] API call took 561 ms (model=OPENROUTER size=LARGE)
[LLMActionPlayer] API call took 804 ms (model=OPENROUTER size=LARGE)
[LLMActionPlayer] API call took 966 ms (model=OPENROUTER size=LARGE)
[LLMActionPlayer] API call took 585 ms (model=OPENROUTER size=LARGE)
[LLMActionPlayer] API call took 3750 ms (model=OPENROUTER size=LARGE)
[LLMActionPlayer] API call took 464 ms (model=OPENROUTER size=LARGE)
[LLMActionPlayer] API call took 1021 ms (model=OPENROUTER size=LARGE)
[LOSE_GAME,WIN_GAME,LOSE_GAME]
[LLMActionPlayer] API call took 585 ms (model=OPENROUTER size=LARGE)
[LLMActionPlayer] API call took 564 ms (model=OPENROUTER size=LARGE)
[LLMActionPlayer] API call took 610 ms (model=OPENROUTER size=LARGE)
[LLMActionPlayer] API call took 591 ms (model=OPENROUTER size=LARGE)
[LLMActionPlayer] API call took 594 ms (model=OPENROUTER size=LARGE)
[LLMActionPlayer] API call took 662 ms (model=OPENROUTER size=LARGE)
[LLMActionPlayer] API call took 797 ms (model=OPENROUTER size=LARGE)
[LLMActionPlayer] API call took 517 ms (model=OPENROUTER size=LARGE)
[LLMActionPlayer] API call took 672 ms (model=OPENROUTER size=LARGE)
[LLMActionPlayer] API call took 732 ms (model=OPENROUTER size=LARGE)
[LLMActionPlayer] API call took 539 ms (model=OPENROUTER size=LARGE)
[LLMActionPlayer] API call took 2140 ms (model=OPENROUTER size=LARGE)
[LLMActionPlayer] API call took 1105 ms (model=OPENROUTER size=LARGE)
[LLMActionPlayer] API call took 714 ms (model=OPENROUTER size=LARGE)
[LLMActionPlayer] API call took 582 ms (model=OPENROUTER size=LARGE)
[LLMActionPlayer] API call took 728 ms (model=OPENROUTER size=LARGE)
[LLMActionPlayer] API call took 661 ms (model=OPENROUTER size=LARGE)
[LLMActionPlayer] API call took 519 ms (model=OPENROUTER size=LARGE)
[LLMActionPlayer] API call took 709 ms (model=OPENROUTER size=LARGE)
[LLMActionPlayer] API call took 548 ms (model=OPENROUTER size=LARGE)
[LLMActionPlayer] API call took 532 ms (model=OPENROUTER size=LARGE)
[LLMActionPlayer] API call took 530 ms (model=OPENROUTER size=LARGE)
[LLMActionPlayer] API call took 923 ms (model=OPENROUTER size=LARGE)
[WIN_GAME,LOSE_GAME,LOSE_GAME]
[LLMActionPlayer] API call took 531 ms (model=OPENROUTER size=LARGE)
[LLMActionPlayer] API call took 470 ms (model=OPENROUTER size=LARGE)
[LLMActionPlayer] API call took 1372 ms (model=OPENROUTER size=LARGE)
[LLMActionPlayer] API call took 505 ms (model=OPENROUTER size=LARGE)
[LLMActionPlayer] API call took 817 ms (model=OPENROUTER size=LARGE)
[LLMActionPlayer] API call took 552 ms (model=OPENROUTER size=LARGE)
[LLMActionPlayer] API call took 866 ms (model=OPENROUTER size=LARGE)
[LLMActionPlayer] API call took 544 ms (model=OPENROUTER size=LARGE)
[LLMActionPlayer] API call took 692 ms (model=OPENROUTER size=LARGE)
[LLMActionPlayer] API call took 959 ms (model=OPENROUTER size=LARGE)
[LLMActionPlayer] API call took 663 ms (model=OPENROUTER size=LARGE)
[LLMActionPlayer] API call took 556 ms (model=OPENROUTER size=LARGE)
[LLMActionPlayer] API call took 604 ms (model=OPENROUTER size=LARGE)
[LLMActionPlayer] API call took 1753 ms (model=OPENROUTER size=LARGE)
[LLMActionPlayer] API call took 546 ms (model=OPENROUTER size=LARGE)
[LLMActionPlayer] API call took 1019 ms (model=OPENROUTER size=LARGE)
[WIN_GAME,LOSE_GAME,LOSE_GAME]
[LLMActionPlayer] API call took 551 ms (model=OPENROUTER size=LARGE)
[LLMActionPlayer] API call took 567 ms (model=OPENROUTER size=LARGE)
[LLMActionPlayer] API call took 559 ms (model=OPENROUTER size=LARGE)
[LLMActionPlayer] API call took 487 ms (model=OPENROUTER size=LARGE)
[LLMActionPlayer] API call took 733 ms (model=OPENROUTER size=LARGE)
[LLMActionPlayer] API call took 693 ms (model=OPENROUTER size=LARGE)
[LLMActionPlayer] API call took 530 ms (model=OPENROUTER size=LARGE)
[LLMActionPlayer] API call took 560 ms (model=OPENROUTER size=LARGE)
[LLMActionPlayer] API call took 634 ms (model=OPENROUTER size=LARGE)
[LLMActionPlayer] API call took 606 ms (model=OPENROUTER size=LARGE)
[LLMActionPlayer] API call took 591 ms (model=OPENROUTER size=LARGE)
[LLMActionPlayer] API call took 541 ms (model=OPENROUTER size=LARGE)
[LLMActionPlayer] API call took 587 ms (model=OPENROUTER size=LARGE)
[LLMActionPlayer] API call took 640 ms (model=OPENROUTER size=LARGE)
[LOSE_GAME,WIN_GAME,LOSE_GAME]
[LLMActionPlayer] API call took 695 ms (model=OPENROUTER size=LARGE)
[LLMActionPlayer] API call took 587 ms (model=OPENROUTER size=LARGE)
[LLMActionPlayer] API call took 582 ms (model=OPENROUTER size=LARGE)
[LLMActionPlayer] API call took 586 ms (model=OPENROUTER size=LARGE)
[LLMActionPlayer] API call took 533 ms (model=OPENROUTER size=LARGE)
[LLMActionPlayer] API call took 656 ms (model=OPENROUTER size=LARGE)
[LLMActionPlayer] API call took 616 ms (model=OPENROUTER size=LARGE)
[LLMActionPlayer] API call took 646 ms (model=OPENROUTER size=LARGE)
[LLMActionPlayer] API call took 597 ms (model=OPENROUTER size=LARGE)
[LLMActionPlayer] API call took 768 ms (model=OPENROUTER size=LARGE)
[LLMActionPlayer] API call took 543 ms (model=OPENROUTER size=LARGE)
[LLMActionPlayer] API call took 566 ms (model=OPENROUTER size=LARGE)
[LLMActionPlayer] API call took 843 ms (model=OPENROUTER size=LARGE)
[LLMActionPlayer] API call took 757 ms (model=OPENROUTER size=LARGE)
[LLMActionPlayer] API call took 572 ms (model=OPENROUTER size=LARGE)
[LLMActionPlayer] API call took 569 ms (model=OPENROUTER size=LARGE)
[LOSE_GAME,LOSE_GAME,WIN_GAME]
[LLMActionPlayer] API call took 573 ms (model=OPENROUTER size=LARGE)
[LLMActionPlayer] API call took 532 ms (model=OPENROUTER size=LARGE)
[LLMActionPlayer] API call took 575 ms (model=OPENROUTER size=LARGE)
[LLMActionPlayer] API call took 566 ms (model=OPENROUTER size=LARGE)
[LLMActionPlayer] API call took 482 ms (model=OPENROUTER size=LARGE)
[LLMActionPlayer] API call took 612 ms (model=OPENROUTER size=LARGE)
[LLMActionPlayer] API call took 592 ms (model=OPENROUTER size=LARGE)
[LLMActionPlayer] API call took 1459 ms (model=OPENROUTER size=LARGE)
[LLMActionPlayer] API call took 554 ms (model=OPENROUTER size=LARGE)
[LLMActionPlayer] API call took 541 ms (model=OPENROUTER size=LARGE)
[LLMActionPlayer] API call took 682 ms (model=OPENROUTER size=LARGE)
[LLMActionPlayer] API call took 500 ms (model=OPENROUTER size=LARGE)
[LLMActionPlayer] API call took 724 ms (model=OPENROUTER size=LARGE)
[LLMActionPlayer] API call took 612 ms (model=OPENROUTER size=LARGE)
[LLMActionPlayer] API call took 686 ms (model=OPENROUTER size=LARGE)
[LLMActionPlayer] API call took 703 ms (model=OPENROUTER size=LARGE)
[LLMActionPlayer] API call took 514 ms (model=OPENROUTER size=LARGE)
[LLMActionPlayer] API call took 689 ms (model=OPENROUTER size=LARGE)
[LLMActionPlayer] API call took 552 ms (model=OPENROUTER size=LARGE)
[LLMActionPlayer] API call took 792 ms (model=OPENROUTER size=LARGE)
[LLMActionPlayer] API call took 554 ms (model=OPENROUTER size=LARGE)
[LLMActionPlayer] API call took 836 ms (model=OPENROUTER size=LARGE)
[LLMActionPlayer] API call took 629 ms (model=OPENROUTER size=LARGE)
[LLMActionPlayer] API call took 684 ms (model=OPENROUTER size=LARGE)
[LLMActionPlayer] API call took 717 ms (model=OPENROUTER size=LARGE)
[LLMActionPlayer] API call took 628 ms (model=OPENROUTER size=LARGE)
[LLMActionPlayer] API call took 687 ms (model=OPENROUTER size=LARGE)
[LLMActionPlayer] API call took 693 ms (model=OPENROUTER size=LARGE)
[LLMActionPlayer] API call took 704 ms (model=OPENROUTER size=LARGE)
[LOSE_GAME,WIN_GAME,LOSE_GAME]
[LLMActionPlayer] API call took 527 ms (model=OPENROUTER size=LARGE)
[LLMActionPlayer] API call took 741 ms (model=OPENROUTER size=LARGE)
[LLMActionPlayer] API call took 559 ms (model=OPENROUTER size=LARGE)
[LLMActionPlayer] API call took 1027 ms (model=OPENROUTER size=LARGE)
[LLMActionPlayer] API call took 592 ms (model=OPENROUTER size=LARGE)
[LLMActionPlayer] API call took 577 ms (model=OPENROUTER size=LARGE)
[LLMActionPlayer] API call took 537 ms (model=OPENROUTER size=LARGE)
[WIN_GAME,LOSE_GAME,LOSE_GAME]
[LLMActionPlayer] API call took 590 ms (model=OPENROUTER size=LARGE)
[LLMActionPlayer] API call took 504 ms (model=OPENROUTER size=LARGE)
[LLMActionPlayer] API call took 522 ms (model=OPENROUTER size=LARGE)
[LLMActionPlayer] API call took 588 ms (model=OPENROUTER size=LARGE)
[LLMActionPlayer] API call took 681 ms (model=OPENROUTER size=LARGE)
[LLMActionPlayer] API call took 701 ms (model=OPENROUTER size=LARGE)
[LLMActionPlayer] API call took 585 ms (model=OPENROUTER size=LARGE)
[LLMActionPlayer] API call took 588 ms (model=OPENROUTER size=LARGE)
[LLMActionPlayer] API call took 795 ms (model=OPENROUTER size=LARGE)
[LLMActionPlayer] API call took 671 ms (model=OPENROUTER size=LARGE)
[LLMActionPlayer] API call took 911 ms (model=OPENROUTER size=LARGE)
[LLMActionPlayer] API call took 576 ms (model=OPENROUTER size=LARGE)
[LLMActionPlayer] API call took 716 ms (model=OPENROUTER size=LARGE)
[LLMActionPlayer] API call took 942 ms (model=OPENROUTER size=LARGE)
[LLMActionPlayer] API call took 581 ms (model=OPENROUTER size=LARGE)
[LLMActionPlayer] API call took 521 ms (model=OPENROUTER size=LARGE)
[LLMActionPlayer] API call took 545 ms (model=OPENROUTER size=LARGE)
[LLMActionPlayer] API call took 600 ms (model=OPENROUTER size=LARGE)
[LLMActionPlayer] API call took 486 ms (model=OPENROUTER size=LARGE)
[LLMActionPlayer] API call took 686 ms (model=OPENROUTER size=LARGE)
[LOSE_GAME,LOSE_GAME,WIN_GAME]
[LLMActionPlayer] API call took 744 ms (model=OPENROUTER size=LARGE)
[LLMActionPlayer] API call took 538 ms (model=OPENROUTER size=LARGE)
[LLMActionPlayer] API call took 806 ms (model=OPENROUTER size=LARGE)
[LLMActionPlayer] API call took 613 ms (model=OPENROUTER size=LARGE)
[LLMActionPlayer] API call took 543 ms (model=OPENROUTER size=LARGE)
[LLMActionPlayer] API call took 514 ms (model=OPENROUTER size=LARGE)
[LLMActionPlayer] API call took 654 ms (model=OPENROUTER size=LARGE)
[LLMActionPlayer] API call took 589 ms (model=OPENROUTER size=LARGE)
[LLMActionPlayer] API call took 680 ms (model=OPENROUTER size=LARGE)
[LLMActionPlayer] API call took 730 ms (model=OPENROUTER size=LARGE)
[LLMActionPlayer] API call took 917 ms (model=OPENROUTER size=LARGE)
[LLMActionPlayer] API call took 552 ms (model=OPENROUTER size=LARGE)
[WIN_GAME,LOSE_GAME,LOSE_GAME]
[LLMActionPlayer] API call took 581 ms (model=OPENROUTER size=LARGE)
[LLMActionPlayer] API call took 458 ms (model=OPENROUTER size=LARGE)
[LLMActionPlayer] API call took 451 ms (model=OPENROUTER size=LARGE)
[LLMActionPlayer] API call took 670 ms (model=OPENROUTER size=LARGE)
[LLMActionPlayer] API call took 586 ms (model=OPENROUTER size=LARGE)
[LLMActionPlayer] API call took 670 ms (model=OPENROUTER size=LARGE)
[LLMActionPlayer] API call took 740 ms (model=OPENROUTER size=LARGE)
[LLMActionPlayer] API call took 591 ms (model=OPENROUTER size=LARGE)
[LLMActionPlayer] API call took 1054 ms (model=OPENROUTER size=LARGE)
[LLMActionPlayer] API call took 584 ms (model=OPENROUTER size=LARGE)
[LLMActionPlayer] API call took 659 ms (model=OPENROUTER size=LARGE)
[LLMActionPlayer] API call took 459 ms (model=OPENROUTER size=LARGE)
[LLMActionPlayer] API call took 472 ms (model=OPENROUTER size=LARGE)
[LLMActionPlayer] API call took 624 ms (model=OPENROUTER size=LARGE)
[LLMActionPlayer] API call took 586 ms (model=OPENROUTER size=LARGE)
[LLMActionPlayer] API call took 750 ms (model=OPENROUTER size=LARGE)
[LLMActionPlayer] API call took 662 ms (model=OPENROUTER size=LARGE)
[LLMActionPlayer] API call took 604 ms (model=OPENROUTER size=LARGE)
[LLMActionPlayer] API call took 484 ms (model=OPENROUTER size=LARGE)
[LLMActionPlayer] API call took 483 ms (model=OPENROUTER size=LARGE)
[LLMActionPlayer] API call took 680 ms (model=OPENROUTER size=LARGE)
[LLMActionPlayer] API call took 541 ms (model=OPENROUTER size=LARGE)
[LLMActionPlayer] API call took 474 ms (model=OPENROUTER size=LARGE)
[LLMActionPlayer] API call took 579 ms (model=OPENROUTER size=LARGE)
[LLMActionPlayer] API call took 510 ms (model=OPENROUTER size=LARGE)
[LLMActionPlayer] API call took 841 ms (model=OPENROUTER size=LARGE)
[LOSE_GAME,LOSE_GAME,WIN_GAME]
[LLMActionPlayer] API call took 669 ms (model=OPENROUTER size=LARGE)
[LLMActionPlayer] API call took 527 ms (model=OPENROUTER size=LARGE)
[LLMActionPlayer] API call took 750 ms (model=OPENROUTER size=LARGE)
[LLMActionPlayer] API call took 576 ms (model=OPENROUTER size=LARGE)
[LLMActionPlayer] API call took 567 ms (model=OPENROUTER size=LARGE)
[LLMActionPlayer] API call took 687 ms (model=OPENROUTER size=LARGE)
[LLMActionPlayer] API call took 663 ms (model=OPENROUTER size=LARGE)
[LLMActionPlayer] API call took 460 ms (model=OPENROUTER size=LARGE)
[LLMActionPlayer] API call took 1144 ms (model=OPENROUTER size=LARGE)
[LLMActionPlayer] API call took 816 ms (model=OPENROUTER size=LARGE)
[LLMActionPlayer] API call took 3546 ms (model=OPENROUTER size=LARGE)
[LLMActionPlayer] API call took 933 ms (model=OPENROUTER size=LARGE)
[LLMActionPlayer] API call took 538 ms (model=OPENROUTER size=LARGE)
[LLMActionPlayer] API call took 525 ms (model=OPENROUTER size=LARGE)
[LLMActionPlayer] API call took 593 ms (model=OPENROUTER size=LARGE)
[LOSE_GAME,LOSE_GAME,WIN_GAME]
[LLMActionPlayer] API call took 613 ms (model=OPENROUTER size=LARGE)
[LLMActionPlayer] API call took 441 ms (model=OPENROUTER size=LARGE)
[LLMActionPlayer] API call took 552 ms (model=OPENROUTER size=LARGE)
[LLMActionPlayer] API call took 706 ms (model=OPENROUTER size=LARGE)
[LLMActionPlayer] API call took 1209 ms (model=OPENROUTER size=LARGE)
[LLMActionPlayer] API call took 555 ms (model=OPENROUTER size=LARGE)
[LLMActionPlayer] API call took 578 ms (model=OPENROUTER size=LARGE)
[LLMActionPlayer] API call took 597 ms (model=OPENROUTER size=LARGE)
[LLMActionPlayer] API call took 1013 ms (model=OPENROUTER size=LARGE)
[LLMActionPlayer] API call took 538 ms (model=OPENROUTER size=LARGE)
[LLMActionPlayer] API call took 723 ms (model=OPENROUTER size=LARGE)
[LLMActionPlayer] API call took 557 ms (model=OPENROUTER size=LARGE)
[LLMActionPlayer] API call took 747 ms (model=OPENROUTER size=LARGE)
[LLMActionPlayer] API call took 681 ms (model=OPENROUTER size=LARGE)
[LLMActionPlayer] API call took 461 ms (model=OPENROUTER size=LARGE)
[LLMActionPlayer] API call took 596 ms (model=OPENROUTER size=LARGE)
[LLMActionPlayer] API call took 1076 ms (model=OPENROUTER size=LARGE)
[LLMActionPlayer] API call took 577 ms (model=OPENROUTER size=LARGE)
[LLMActionPlayer] API call took 1392 ms (model=OPENROUTER size=LARGE)
[LLMActionPlayer] API call took 662 ms (model=OPENROUTER size=LARGE)
[LLMActionPlayer] API call took 732 ms (model=OPENROUTER size=LARGE)
[DRAW_GAME,DRAW_GAME,DRAW_GAME]
[LLMActionPlayer] API call took 627 ms (model=OPENROUTER size=LARGE)
[LLMActionPlayer] API call took 374 ms (model=OPENROUTER size=LARGE)
[LLMActionPlayer] API call took 974 ms (model=OPENROUTER size=LARGE)
[LLMActionPlayer] API call took 611 ms (model=OPENROUTER size=LARGE)
[LLMActionPlayer] API call took 572 ms (model=OPENROUTER size=LARGE)
[LLMActionPlayer] API call took 565 ms (model=OPENROUTER size=LARGE)
[LLMActionPlayer] API call took 1380 ms (model=OPENROUTER size=LARGE)
[LLMActionPlayer] API call took 1068 ms (model=OPENROUTER size=LARGE)
[LLMActionPlayer] API call took 472 ms (model=OPENROUTER size=LARGE)
[LLMActionPlayer] API call took 537 ms (model=OPENROUTER size=LARGE)
[LLMActionPlayer] API call took 584 ms (model=OPENROUTER size=LARGE)
[LLMActionPlayer] API call took 659 ms (model=OPENROUTER size=LARGE)
[LLMActionPlayer] API call took 591 ms (model=OPENROUTER size=LARGE)
[LLMActionPlayer] API call took 779 ms (model=OPENROUTER size=LARGE)
[LLMActionPlayer] API call took 439 ms (model=OPENROUTER size=LARGE)
[LLMActionPlayer] API call took 1124 ms (model=OPENROUTER size=LARGE)
[LLMActionPlayer] API call took 716 ms (model=OPENROUTER size=LARGE)
[WIN_GAME,LOSE_GAME,LOSE_GAME]
[LLMActionPlayer] API call took 682 ms (model=OPENROUTER size=LARGE)
[LLMActionPlayer] API call took 482 ms (model=OPENROUTER size=LARGE)
[LLMActionPlayer] API call took 518 ms (model=OPENROUTER size=LARGE)
[LLMActionPlayer] API call took 571 ms (model=OPENROUTER size=LARGE)
[LLMActionPlayer] API call took 715 ms (model=OPENROUTER size=LARGE)
[LLMActionPlayer] API call took 579 ms (model=OPENROUTER size=LARGE)
[LLMActionPlayer] API call took 690 ms (model=OPENROUTER size=LARGE)
[LLMActionPlayer] API call took 475 ms (model=OPENROUTER size=LARGE)
[LLMActionPlayer] API call took 536 ms (model=OPENROUTER size=LARGE)
[LLMActionPlayer] API call took 659 ms (model=OPENROUTER size=LARGE)
[LLMActionPlayer] API call took 597 ms (model=OPENROUTER size=LARGE)
[LLMActionPlayer] API call took 530 ms (model=OPENROUTER size=LARGE)
[LLMActionPlayer] API call took 570 ms (model=OPENROUTER size=LARGE)
[LLMActionPlayer] API call took 572 ms (model=OPENROUTER size=LARGE)
[LOSE_GAME,WIN_GAME,LOSE_GAME]
[LLMActionPlayer] API call took 1058 ms (model=OPENROUTER size=LARGE)
[LLMActionPlayer] API call took 687 ms (model=OPENROUTER size=LARGE)
[LLMActionPlayer] API call took 1121 ms (model=OPENROUTER size=LARGE)
[LLMActionPlayer] API call took 568 ms (model=OPENROUTER size=LARGE)
[LLMActionPlayer] API call took 690 ms (model=OPENROUTER size=LARGE)
[LLMActionPlayer] API call took 794 ms (model=OPENROUTER size=LARGE)
[LLMActionPlayer] API call took 563 ms (model=OPENROUTER size=LARGE)
[LLMActionPlayer] API call took 586 ms (model=OPENROUTER size=LARGE)
[LLMActionPlayer] API call took 656 ms (model=OPENROUTER size=LARGE)
[LLMActionPlayer] API call took 541 ms (model=OPENROUTER size=LARGE)
[LLMActionPlayer] API call took 560 ms (model=OPENROUTER size=LARGE)
[LLMActionPlayer] API call took 484 ms (model=OPENROUTER size=LARGE)
[LLMActionPlayer] API call took 547 ms (model=OPENROUTER size=LARGE)
[LLMActionPlayer] API call took 569 ms (model=OPENROUTER size=LARGE)
[LLMActionPlayer] API call took 551 ms (model=OPENROUTER size=LARGE)
[LLMActionPlayer] API call took 1132 ms (model=OPENROUTER size=LARGE)
[LLMActionPlayer] API call took 665 ms (model=OPENROUTER size=LARGE)
[LLMActionPlayer] API call took 607 ms (model=OPENROUTER size=LARGE)
[LLMActionPlayer] API call took 748 ms (model=OPENROUTER size=LARGE)
[LLMActionPlayer] API call took 793 ms (model=OPENROUTER size=LARGE)
[LOSE_GAME,LOSE_GAME,WIN_GAME]
[LLMActionPlayer] API call took 716 ms (model=OPENROUTER size=LARGE)
[LLMActionPlayer] API call took 569 ms (model=OPENROUTER size=LARGE)
[LLMActionPlayer] API call took 536 ms (model=OPENROUTER size=LARGE)
[LLMActionPlayer] API call took 668 ms (model=OPENROUTER size=LARGE)
[LLMActionPlayer] API call took 716 ms (model=OPENROUTER size=LARGE)
[LLMActionPlayer] API call took 562 ms (model=OPENROUTER size=LARGE)
[LLMActionPlayer] API call took 648 ms (model=OPENROUTER size=LARGE)
[LLMActionPlayer] API call took 591 ms (model=OPENROUTER size=LARGE)
[LLMActionPlayer] API call took 906 ms (model=OPENROUTER size=LARGE)
[LLMActionPlayer] API call took 567 ms (model=OPENROUTER size=LARGE)
[LLMActionPlayer] API call took 544 ms (model=OPENROUTER size=LARGE)
[WIN_GAME,LOSE_GAME,LOSE_GAME]
[LLMActionPlayer] API call took 1170 ms (model=OPENROUTER size=LARGE)
[LLMActionPlayer] API call took 923 ms (model=OPENROUTER size=LARGE)
[LLMActionPlayer] API call took 559 ms (model=OPENROUTER size=LARGE)
[LLMActionPlayer] API call took 577 ms (model=OPENROUTER size=LARGE)
[LLMActionPlayer] API call took 816 ms (model=OPENROUTER size=LARGE)
[LLMActionPlayer] API call took 890 ms (model=OPENROUTER size=LARGE)
[LLMActionPlayer] API call took 738 ms (model=OPENROUTER size=LARGE)
[LLMActionPlayer] API call took 606 ms (model=OPENROUTER size=LARGE)
[LLMActionPlayer] API call took 693 ms (model=OPENROUTER size=LARGE)
[LLMActionPlayer] API call took 1347 ms (model=OPENROUTER size=LARGE)
[LLMActionPlayer] API call took 973 ms (model=OPENROUTER size=LARGE)
[LLMActionPlayer] API call took 637 ms (model=OPENROUTER size=LARGE)
[LLMActionPlayer] API call took 930 ms (model=OPENROUTER size=LARGE)
[LLMActionPlayer] API call took 507 ms (model=OPENROUTER size=LARGE)
[LLMActionPlayer] API call took 1538 ms (model=OPENROUTER size=LARGE)
[LLMActionPlayer] API call took 584 ms (model=OPENROUTER size=LARGE)
[LLMActionPlayer] API call took 577 ms (model=OPENROUTER size=LARGE)
[LLMActionPlayer] API call took 605 ms (model=OPENROUTER size=LARGE)
[LLMActionPlayer] API call took 616 ms (model=OPENROUTER size=LARGE)
[LLMActionPlayer] API call took 645 ms (model=OPENROUTER size=LARGE)
[LLMActionPlayer] API call took 650 ms (model=OPENROUTER size=LARGE)
[LLMActionPlayer] API call took 542 ms (model=OPENROUTER size=LARGE)
[LLMActionPlayer] API call took 551 ms (model=OPENROUTER size=LARGE)
[LLMActionPlayer] API call took 506 ms (model=OPENROUTER size=LARGE)
[LLMActionPlayer] API call took 732 ms (model=OPENROUTER size=LARGE)
[LLMActionPlayer] API call took 614 ms (model=OPENROUTER size=LARGE)
[WIN_GAME,LOSE_GAME,LOSE_GAME]
[LLMActionPlayer] API call took 634 ms (model=OPENROUTER size=LARGE)
[LLMActionPlayer] API call took 461 ms (model=OPENROUTER size=LARGE)
[LLMActionPlayer] API call took 921 ms (model=OPENROUTER size=LARGE)
[LLMActionPlayer] Invalid response: I will accept the trade as it allows me to acquire more WOOL, a resource I currently have a limited supply of, and it does not put me at a disadvantage in terms of ORE.
[LLMActionPlayer] Action ID : null selected randomly since LLM returned non valid action[LLMActionPlayer] API call took 591 ms (model=OPENROUTER size=LARGE)
[LLMActionPlayer] API call took 672 ms (model=OPENROUTER size=LARGE)
[DRAW_GAME,LOSE_GAME,DRAW_GAME]
[LLMActionPlayer] API call took 664 ms (model=OPENROUTER size=LARGE)
[LLMActionPlayer] API call took 538 ms (model=OPENROUTER size=LARGE)
[LLMActionPlayer] API call took 557 ms (model=OPENROUTER size=LARGE)
[LLMActionPlayer] API call took 492 ms (model=OPENROUTER size=LARGE)
[LLMActionPlayer] API call took 576 ms (model=OPENROUTER size=LARGE)
[LLMActionPlayer] API call took 685 ms (model=OPENROUTER size=LARGE)
[LLMActionPlayer] API call took 979 ms (model=OPENROUTER size=LARGE)
[LLMActionPlayer] API call took 473 ms (model=OPENROUTER size=LARGE)
[LLMActionPlayer] API call took 584 ms (model=OPENROUTER size=LARGE)
[LLMActionPlayer] API call took 626 ms (model=OPENROUTER size=LARGE)
[LLMActionPlayer] API call took 557 ms (model=OPENROUTER size=LARGE)
[LLMActionPlayer] API call took 564 ms (model=OPENROUTER size=LARGE)
[LLMActionPlayer] API call took 574 ms (model=OPENROUTER size=LARGE)
[LLMActionPlayer] API call took 683 ms (model=OPENROUTER size=LARGE)
[LLMActionPlayer] API call took 858 ms (model=OPENROUTER size=LARGE)
[LLMActionPlayer] API call took 659 ms (model=OPENROUTER size=LARGE)
[LLMActionPlayer] API call took 562 ms (model=OPENROUTER size=LARGE)
[WIN_GAME,LOSE_GAME,LOSE_GAME]
[LLMActionPlayer] API call took 604 ms (model=OPENROUTER size=LARGE)
[LLMActionPlayer] API call took 499 ms (model=OPENROUTER size=LARGE)
[LLMActionPlayer] API call took 649 ms (model=OPENROUTER size=LARGE)
[LLMActionPlayer] API call took 532 ms (model=OPENROUTER size=LARGE)
[LLMActionPlayer] API call took 688 ms (model=OPENROUTER size=LARGE)
[LLMActionPlayer] API call took 768 ms (model=OPENROUTER size=LARGE)
[LLMActionPlayer] API call took 738 ms (model=OPENROUTER size=LARGE)
[LLMActionPlayer] API call took 862 ms (model=OPENROUTER size=LARGE)
[LLMActionPlayer] API call took 556 ms (model=OPENROUTER size=LARGE)
[LLMActionPlayer] API call took 533 ms (model=OPENROUTER size=LARGE)
[LLMActionPlayer] API call took 2254 ms (model=OPENROUTER size=LARGE)
[LLMActionPlayer] API call took 553 ms (model=OPENROUTER size=LARGE)
[LLMActionPlayer] API call took 618 ms (model=OPENROUTER size=LARGE)
[LLMActionPlayer] API call took 548 ms (model=OPENROUTER size=LARGE)
[WIN_GAME,LOSE_GAME,LOSE_GAME]
[LLMActionPlayer] API call took 497 ms (model=OPENROUTER size=LARGE)
[LLMActionPlayer] API call took 589 ms (model=OPENROUTER size=LARGE)
[LLMActionPlayer] API call took 572 ms (model=OPENROUTER size=LARGE)
[LLMActionPlayer] API call took 678 ms (model=OPENROUTER size=LARGE)
[LLMActionPlayer] API call took 553 ms (model=OPENROUTER size=LARGE)
[LLMActionPlayer] API call took 575 ms (model=OPENROUTER size=LARGE)
[LLMActionPlayer] API call took 667 ms (model=OPENROUTER size=LARGE)
[LLMActionPlayer] API call took 674 ms (model=OPENROUTER size=LARGE)
[LLMActionPlayer] API call took 678 ms (model=OPENROUTER size=LARGE)
[LLMActionPlayer] API call took 558 ms (model=OPENROUTER size=LARGE)
[LLMActionPlayer] API call took 756 ms (model=OPENROUTER size=LARGE)
[LLMActionPlayer] API call took 473 ms (model=OPENROUTER size=LARGE)
[LLMActionPlayer] API call took 544 ms (model=OPENROUTER size=LARGE)
[LLMActionPlayer] API call took 677 ms (model=OPENROUTER size=LARGE)
[LLMActionPlayer] API call took 490 ms (model=OPENROUTER size=LARGE)
[LLMActionPlayer] API call took 1292 ms (model=OPENROUTER size=LARGE)
[LOSE_GAME,WIN_GAME,LOSE_GAME]
[LLMActionPlayer] API call took 568 ms (model=OPENROUTER size=LARGE)
[LLMActionPlayer] API call took 539 ms (model=OPENROUTER size=LARGE)
[LLMActionPlayer] API call took 687 ms (model=OPENROUTER size=LARGE)
[LLMActionPlayer] API call took 787 ms (model=OPENROUTER size=LARGE)
[LLMActionPlayer] API call took 512 ms (model=OPENROUTER size=LARGE)
[LLMActionPlayer] API call took 861 ms (model=OPENROUTER size=LARGE)
[LLMActionPlayer] API call took 483 ms (model=OPENROUTER size=LARGE)
[LLMActionPlayer] API call took 703 ms (model=OPENROUTER size=LARGE)
[LLMActionPlayer] API call took 706 ms (model=OPENROUTER size=LARGE)
[LLMActionPlayer] API call took 728 ms (model=OPENROUTER size=LARGE)
[LLMActionPlayer] API call took 737 ms (model=OPENROUTER size=LARGE)
[LOSE_GAME,WIN_GAME,LOSE_GAME]
[LLMActionPlayer] API call took 663 ms (model=OPENROUTER size=LARGE)
[LLMActionPlayer] API call took 580 ms (model=OPENROUTER size=LARGE)
[LLMActionPlayer] API call took 768 ms (model=OPENROUTER size=LARGE)
[LLMActionPlayer] API call took 567 ms (model=OPENROUTER size=LARGE)
[LLMActionPlayer] API call took 543 ms (model=OPENROUTER size=LARGE)
[LLMActionPlayer] API call took 1036 ms (model=OPENROUTER size=LARGE)
[LLMActionPlayer] API call took 660 ms (model=OPENROUTER size=LARGE)
[LLMActionPlayer] API call took 686 ms (model=OPENROUTER size=LARGE)
[LLMActionPlayer] API call took 597 ms (model=OPENROUTER size=LARGE)
[LLMActionPlayer] API call took 548 ms (model=OPENROUTER size=LARGE)
[LLMActionPlayer] API call took 562 ms (model=OPENROUTER size=LARGE)
[LLMActionPlayer] API call took 570 ms (model=OPENROUTER size=LARGE)
[LLMActionPlayer] API call took 470 ms (model=OPENROUTER size=LARGE)
[LLMActionPlayer] API call took 575 ms (model=OPENROUTER size=LARGE)
[LLMActionPlayer] API call took 582 ms (model=OPENROUTER size=LARGE)
[LLMActionPlayer] API call took 653 ms (model=OPENROUTER size=LARGE)
[LLMActionPlayer] API call took 562 ms (model=OPENROUTER size=LARGE)
[LLMActionPlayer] API call took 646 ms (model=OPENROUTER size=LARGE)
[LLMActionPlayer] API call took 651 ms (model=OPENROUTER size=LARGE)
[DRAW_GAME,DRAW_GAME,DRAW_GAME]
[LLMActionPlayer] API call took 808 ms (model=OPENROUTER size=LARGE)
[LLMActionPlayer] API call took 1600 ms (model=OPENROUTER size=LARGE)
[LLMActionPlayer] API call took 504 ms (model=OPENROUTER size=LARGE)
[LLMActionPlayer] API call took 499 ms (model=OPENROUTER size=LARGE)
[LLMActionPlayer] API call took 478 ms (model=OPENROUTER size=LARGE)
[LLMActionPlayer] API call took 777 ms (model=OPENROUTER size=LARGE)
[LLMActionPlayer] API call took 486 ms (model=OPENROUTER size=LARGE)
[LLMActionPlayer] API call took 745 ms (model=OPENROUTER size=LARGE)
[LLMActionPlayer] API call took 661 ms (model=OPENROUTER size=LARGE)
[WIN_GAME,LOSE_GAME,LOSE_GAME]
[LLMActionPlayer] API call took 808 ms (model=OPENROUTER size=LARGE)
[LLMActionPlayer] API call took 470 ms (model=OPENROUTER size=LARGE)
[LLMActionPlayer] API call took 763 ms (model=OPENROUTER size=LARGE)
[LLMActionPlayer] API call took 668 ms (model=OPENROUTER size=LARGE)
[LLMActionPlayer] API call took 815 ms (model=OPENROUTER size=LARGE)
[LLMActionPlayer] API call took 891 ms (model=OPENROUTER size=LARGE)
[LLMActionPlayer] API call took 731 ms (model=OPENROUTER size=LARGE)
[LLMActionPlayer] API call took 712 ms (model=OPENROUTER size=LARGE)
[LLMActionPlayer] API call took 707 ms (model=OPENROUTER size=LARGE)
[LLMActionPlayer] API call took 606 ms (model=OPENROUTER size=LARGE)
[LLMActionPlayer] API call took 542 ms (model=OPENROUTER size=LARGE)
[LLMActionPlayer] API call took 575 ms (model=OPENROUTER size=LARGE)
[LLMActionPlayer] API call took 603 ms (model=OPENROUTER size=LARGE)
[LLMActionPlayer] API call took 579 ms (model=OPENROUTER size=LARGE)
[LLMActionPlayer] API call took 600 ms (model=OPENROUTER size=LARGE)
[LLMActionPlayer] API call took 577 ms (model=OPENROUTER size=LARGE)
[LLMActionPlayer] API call took 573 ms (model=OPENROUTER size=LARGE)
[LLMActionPlayer] API call took 535 ms (model=OPENROUTER size=LARGE)
[LLMActionPlayer] API call took 1026 ms (model=OPENROUTER size=LARGE)
[LLMActionPlayer] API call took 687 ms (model=OPENROUTER size=LARGE)
[LLMActionPlayer] API call took 647 ms (model=OPENROUTER size=LARGE)
[LLMActionPlayer] API call took 593 ms (model=OPENROUTER size=LARGE)
[LLMActionPlayer] API call took 778 ms (model=OPENROUTER size=LARGE)
[LLMActionPlayer] API call took 613 ms (model=OPENROUTER size=LARGE)
[LLMActionPlayer] API call took 609 ms (model=OPENROUTER size=LARGE)
[WIN_GAME,LOSE_GAME,LOSE_GAME]
[LLMActionPlayer] API call took 727 ms (model=OPENROUTER size=LARGE)
[LLMActionPlayer] API call took 513 ms (model=OPENROUTER size=LARGE)
[LLMActionPlayer] API call took 687 ms (model=OPENROUTER size=LARGE)
[LLMActionPlayer] API call took 634 ms (model=OPENROUTER size=LARGE)
[LLMActionPlayer] API call took 1075 ms (model=OPENROUTER size=LARGE)
[LLMActionPlayer] API call took 1041 ms (model=OPENROUTER size=LARGE)
[LLMActionPlayer] API call took 703 ms (model=OPENROUTER size=LARGE)
[LLMActionPlayer] API call took 911 ms (model=OPENROUTER size=LARGE)
[LLMActionPlayer] API call took 562 ms (model=OPENROUTER size=LARGE)
[LLMActionPlayer] API call took 856 ms (model=OPENROUTER size=LARGE)
[LLMActionPlayer] API call took 1028 ms (model=OPENROUTER size=LARGE)
[LLMActionPlayer] API call took 728 ms (model=OPENROUTER size=LARGE)
[LLMActionPlayer] API call took 769 ms (model=OPENROUTER size=LARGE)
[LLMActionPlayer] API call took 442 ms (model=OPENROUTER size=LARGE)
[LLMActionPlayer] API call took 540 ms (model=OPENROUTER size=LARGE)
[LLMActionPlayer] API call took 1104 ms (model=OPENROUTER size=LARGE)
[LLMActionPlayer] API call took 564 ms (model=OPENROUTER size=LARGE)
[LLMActionPlayer] API call took 533 ms (model=OPENROUTER size=LARGE)
[LLMActionPlayer] API call took 466 ms (model=OPENROUTER size=LARGE)
[LLMActionPlayer] API call took 605 ms (model=OPENROUTER size=LARGE)
[LLMActionPlayer] API call took 750 ms (model=OPENROUTER size=LARGE)
[LLMActionPlayer] API call took 554 ms (model=OPENROUTER size=LARGE)
[LLMActionPlayer] API call took 695 ms (model=OPENROUTER size=LARGE)
[LLMActionPlayer] API call took 548 ms (model=OPENROUTER size=LARGE)
[LLMActionPlayer] API call took 635 ms (model=OPENROUTER size=LARGE)
[LLMActionPlayer] API call took 608 ms (model=OPENROUTER size=LARGE)
[LLMActionPlayer] API call took 603 ms (model=OPENROUTER size=LARGE)
[LLMActionPlayer] API call took 800 ms (model=OPENROUTER size=LARGE)
[LLMActionPlayer] API call took 585 ms (model=OPENROUTER size=LARGE)
[LLMActionPlayer] API call took 652 ms (model=OPENROUTER size=LARGE)
[LLMActionPlayer] API call took 529 ms (model=OPENROUTER size=LARGE)
[LLMActionPlayer] API call took 520 ms (model=OPENROUTER size=LARGE)
[LLMActionPlayer] API call took 558 ms (model=OPENROUTER size=LARGE)
[LLMActionPlayer] API call took 608 ms (model=OPENROUTER size=LARGE)
[LLMActionPlayer] API call took 703 ms (model=OPENROUTER size=LARGE)
[LLMActionPlayer] API call took 649 ms (model=OPENROUTER size=LARGE)
[LLMActionPlayer] API call took 630 ms (model=OPENROUTER size=LARGE)
[LLMActionPlayer] API call took 574 ms (model=OPENROUTER size=LARGE)
[LOSE_GAME,WIN_GAME,LOSE_GAME]
[LLMActionPlayer] API call took 587 ms (model=OPENROUTER size=LARGE)
[LLMActionPlayer] API call took 482 ms (model=OPENROUTER size=LARGE)
[LLMActionPlayer] API call took 577 ms (model=OPENROUTER size=LARGE)
[LLMActionPlayer] API call took 450 ms (model=OPENROUTER size=LARGE)
[LLMActionPlayer] API call took 686 ms (model=OPENROUTER size=LARGE)
[LLMActionPlayer] API call took 596 ms (model=OPENROUTER size=LARGE)
[LLMActionPlayer] API call took 527 ms (model=OPENROUTER size=LARGE)
[LLMActionPlayer] API call took 556 ms (model=OPENROUTER size=LARGE)
[LLMActionPlayer] API call took 700 ms (model=OPENROUTER size=LARGE)
[LLMActionPlayer] API call took 553 ms (model=OPENROUTER size=LARGE)
[LLMActionPlayer] API call took 472 ms (model=OPENROUTER size=LARGE)
[LLMActionPlayer] API call took 881 ms (model=OPENROUTER size=LARGE)
[LLMActionPlayer] API call took 1280 ms (model=OPENROUTER size=LARGE)
[LLMActionPlayer] API call took 671 ms (model=OPENROUTER size=LARGE)
[LLMActionPlayer] API call took 594 ms (model=OPENROUTER size=LARGE)
[LLMActionPlayer] API call took 580 ms (model=OPENROUTER size=LARGE)
[LLMActionPlayer] API call took 1193 ms (model=OPENROUTER size=LARGE)
[LLMActionPlayer] API call took 994 ms (model=OPENROUTER size=LARGE)
[LLMActionPlayer] API call took 510 ms (model=OPENROUTER size=LARGE)
[LLMActionPlayer] API call took 624 ms (model=OPENROUTER size=LARGE)
[LLMActionPlayer] API call took 528 ms (model=OPENROUTER size=LARGE)
[LLMActionPlayer] API call took 679 ms (model=OPENROUTER size=LARGE)
[LLMActionPlayer] API call took 582 ms (model=OPENROUTER size=LARGE)
[LLMActionPlayer] API call took 536 ms (model=OPENROUTER size=LARGE)
[WIN_GAME,LOSE_GAME,LOSE_GAME]
[LLMActionPlayer] API call took 660 ms (model=OPENROUTER size=LARGE)
[LLMActionPlayer] API call took 1086 ms (model=OPENROUTER size=LARGE)
[LLMActionPlayer] API call took 514 ms (model=OPENROUTER size=LARGE)
[LLMActionPlayer] API call took 614 ms (model=OPENROUTER size=LARGE)
[LLMActionPlayer] API call took 524 ms (model=OPENROUTER size=LARGE)
[LLMActionPlayer] API call took 575 ms (model=OPENROUTER size=LARGE)
[LLMActionPlayer] API call took 478 ms (model=OPENROUTER size=LARGE)
[LLMActionPlayer] API call took 659 ms (model=OPENROUTER size=LARGE)
[LLMActionPlayer] API call took 547 ms (model=OPENROUTER size=LARGE)
[LLMActionPlayer] API call took 705 ms (model=OPENROUTER size=LARGE)
[LLMActionPlayer] API call took 452 ms (model=OPENROUTER size=LARGE)
[LLMActionPlayer] API call took 613 ms (model=OPENROUTER size=LARGE)
[LLMActionPlayer] API call took 950 ms (model=OPENROUTER size=LARGE)
[LLMActionPlayer] API call took 609 ms (model=OPENROUTER size=LARGE)
[LOSE_GAME,WIN_GAME,LOSE_GAME]
[LLMActionPlayer] API call took 849 ms (model=OPENROUTER size=LARGE)
[LLMActionPlayer] API call took 588 ms (model=OPENROUTER size=LARGE)
[LLMActionPlayer] API call took 935 ms (model=OPENROUTER size=LARGE)
[LLMActionPlayer] API call took 646 ms (model=OPENROUTER size=LARGE)
[LLMActionPlayer] API call took 667 ms (model=OPENROUTER size=LARGE)
[LLMActionPlayer] API call took 560 ms (model=OPENROUTER size=LARGE)
[LLMActionPlayer] API call took 693 ms (model=OPENROUTER size=LARGE)
[LLMActionPlayer] API call took 460 ms (model=OPENROUTER size=LARGE)
[LLMActionPlayer] API call took 545 ms (model=OPENROUTER size=LARGE)
[LLMActionPlayer] API call took 764 ms (model=OPENROUTER size=LARGE)
[LLMActionPlayer] API call took 492 ms (model=OPENROUTER size=LARGE)
[LLMActionPlayer] API call took 649 ms (model=OPENROUTER size=LARGE)
[LLMActionPlayer] API call took 529 ms (model=OPENROUTER size=LARGE)
[LLMActionPlayer] API call took 356 ms (model=OPENROUTER size=LARGE)
[LLMActionPlayer] API call took 567 ms (model=OPENROUTER size=LARGE)
[LLMActionPlayer] API call took 854 ms (model=OPENROUTER size=LARGE)
[LLMActionPlayer] API call took 696 ms (model=OPENROUTER size=LARGE)
[LLMActionPlayer] API call took 603 ms (model=OPENROUTER size=LARGE)
[LLMActionPlayer] API call took 927 ms (model=OPENROUTER size=LARGE)
[LLMActionPlayer] API call took 583 ms (model=OPENROUTER size=LARGE)
[LLMActionPlayer] API call took 534 ms (model=OPENROUTER size=LARGE)
[LLMActionPlayer] API call took 830 ms (model=OPENROUTER size=LARGE)
[LLMActionPlayer] API call took 631 ms (model=OPENROUTER size=LARGE)
[LLMActionPlayer] API call took 711 ms (model=OPENROUTER size=LARGE)
[LLMActionPlayer] API call took 595 ms (model=OPENROUTER size=LARGE)
[LLMActionPlayer] API call took 574 ms (model=OPENROUTER size=LARGE)
[LLMActionPlayer] API call took 559 ms (model=OPENROUTER size=LARGE)
[LLMActionPlayer] API call took 515 ms (model=OPENROUTER size=LARGE)
[LLMActionPlayer] API call took 548 ms (model=OPENROUTER size=LARGE)
[LLMActionPlayer] API call took 900 ms (model=OPENROUTER size=LARGE)
[LLMActionPlayer] API call took 541 ms (model=OPENROUTER size=LARGE)
[LLMActionPlayer] API call took 548 ms (model=OPENROUTER size=LARGE)
[WIN_GAME,LOSE_GAME,LOSE_GAME]
[LLMActionPlayer] API call took 604 ms (model=OPENROUTER size=LARGE)
[LLMActionPlayer] API call took 558 ms (model=OPENROUTER size=LARGE)
[LLMActionPlayer] API call took 550 ms (model=OPENROUTER size=LARGE)
[LLMActionPlayer] API call took 582 ms (model=OPENROUTER size=LARGE)
[LLMActionPlayer] API call took 478 ms (model=OPENROUTER size=LARGE)
[LLMActionPlayer] API call took 633 ms (model=OPENROUTER size=LARGE)
[LLMActionPlayer] API call took 941 ms (model=OPENROUTER size=LARGE)
[LLMActionPlayer] API call took 701 ms (model=OPENROUTER size=LARGE)
[LLMActionPlayer] API call took 536 ms (model=OPENROUTER size=LARGE)
[LLMActionPlayer] API call took 558 ms (model=OPENROUTER size=LARGE)
[LLMActionPlayer] API call took 465 ms (model=OPENROUTER size=LARGE)
[LLMActionPlayer] API call took 606 ms (model=OPENROUTER size=LARGE)
[LOSE_GAME,LOSE_GAME,WIN_GAME]
[LLMActionPlayer] API call took 655 ms (model=OPENROUTER size=LARGE)
[LLMActionPlayer] API call took 547 ms (model=OPENROUTER size=LARGE)
[LLMActionPlayer] API call took 687 ms (model=OPENROUTER size=LARGE)
[LLMActionPlayer] API call took 538 ms (model=OPENROUTER size=LARGE)
[LLMActionPlayer] API call took 599 ms (model=OPENROUTER size=LARGE)
[LLMActionPlayer] API call took 603 ms (model=OPENROUTER size=LARGE)
[LLMActionPlayer] API call took 1310 ms (model=OPENROUTER size=LARGE)
[LLMActionPlayer] API call took 573 ms (model=OPENROUTER size=LARGE)
[LLMActionPlayer] API call took 572 ms (model=OPENROUTER size=LARGE)
[LLMActionPlayer] API call took 713 ms (model=OPENROUTER size=LARGE)
[LLMActionPlayer] API call took 606 ms (model=OPENROUTER size=LARGE)
[LLMActionPlayer] API call took 572 ms (model=OPENROUTER size=LARGE)
[LLMActionPlayer] API call took 868 ms (model=OPENROUTER size=LARGE)
[LLMActionPlayer] API call took 876 ms (model=OPENROUTER size=LARGE)
[LLMActionPlayer] API call took 588 ms (model=OPENROUTER size=LARGE)
[WIN_GAME,LOSE_GAME,LOSE_GAME]
[LLMActionPlayer] API call took 752 ms (model=OPENROUTER size=LARGE)
[LLMActionPlayer] API call took 573 ms (model=OPENROUTER size=LARGE)
[LLMActionPlayer] API call took 1043 ms (model=OPENROUTER size=LARGE)
[LLMActionPlayer] API call took 465 ms (model=OPENROUTER size=LARGE)
[LLMActionPlayer] API call took 523 ms (model=OPENROUTER size=LARGE)
[LLMActionPlayer] API call took 489 ms (model=OPENROUTER size=LARGE)
[LLMActionPlayer] API call took 605 ms (model=OPENROUTER size=LARGE)
[LLMActionPlayer] API call took 553 ms (model=OPENROUTER size=LARGE)
[LLMActionPlayer] API call took 549 ms (model=OPENROUTER size=LARGE)
[LLMActionPlayer] API call took 522 ms (model=OPENROUTER size=LARGE)
[LLMActionPlayer] API call took 568 ms (model=OPENROUTER size=LARGE)
[LLMActionPlayer] API call took 541 ms (model=OPENROUTER size=LARGE)
[LLMActionPlayer] API call took 565 ms (model=OPENROUTER size=LARGE)
[LLMActionPlayer] API call took 584 ms (model=OPENROUTER size=LARGE)
[LLMActionPlayer] API call took 704 ms (model=OPENROUTER size=LARGE)
[LLMActionPlayer] API call took 475 ms (model=OPENROUTER size=LARGE)
[LLMActionPlayer] API call took 594 ms (model=OPENROUTER size=LARGE)
[LLMActionPlayer] API call took 693 ms (model=OPENROUTER size=LARGE)
[LLMActionPlayer] API call took 768 ms (model=OPENROUTER size=LARGE)
[LLMActionPlayer] API call took 566 ms (model=OPENROUTER size=LARGE)
[LLMActionPlayer] API call took 943 ms (model=OPENROUTER size=LARGE)
[LLMActionPlayer] API call took 615 ms (model=OPENROUTER size=LARGE)
[WIN_GAME,LOSE_GAME,LOSE_GAME]
[Catan_2,PhaseBasedEnsemblePlayer,Catan_1]
[LLMActionPlayer] API call took 577 ms (model=OPENROUTER size=LARGE)
[LLMActionPlayer] API call took 561 ms (model=OPENROUTER size=LARGE)
[LLMActionPlayer] API call took 529 ms (model=OPENROUTER size=LARGE)
[LLMActionPlayer] API call took 623 ms (model=OPENROUTER size=LARGE)
[LLMActionPlayer] API call took 454 ms (model=OPENROUTER size=LARGE)
[LLMActionPlayer] API call took 547 ms (model=OPENROUTER size=LARGE)
[LLMActionPlayer] API call took 544 ms (model=OPENROUTER size=LARGE)
[LLMActionPlayer] API call took 667 ms (model=OPENROUTER size=LARGE)
[LLMActionPlayer] API call took 585 ms (model=OPENROUTER size=LARGE)
[LLMActionPlayer] API call took 655 ms (model=OPENROUTER size=LARGE)
[LLMActionPlayer] API call took 756 ms (model=OPENROUTER size=LARGE)
[LLMActionPlayer] API call took 708 ms (model=OPENROUTER size=LARGE)
[LLMActionPlayer] API call took 703 ms (model=OPENROUTER size=LARGE)
[LOSE_GAME,LOSE_GAME,WIN_GAME]
[LLMActionPlayer] API call took 553 ms (model=OPENROUTER size=LARGE)
[LLMActionPlayer] API call took 472 ms (model=OPENROUTER size=LARGE)
[LLMActionPlayer] API call took 672 ms (model=OPENROUTER size=LARGE)
[LLMActionPlayer] API call took 634 ms (model=OPENROUTER size=LARGE)
[LLMActionPlayer] API call took 563 ms (model=OPENROUTER size=LARGE)
[LLMActionPlayer] API call took 559 ms (model=OPENROUTER size=LARGE)
[LLMActionPlayer] API call took 646 ms (model=OPENROUTER size=LARGE)
[LLMActionPlayer] API call took 472 ms (model=OPENROUTER size=LARGE)
[LLMActionPlayer] API call took 659 ms (model=OPENROUTER size=LARGE)
[WIN_GAME,LOSE_GAME,LOSE_GAME]
[LLMActionPlayer] API call took 1005 ms (model=OPENROUTER size=LARGE)
[LLMActionPlayer] API call took 480 ms (model=OPENROUTER size=LARGE)
[LLMActionPlayer] API call took 645 ms (model=OPENROUTER size=LARGE)
[LLMActionPlayer] API call took 568 ms (model=OPENROUTER size=LARGE)
[LLMActionPlayer] API call took 567 ms (model=OPENROUTER size=LARGE)
[LLMActionPlayer] API call took 1028 ms (model=OPENROUTER size=LARGE)
[LLMActionPlayer] API call took 714 ms (model=OPENROUTER size=LARGE)
[LLMActionPlayer] API call took 592 ms (model=OPENROUTER size=LARGE)
[LLMActionPlayer] API call took 476 ms (model=OPENROUTER size=LARGE)
[LLMActionPlayer] API call took 488 ms (model=OPENROUTER size=LARGE)
[LLMActionPlayer] API call took 871 ms (model=OPENROUTER size=LARGE)
[LLMActionPlayer] API call took 551 ms (model=OPENROUTER size=LARGE)
[LLMActionPlayer] API call took 549 ms (model=OPENROUTER size=LARGE)
[LLMActionPlayer] API call took 703 ms (model=OPENROUTER size=LARGE)
[LLMActionPlayer] API call took 549 ms (model=OPENROUTER size=LARGE)
[LLMActionPlayer] API call took 551 ms (model=OPENROUTER size=LARGE)
[LLMActionPlayer] API call took 576 ms (model=OPENROUTER size=LARGE)
[LLMActionPlayer] API call took 736 ms (model=OPENROUTER size=LARGE)
[LLMActionPlayer] API call took 1071 ms (model=OPENROUTER size=LARGE)
[LLMActionPlayer] API call took 489 ms (model=OPENROUTER size=LARGE)
[LLMActionPlayer] API call took 674 ms (model=OPENROUTER size=LARGE)
[LLMActionPlayer] API call took 860 ms (model=OPENROUTER size=LARGE)
[LLMActionPlayer] API call took 498 ms (model=OPENROUTER size=LARGE)
[LLMActionPlayer] API call took 567 ms (model=OPENROUTER size=LARGE)
[LOSE_GAME,WIN_GAME,LOSE_GAME]
[LLMActionPlayer] API call took 578 ms (model=OPENROUTER size=LARGE)
[LLMActionPlayer] API call took 700 ms (model=OPENROUTER size=LARGE)
[LLMActionPlayer] API call took 647 ms (model=OPENROUTER size=LARGE)
[LLMActionPlayer] API call took 573 ms (model=OPENROUTER size=LARGE)
[LLMActionPlayer] API call took 531 ms (model=OPENROUTER size=LARGE)
[LLMActionPlayer] API call took 599 ms (model=OPENROUTER size=LARGE)
[LLMActionPlayer] API call took 696 ms (model=OPENROUTER size=LARGE)
[LLMActionPlayer] API call took 639 ms (model=OPENROUTER size=LARGE)
[LLMActionPlayer] API call took 618 ms (model=OPENROUTER size=LARGE)
[LLMActionPlayer] API call took 571 ms (model=OPENROUTER size=LARGE)
[LLMActionPlayer] API call took 602 ms (model=OPENROUTER size=LARGE)
[LLMActionPlayer] API call took 576 ms (model=OPENROUTER size=LARGE)
[WIN_GAME,LOSE_GAME,LOSE_GAME]
[LLMActionPlayer] API call took 585 ms (model=OPENROUTER size=LARGE)
[LLMActionPlayer] API call took 580 ms (model=OPENROUTER size=LARGE)
[LLMActionPlayer] API call took 688 ms (model=OPENROUTER size=LARGE)
[LLMActionPlayer] API call took 493 ms (model=OPENROUTER size=LARGE)
[LLMActionPlayer] API call took 552 ms (model=OPENROUTER size=LARGE)
[LLMActionPlayer] API call took 1017 ms (model=OPENROUTER size=LARGE)
[LLMActionPlayer] API call took 669 ms (model=OPENROUTER size=LARGE)
[LLMActionPlayer] API call took 584 ms (model=OPENROUTER size=LARGE)
[LLMActionPlayer] API call took 578 ms (model=OPENROUTER size=LARGE)
[LLMActionPlayer] API call took 602 ms (model=OPENROUTER size=LARGE)
[LLMActionPlayer] API call took 583 ms (model=OPENROUTER size=LARGE)
[LLMActionPlayer] API call took 1266 ms (model=OPENROUTER size=LARGE)
[LLMActionPlayer] API call took 947 ms (model=OPENROUTER size=LARGE)
[LLMActionPlayer] API call took 894 ms (model=OPENROUTER size=LARGE)
[LLMActionPlayer] API call took 503 ms (model=OPENROUTER size=LARGE)
[LOSE_GAME,WIN_GAME,LOSE_GAME]
[LLMActionPlayer] API call took 794 ms (model=OPENROUTER size=LARGE)
[LLMActionPlayer] API call took 451 ms (model=OPENROUTER size=LARGE)
[LLMActionPlayer] API call took 493 ms (model=OPENROUTER size=LARGE)
[LLMActionPlayer] API call took 676 ms (model=OPENROUTER size=LARGE)
[LLMActionPlayer] API call took 718 ms (model=OPENROUTER size=LARGE)
[LLMActionPlayer] API call took 456 ms (model=OPENROUTER size=LARGE)
[LLMActionPlayer] API call took 1012 ms (model=OPENROUTER size=LARGE)
[LLMActionPlayer] API call took 587 ms (model=OPENROUTER size=LARGE)
[LLMActionPlayer] API call took 981 ms (model=OPENROUTER size=LARGE)
[LLMActionPlayer] API call took 551 ms (model=OPENROUTER size=LARGE)
[LLMActionPlayer] API call took 626 ms (model=OPENROUTER size=LARGE)
[LLMActionPlayer] API call took 603 ms (model=OPENROUTER size=LARGE)
[WIN_GAME,LOSE_GAME,LOSE_GAME]
[LLMActionPlayer] API call took 464 ms (model=OPENROUTER size=LARGE)
[LLMActionPlayer] API call took 601 ms (model=OPENROUTER size=LARGE)
[LLMActionPlayer] API call took 685 ms (model=OPENROUTER size=LARGE)
[LLMActionPlayer] API call took 563 ms (model=OPENROUTER size=LARGE)
[LLMActionPlayer] API call took 589 ms (model=OPENROUTER size=LARGE)
[LLMActionPlayer] API call took 775 ms (model=OPENROUTER size=LARGE)
[LLMActionPlayer] API call took 603 ms (model=OPENROUTER size=LARGE)
[LLMActionPlayer] API call took 653 ms (model=OPENROUTER size=LARGE)
[LLMActionPlayer] API call took 575 ms (model=OPENROUTER size=LARGE)
[LLMActionPlayer] API call took 651 ms (model=OPENROUTER size=LARGE)
[LLMActionPlayer] API call took 628 ms (model=OPENROUTER size=LARGE)
[LLMActionPlayer] API call took 648 ms (model=OPENROUTER size=LARGE)
[LLMActionPlayer] API call took 547 ms (model=OPENROUTER size=LARGE)
[LLMActionPlayer] API call took 580 ms (model=OPENROUTER size=LARGE)
[LLMActionPlayer] API call took 648 ms (model=OPENROUTER size=LARGE)
[LLMActionPlayer] API call took 668 ms (model=OPENROUTER size=LARGE)
[LLMActionPlayer] API call took 747 ms (model=OPENROUTER size=LARGE)
[LLMActionPlayer] API call took 560 ms (model=OPENROUTER size=LARGE)
[LLMActionPlayer] API call took 590 ms (model=OPENROUTER size=LARGE)
[LLMActionPlayer] API call took 880 ms (model=OPENROUTER size=LARGE)
[LLMActionPlayer] API call took 535 ms (model=OPENROUTER size=LARGE)
[WIN_GAME,LOSE_GAME,LOSE_GAME]
[LLMActionPlayer] API call took 674 ms (model=OPENROUTER size=LARGE)
[LLMActionPlayer] API call took 510 ms (model=OPENROUTER size=LARGE)
[LLMActionPlayer] API call took 561 ms (model=OPENROUTER size=LARGE)
[LLMActionPlayer] API call took 899 ms (model=OPENROUTER size=LARGE)
[LLMActionPlayer] API call took 669 ms (model=OPENROUTER size=LARGE)
[LLMActionPlayer] API call took 943 ms (model=OPENROUTER size=LARGE)
[LLMActionPlayer] API call took 696 ms (model=OPENROUTER size=LARGE)
[LLMActionPlayer] API call took 549 ms (model=OPENROUTER size=LARGE)
[LLMActionPlayer] API call took 705 ms (model=OPENROUTER size=LARGE)
[LLMActionPlayer] API call took 583 ms (model=OPENROUTER size=LARGE)
[LLMActionPlayer] API call took 674 ms (model=OPENROUTER size=LARGE)
[LLMActionPlayer] API call took 588 ms (model=OPENROUTER size=LARGE)
[LLMActionPlayer] API call took 645 ms (model=OPENROUTER size=LARGE)
[LLMActionPlayer] API call took 703 ms (model=OPENROUTER size=LARGE)
[LLMActionPlayer] API call took 652 ms (model=OPENROUTER size=LARGE)
[LLMActionPlayer] API call took 627 ms (model=OPENROUTER size=LARGE)
[LLMActionPlayer] API call took 941 ms (model=OPENROUTER size=LARGE)
[LLMActionPlayer] API call took 536 ms (model=OPENROUTER size=LARGE)
[LLMActionPlayer] API call took 506 ms (model=OPENROUTER size=LARGE)
[LLMActionPlayer] API call took 714 ms (model=OPENROUTER size=LARGE)
[LLMActionPlayer] API call took 550 ms (model=OPENROUTER size=LARGE)
[LLMActionPlayer] API call took 511 ms (model=OPENROUTER size=LARGE)
[LLMActionPlayer] API call took 489 ms (model=OPENROUTER size=LARGE)
[LLMActionPlayer] API call took 683 ms (model=OPENROUTER size=LARGE)
[LLMActionPlayer] API call took 498 ms (model=OPENROUTER size=LARGE)
[LLMActionPlayer] API call took 692 ms (model=OPENROUTER size=LARGE)
[LLMActionPlayer] API call took 670 ms (model=OPENROUTER size=LARGE)
[LLMActionPlayer] API call took 875 ms (model=OPENROUTER size=LARGE)
[LLMActionPlayer] API call took 1000 ms (model=OPENROUTER size=LARGE)
[LLMActionPlayer] API call took 547 ms (model=OPENROUTER size=LARGE)
[LLMActionPlayer] API call took 683 ms (model=OPENROUTER size=LARGE)
[LLMActionPlayer] API call took 538 ms (model=OPENROUTER size=LARGE)
[WIN_GAME,LOSE_GAME,LOSE_GAME]
[LLMActionPlayer] API call took 614 ms (model=OPENROUTER size=LARGE)
[LLMActionPlayer] API call took 557 ms (model=OPENROUTER size=LARGE)
[LLMActionPlayer] API call took 678 ms (model=OPENROUTER size=LARGE)
[LLMActionPlayer] API call took 503 ms (model=OPENROUTER size=LARGE)
[LLMActionPlayer] API call took 524 ms (model=OPENROUTER size=LARGE)
[LLMActionPlayer] API call took 595 ms (model=OPENROUTER size=LARGE)
[LLMActionPlayer] API call took 973 ms (model=OPENROUTER size=LARGE)
[LLMActionPlayer] API call took 720 ms (model=OPENROUTER size=LARGE)
[LLMActionPlayer] API call took 614 ms (model=OPENROUTER size=LARGE)
[LLMActionPlayer] API call took 637 ms (model=OPENROUTER size=LARGE)
[LLMActionPlayer] API call took 583 ms (model=OPENROUTER size=LARGE)
[LLMActionPlayer] API call took 804 ms (model=OPENROUTER size=LARGE)
[LLMActionPlayer] API call took 588 ms (model=OPENROUTER size=LARGE)
[WIN_GAME,LOSE_GAME,LOSE_GAME]
[LLMActionPlayer] API call took 1051 ms (model=OPENROUTER size=LARGE)
[LLMActionPlayer] API call took 748 ms (model=OPENROUTER size=LARGE)
[LLMActionPlayer] API call took 562 ms (model=OPENROUTER size=LARGE)
[LLMActionPlayer] API call took 480 ms (model=OPENROUTER size=LARGE)
[LLMActionPlayer] API call took 547 ms (model=OPENROUTER size=LARGE)
[LLMActionPlayer] API call took 704 ms (model=OPENROUTER size=LARGE)
[LLMActionPlayer] API call took 608 ms (model=OPENROUTER size=LARGE)
[LLMActionPlayer] API call took 499 ms (model=OPENROUTER size=LARGE)
[LLMActionPlayer] API call took 631 ms (model=OPENROUTER size=LARGE)
[LLMActionPlayer] API call took 798 ms (model=OPENROUTER size=LARGE)
[LLMActionPlayer] API call took 650 ms (model=OPENROUTER size=LARGE)
[LLMActionPlayer] API call took 733 ms (model=OPENROUTER size=LARGE)
[LLMActionPlayer] API call took 840 ms (model=OPENROUTER size=LARGE)
[LLMActionPlayer] API call took 680 ms (model=OPENROUTER size=LARGE)
[LLMActionPlayer] API call took 647 ms (model=OPENROUTER size=LARGE)
[LLMActionPlayer] API call took 669 ms (model=OPENROUTER size=LARGE)
[LLMActionPlayer] API call took 1125 ms (model=OPENROUTER size=LARGE)
[LLMActionPlayer] API call took 1163 ms (model=OPENROUTER size=LARGE)
[LLMActionPlayer] API call took 584 ms (model=OPENROUTER size=LARGE)
[LLMActionPlayer] API call took 553 ms (model=OPENROUTER size=LARGE)
[LLMActionPlayer] API call took 716 ms (model=OPENROUTER size=LARGE)
[WIN_GAME,LOSE_GAME,LOSE_GAME]
[LLMActionPlayer] API call took 555 ms (model=OPENROUTER size=LARGE)
[LLMActionPlayer] API call took 958 ms (model=OPENROUTER size=LARGE)
[LLMActionPlayer] API call took 597 ms (model=OPENROUTER size=LARGE)
[LLMActionPlayer] API call took 507 ms (model=OPENROUTER size=LARGE)
[LLMActionPlayer] API call took 544 ms (model=OPENROUTER size=LARGE)
[LLMActionPlayer] API call took 542 ms (model=OPENROUTER size=LARGE)
[LLMActionPlayer] API call took 711 ms (model=OPENROUTER size=LARGE)
[LLMActionPlayer] API call took 709 ms (model=OPENROUTER size=LARGE)
[LLMActionPlayer] API call took 660 ms (model=OPENROUTER size=LARGE)
[LLMActionPlayer] API call took 854 ms (model=OPENROUTER size=LARGE)
[LLMActionPlayer] API call took 442 ms (model=OPENROUTER size=LARGE)
[LLMActionPlayer] API call took 490 ms (model=OPENROUTER size=LARGE)
[LLMActionPlayer] API call took 442 ms (model=OPENROUTER size=LARGE)
[LLMActionPlayer] API call took 535 ms (model=OPENROUTER size=LARGE)
[LLMActionPlayer] API call took 573 ms (model=OPENROUTER size=LARGE)
[LLMActionPlayer] API call took 726 ms (model=OPENROUTER size=LARGE)
[LLMActionPlayer] API call took 661 ms (model=OPENROUTER size=LARGE)
[LLMActionPlayer] API call took 720 ms (model=OPENROUTER size=LARGE)
[LLMActionPlayer] API call took 543 ms (model=OPENROUTER size=LARGE)
[LLMActionPlayer] API call took 663 ms (model=OPENROUTER size=LARGE)
[LLMActionPlayer] API call took 578 ms (model=OPENROUTER size=LARGE)
[LLMActionPlayer] API call took 565 ms (model=OPENROUTER size=LARGE)
[LOSE_GAME,LOSE_GAME,WIN_GAME]
[LLMActionPlayer] API call took 720 ms (model=OPENROUTER size=LARGE)
[LLMActionPlayer] API call took 632 ms (model=OPENROUTER size=LARGE)
[LLMActionPlayer] API call took 615 ms (model=OPENROUTER size=LARGE)
[LLMActionPlayer] API call took 554 ms (model=OPENROUTER size=LARGE)
[LLMActionPlayer] API call took 555 ms (model=OPENROUTER size=LARGE)
[LLMActionPlayer] API call took 593 ms (model=OPENROUTER size=LARGE)
[LLMActionPlayer] API call took 695 ms (model=OPENROUTER size=LARGE)
[LLMActionPlayer] API call took 1243 ms (model=OPENROUTER size=LARGE)
[LLMActionPlayer] API call took 670 ms (model=OPENROUTER size=LARGE)
[LLMActionPlayer] API call took 554 ms (model=OPENROUTER size=LARGE)
[LLMActionPlayer] API call took 553 ms (model=OPENROUTER size=LARGE)
[LLMActionPlayer] API call took 556 ms (model=OPENROUTER size=LARGE)
[LLMActionPlayer] API call took 661 ms (model=OPENROUTER size=LARGE)
[LLMActionPlayer] API call took 569 ms (model=OPENROUTER size=LARGE)
[LLMActionPlayer] API call took 574 ms (model=OPENROUTER size=LARGE)
[LOSE_GAME,WIN_GAME,LOSE_GAME]
[LLMActionPlayer] API call took 680 ms (model=OPENROUTER size=LARGE)
[LLMActionPlayer] API call took 614 ms (model=OPENROUTER size=LARGE)
[LLMActionPlayer] API call took 573 ms (model=OPENROUTER size=LARGE)
[LLMActionPlayer] API call took 664 ms (model=OPENROUTER size=LARGE)
[LLMActionPlayer] API call took 528 ms (model=OPENROUTER size=LARGE)
[LLMActionPlayer] API call took 708 ms (model=OPENROUTER size=LARGE)
[LLMActionPlayer] API call took 701 ms (model=OPENROUTER size=LARGE)
[LLMActionPlayer] API call took 543 ms (model=OPENROUTER size=LARGE)
[LLMActionPlayer] API call took 659 ms (model=OPENROUTER size=LARGE)
[LLMActionPlayer] API call took 575 ms (model=OPENROUTER size=LARGE)
[LLMActionPlayer] API call took 791 ms (model=OPENROUTER size=LARGE)
[WIN_GAME,LOSE_GAME,LOSE_GAME]
[LLMActionPlayer] API call took 842 ms (model=OPENROUTER size=LARGE)
[LLMActionPlayer] API call took 615 ms (model=OPENROUTER size=LARGE)
[LLMActionPlayer] API call took 614 ms (model=OPENROUTER size=LARGE)
[LLMActionPlayer] API call took 549 ms (model=OPENROUTER size=LARGE)
[LLMActionPlayer] API call took 694 ms (model=OPENROUTER size=LARGE)
[LLMActionPlayer] API call took 697 ms (model=OPENROUTER size=LARGE)
[LLMActionPlayer] API call took 557 ms (model=OPENROUTER size=LARGE)
[LLMActionPlayer] API call took 745 ms (model=OPENROUTER size=LARGE)
[LLMActionPlayer] API call took 595 ms (model=OPENROUTER size=LARGE)
[LLMActionPlayer] API call took 663 ms (model=OPENROUTER size=LARGE)
[LLMActionPlayer] API call took 565 ms (model=OPENROUTER size=LARGE)
[LLMActionPlayer] API call took 588 ms (model=OPENROUTER size=LARGE)
[LLMActionPlayer] API call took 465 ms (model=OPENROUTER size=LARGE)
[LOSE_GAME,WIN_GAME,LOSE_GAME]
[LLMActionPlayer] API call took 941 ms (model=OPENROUTER size=LARGE)
[LLMActionPlayer] API call took 541 ms (model=OPENROUTER size=LARGE)
[LLMActionPlayer] API call took 546 ms (model=OPENROUTER size=LARGE)
[LLMActionPlayer] API call took 767 ms (model=OPENROUTER size=LARGE)
[LLMActionPlayer] API call took 519 ms (model=OPENROUTER size=LARGE)
[LLMActionPlayer] API call took 546 ms (model=OPENROUTER size=LARGE)
[LLMActionPlayer] API call took 561 ms (model=OPENROUTER size=LARGE)
[LLMActionPlayer] API call took 567 ms (model=OPENROUTER size=LARGE)
[LLMActionPlayer] API call took 703 ms (model=OPENROUTER size=LARGE)
[WIN_GAME,LOSE_GAME,LOSE_GAME]
[LLMActionPlayer] API call took 594 ms (model=OPENROUTER size=LARGE)
[LLMActionPlayer] API call took 1565 ms (model=OPENROUTER size=LARGE)
[LLMActionPlayer] API call took 582 ms (model=OPENROUTER size=LARGE)
[LLMActionPlayer] API call took 485 ms (model=OPENROUTER size=LARGE)
[LLMActionPlayer] API call took 703 ms (model=OPENROUTER size=LARGE)
[LLMActionPlayer] API call took 602 ms (model=OPENROUTER size=LARGE)
[LLMActionPlayer] API call took 695 ms (model=OPENROUTER size=LARGE)
[LLMActionPlayer] API call took 468 ms (model=OPENROUTER size=LARGE)
[LLMActionPlayer] API call took 955 ms (model=OPENROUTER size=LARGE)
[LLMActionPlayer] API call took 608 ms (model=OPENROUTER size=LARGE)
[LLMActionPlayer] API call took 996 ms (model=OPENROUTER size=LARGE)
[LOSE_GAME,WIN_GAME,LOSE_GAME]
[LLMActionPlayer] API call took 490 ms (model=OPENROUTER size=LARGE)
[LLMActionPlayer] API call took 589 ms (model=OPENROUTER size=LARGE)
[LLMActionPlayer] API call took 533 ms (model=OPENROUTER size=LARGE)
[LLMActionPlayer] API call took 457 ms (model=OPENROUTER size=LARGE)
[LLMActionPlayer] API call took 2104 ms (model=OPENROUTER size=LARGE)
[LLMActionPlayer] API call took 529 ms (model=OPENROUTER size=LARGE)
[LLMActionPlayer] API call took 466 ms (model=OPENROUTER size=LARGE)
[LLMActionPlayer] API call took 714 ms (model=OPENROUTER size=LARGE)
[LLMActionPlayer] API call took 817 ms (model=OPENROUTER size=LARGE)
[LLMActionPlayer] API call took 596 ms (model=OPENROUTER size=LARGE)
[LLMActionPlayer] API call took 608 ms (model=OPENROUTER size=LARGE)
[LLMActionPlayer] API call took 661 ms (model=OPENROUTER size=LARGE)
[WIN_GAME,LOSE_GAME,LOSE_GAME]
[LLMActionPlayer] API call took 579 ms (model=OPENROUTER size=LARGE)
[LLMActionPlayer] API call took 992 ms (model=OPENROUTER size=LARGE)
[LLMActionPlayer] API call took 475 ms (model=OPENROUTER size=LARGE)
[LLMActionPlayer] API call took 490 ms (model=OPENROUTER size=LARGE)
[LLMActionPlayer] API call took 795 ms (model=OPENROUTER size=LARGE)
[LLMActionPlayer] API call took 549 ms (model=OPENROUTER size=LARGE)
[LLMActionPlayer] API call took 513 ms (model=OPENROUTER size=LARGE)
[LLMActionPlayer] API call took 950 ms (model=OPENROUTER size=LARGE)
[LLMActionPlayer] API call took 694 ms (model=OPENROUTER size=LARGE)
[LLMActionPlayer] API call took 3878 ms (model=OPENROUTER size=LARGE)
[LLMActionPlayer] API call took 669 ms (model=OPENROUTER size=LARGE)
[LLMActionPlayer] API call took 632 ms (model=OPENROUTER size=LARGE)
[LLMActionPlayer] API call took 701 ms (model=OPENROUTER size=LARGE)
[LLMActionPlayer] API call took 1002 ms (model=OPENROUTER size=LARGE)
[LLMActionPlayer] API call took 595 ms (model=OPENROUTER size=LARGE)
[LLMActionPlayer] API call took 593 ms (model=OPENROUTER size=LARGE)
[LLMActionPlayer] API call took 673 ms (model=OPENROUTER size=LARGE)
[LLMActionPlayer] API call took 797 ms (model=OPENROUTER size=LARGE)
[LLMActionPlayer] API call took 605 ms (model=OPENROUTER size=LARGE)
[LLMActionPlayer] API call took 525 ms (model=OPENROUTER size=LARGE)
[LLMActionPlayer] API call took 651 ms (model=OPENROUTER size=LARGE)
[LLMActionPlayer] API call took 562 ms (model=OPENROUTER size=LARGE)
[WIN_GAME,LOSE_GAME,LOSE_GAME]
[LLMActionPlayer] API call took 612 ms (model=OPENROUTER size=LARGE)
[LLMActionPlayer] API call took 579 ms (model=OPENROUTER size=LARGE)
[LLMActionPlayer] API call took 546 ms (model=OPENROUTER size=LARGE)
[LLMActionPlayer] API call took 594 ms (model=OPENROUTER size=LARGE)
[LLMActionPlayer] API call took 607 ms (model=OPENROUTER size=LARGE)
[LLMActionPlayer] API call took 582 ms (model=OPENROUTER size=LARGE)
[LLMActionPlayer] API call took 551 ms (model=OPENROUTER size=LARGE)
[LLMActionPlayer] API call took 497 ms (model=OPENROUTER size=LARGE)
[LLMActionPlayer] API call took 491 ms (model=OPENROUTER size=LARGE)
[LLMActionPlayer] API call took 664 ms (model=OPENROUTER size=LARGE)
[LLMActionPlayer] API call took 576 ms (model=OPENROUTER size=LARGE)
[LLMActionPlayer] API call took 788 ms (model=OPENROUTER size=LARGE)
[LLMActionPlayer] API call took 592 ms (model=OPENROUTER size=LARGE)
[LLMActionPlayer] API call took 553 ms (model=OPENROUTER size=LARGE)
[LLMActionPlayer] API call took 723 ms (model=OPENROUTER size=LARGE)
[LLMActionPlayer] API call took 623 ms (model=OPENROUTER size=LARGE)
[LLMActionPlayer] API call took 560 ms (model=OPENROUTER size=LARGE)
[DRAW_GAME,LOSE_GAME,DRAW_GAME]
[LLMActionPlayer] API call took 658 ms (model=OPENROUTER size=LARGE)
[LLMActionPlayer] API call took 693 ms (model=OPENROUTER size=LARGE)
[LLMActionPlayer] API call took 599 ms (model=OPENROUTER size=LARGE)
[LLMActionPlayer] API call took 497 ms (model=OPENROUTER size=LARGE)
[LLMActionPlayer] API call took 921 ms (model=OPENROUTER size=LARGE)
[LLMActionPlayer] API call took 1089 ms (model=OPENROUTER size=LARGE)
[LLMActionPlayer] API call took 550 ms (model=OPENROUTER size=LARGE)
[LLMActionPlayer] API call took 674 ms (model=OPENROUTER size=LARGE)
[LLMActionPlayer] API call took 961 ms (model=OPENROUTER size=LARGE)
[LLMActionPlayer] API call took 3541 ms (model=OPENROUTER size=LARGE)
[LLMActionPlayer] API call took 552 ms (model=OPENROUTER size=LARGE)
[LLMActionPlayer] API call took 652 ms (model=OPENROUTER size=LARGE)
[LLMActionPlayer] API call took 584 ms (model=OPENROUTER size=LARGE)
[LLMActionPlayer] API call took 544 ms (model=OPENROUTER size=LARGE)
[LLMActionPlayer] API call took 568 ms (model=OPENROUTER size=LARGE)
[LLMActionPlayer] API call took 771 ms (model=OPENROUTER size=LARGE)
[LLMActionPlayer] API call took 560 ms (model=OPENROUTER size=LARGE)
[LLMActionPlayer] API call took 567 ms (model=OPENROUTER size=LARGE)
[WIN_GAME,LOSE_GAME,LOSE_GAME]
[LLMActionPlayer] API call took 714 ms (model=OPENROUTER size=LARGE)
[LLMActionPlayer] API call took 652 ms (model=OPENROUTER size=LARGE)
[LLMActionPlayer] API call took 662 ms (model=OPENROUTER size=LARGE)
[LLMActionPlayer] API call took 540 ms (model=OPENROUTER size=LARGE)
[LLMActionPlayer] API call took 724 ms (model=OPENROUTER size=LARGE)
[LLMActionPlayer] API call took 534 ms (model=OPENROUTER size=LARGE)
[LLMActionPlayer] API call took 463 ms (model=OPENROUTER size=LARGE)
[LLMActionPlayer] API call took 483 ms (model=OPENROUTER size=LARGE)
[LLMActionPlayer] API call took 754 ms (model=OPENROUTER size=LARGE)
[LLMActionPlayer] API call took 616 ms (model=OPENROUTER size=LARGE)
[LLMActionPlayer] API call took 793 ms (model=OPENROUTER size=LARGE)
[LLMActionPlayer] API call took 659 ms (model=OPENROUTER size=LARGE)
[LLMActionPlayer] API call took 699 ms (model=OPENROUTER size=LARGE)
[LLMActionPlayer] API call took 529 ms (model=OPENROUTER size=LARGE)
[LLMActionPlayer] API call took 598 ms (model=OPENROUTER size=LARGE)
[LLMActionPlayer] API call took 560 ms (model=OPENROUTER size=LARGE)
[LLMActionPlayer] API call took 682 ms (model=OPENROUTER size=LARGE)
[LLMActionPlayer] API call took 589 ms (model=OPENROUTER size=LARGE)
[LLMActionPlayer] API call took 580 ms (model=OPENROUTER size=LARGE)
[LLMActionPlayer] API call took 867 ms (model=OPENROUTER size=LARGE)
[LLMActionPlayer] API call took 549 ms (model=OPENROUTER size=LARGE)
[LOSE_GAME,WIN_GAME,LOSE_GAME]
[LLMActionPlayer] API call took 679 ms (model=OPENROUTER size=LARGE)
[LLMActionPlayer] API call took 520 ms (model=OPENROUTER size=LARGE)
[LLMActionPlayer] API call took 444 ms (model=OPENROUTER size=LARGE)
[LLMActionPlayer] API call took 595 ms (model=OPENROUTER size=LARGE)
[LLMActionPlayer] API call took 719 ms (model=OPENROUTER size=LARGE)
[LLMActionPlayer] API call took 651 ms (model=OPENROUTER size=LARGE)
[LLMActionPlayer] API call took 685 ms (model=OPENROUTER size=LARGE)
[LLMActionPlayer] API call took 567 ms (model=OPENROUTER size=LARGE)
[LLMActionPlayer] API call took 538 ms (model=OPENROUTER size=LARGE)
[LLMActionPlayer] API call took 552 ms (model=OPENROUTER size=LARGE)
[LLMActionPlayer] API call took 597 ms (model=OPENROUTER size=LARGE)
[LOSE_GAME,LOSE_GAME,WIN_GAME]
[LLMActionPlayer] API call took 677 ms (model=OPENROUTER size=LARGE)
[LLMActionPlayer] API call took 718 ms (model=OPENROUTER size=LARGE)
[LLMActionPlayer] API call took 593 ms (model=OPENROUTER size=LARGE)
[LLMActionPlayer] API call took 528 ms (model=OPENROUTER size=LARGE)
[LLMActionPlayer] API call took 583 ms (model=OPENROUTER size=LARGE)
[LLMActionPlayer] API call took 584 ms (model=OPENROUTER size=LARGE)
[LLMActionPlayer] API call took 528 ms (model=OPENROUTER size=LARGE)
[LLMActionPlayer] API call took 696 ms (model=OPENROUTER size=LARGE)
[LLMActionPlayer] API call took 775 ms (model=OPENROUTER size=LARGE)
[LLMActionPlayer] API call took 662 ms (model=OPENROUTER size=LARGE)
[LLMActionPlayer] API call took 551 ms (model=OPENROUTER size=LARGE)
[LLMActionPlayer] API call took 563 ms (model=OPENROUTER size=LARGE)
[WIN_GAME,LOSE_GAME,LOSE_GAME]
[LLMActionPlayer] API call took 559 ms (model=OPENROUTER size=LARGE)
[LLMActionPlayer] API call took 669 ms (model=OPENROUTER size=LARGE)
[LLMActionPlayer] API call took 543 ms (model=OPENROUTER size=LARGE)
[LLMActionPlayer] API call took 1023 ms (model=OPENROUTER size=LARGE)
[LLMActionPlayer] API call took 710 ms (model=OPENROUTER size=LARGE)
[LLMActionPlayer] API call took 561 ms (model=OPENROUTER size=LARGE)
[LLMActionPlayer] API call took 572 ms (model=OPENROUTER size=LARGE)
[LLMActionPlayer] API call took 698 ms (model=OPENROUTER size=LARGE)
[LLMActionPlayer] API call took 573 ms (model=OPENROUTER size=LARGE)
[LLMActionPlayer] API call took 574 ms (model=OPENROUTER size=LARGE)
[LLMActionPlayer] API call took 897 ms (model=OPENROUTER size=LARGE)
[LLMActionPlayer] API call took 674 ms (model=OPENROUTER size=LARGE)
[LLMActionPlayer] API call took 830 ms (model=OPENROUTER size=LARGE)
[LLMActionPlayer] API call took 786 ms (model=OPENROUTER size=LARGE)
[LLMActionPlayer] API call took 686 ms (model=OPENROUTER size=LARGE)
[LLMActionPlayer] API call took 705 ms (model=OPENROUTER size=LARGE)
[LLMActionPlayer] API call took 682 ms (model=OPENROUTER size=LARGE)
[LLMActionPlayer] API call took 524 ms (model=OPENROUTER size=LARGE)
[LLMActionPlayer] API call took 569 ms (model=OPENROUTER size=LARGE)
[LLMActionPlayer] API call took 627 ms (model=OPENROUTER size=LARGE)
[LLMActionPlayer] API call took 697 ms (model=OPENROUTER size=LARGE)
[LLMActionPlayer] API call took 685 ms (model=OPENROUTER size=LARGE)
[LLMActionPlayer] API call took 518 ms (model=OPENROUTER size=LARGE)
[LLMActionPlayer] API call took 744 ms (model=OPENROUTER size=LARGE)
[WIN_GAME,LOSE_GAME,LOSE_GAME]
[LLMActionPlayer] API call took 586 ms (model=OPENROUTER size=LARGE)
[LLMActionPlayer] API call took 548 ms (model=OPENROUTER size=LARGE)
[LLMActionPlayer] API call took 570 ms (model=OPENROUTER size=LARGE)
[LLMActionPlayer] API call took 589 ms (model=OPENROUTER size=LARGE)
[LLMActionPlayer] API call took 576 ms (model=OPENROUTER size=LARGE)
[LLMActionPlayer] API call took 532 ms (model=OPENROUTER size=LARGE)
[LLMActionPlayer] API call took 756 ms (model=OPENROUTER size=LARGE)
[LLMActionPlayer] API call took 555 ms (model=OPENROUTER size=LARGE)
[LLMActionPlayer] API call took 522 ms (model=OPENROUTER size=LARGE)
[LLMActionPlayer] API call took 541 ms (model=OPENROUTER size=LARGE)
[LLMActionPlayer] API call took 541 ms (model=OPENROUTER size=LARGE)
[LLMActionPlayer] API call took 520 ms (model=OPENROUTER size=LARGE)
[LLMActionPlayer] API call took 672 ms (model=OPENROUTER size=LARGE)
[LLMActionPlayer] API call took 562 ms (model=OPENROUTER size=LARGE)
[LLMActionPlayer] API call took 942 ms (model=OPENROUTER size=LARGE)
[LLMActionPlayer] API call took 541 ms (model=OPENROUTER size=LARGE)
[LLMActionPlayer] API call took 659 ms (model=OPENROUTER size=LARGE)
[WIN_GAME,LOSE_GAME,LOSE_GAME]
[LLMActionPlayer] API call took 691 ms (model=OPENROUTER size=LARGE)
[LLMActionPlayer] API call took 666 ms (model=OPENROUTER size=LARGE)
[LLMActionPlayer] API call took 566 ms (model=OPENROUTER size=LARGE)
[LLMActionPlayer] API call took 574 ms (model=OPENROUTER size=LARGE)
[LLMActionPlayer] API call took 749 ms (model=OPENROUTER size=LARGE)
[WIN_GAME,LOSE_GAME,LOSE_GAME]
[LLMActionPlayer] API call took 544 ms (model=OPENROUTER size=LARGE)
[LLMActionPlayer] API call took 589 ms (model=OPENROUTER size=LARGE)
[LLMActionPlayer] API call took 528 ms (model=OPENROUTER size=LARGE)
[LLMActionPlayer] API call took 545 ms (model=OPENROUTER size=LARGE)
[LLMActionPlayer] API call took 516 ms (model=OPENROUTER size=LARGE)
[LLMActionPlayer] API call took 663 ms (model=OPENROUTER size=LARGE)
[LLMActionPlayer] API call took 711 ms (model=OPENROUTER size=LARGE)
[LLMActionPlayer] API call took 521 ms (model=OPENROUTER size=LARGE)
[LLMActionPlayer] API call took 556 ms (model=OPENROUTER size=LARGE)
[LLMActionPlayer] API call took 536 ms (model=OPENROUTER size=LARGE)
[LLMActionPlayer] API call took 1120 ms (model=OPENROUTER size=LARGE)
[LLMActionPlayer] API call took 573 ms (model=OPENROUTER size=LARGE)
[LLMActionPlayer] API call took 531 ms (model=OPENROUTER size=LARGE)
[LLMActionPlayer] API call took 549 ms (model=OPENROUTER size=LARGE)
[LLMActionPlayer] API call took 697 ms (model=OPENROUTER size=LARGE)
[LLMActionPlayer] API call took 475 ms (model=OPENROUTER size=LARGE)
[LLMActionPlayer] API call took 541 ms (model=OPENROUTER size=LARGE)
[LLMActionPlayer] API call took 668 ms (model=OPENROUTER size=LARGE)
[LLMActionPlayer] API call took 660 ms (model=OPENROUTER size=LARGE)
[LLMActionPlayer] API call took 708 ms (model=OPENROUTER size=LARGE)
[LLMActionPlayer] API call took 524 ms (model=OPENROUTER size=LARGE)
[LLMActionPlayer] API call took 559 ms (model=OPENROUTER size=LARGE)
[LLMActionPlayer] API call took 697 ms (model=OPENROUTER size=LARGE)
[LLMActionPlayer] API call took 693 ms (model=OPENROUTER size=LARGE)
[LLMActionPlayer] API call took 605 ms (model=OPENROUTER size=LARGE)
[LLMActionPlayer] API call took 573 ms (model=OPENROUTER size=LARGE)
[WIN_GAME,LOSE_GAME,LOSE_GAME]
[LLMActionPlayer] API call took 732 ms (model=OPENROUTER size=LARGE)
[LLMActionPlayer] API call took 513 ms (model=OPENROUTER size=LARGE)
[LLMActionPlayer] API call took 543 ms (model=OPENROUTER size=LARGE)
[LLMActionPlayer] API call took 555 ms (model=OPENROUTER size=LARGE)
[LLMActionPlayer] API call took 633 ms (model=OPENROUTER size=LARGE)
[LLMActionPlayer] API call took 594 ms (model=OPENROUTER size=LARGE)
[LLMActionPlayer] API call took 570 ms (model=OPENROUTER size=LARGE)
[LLMActionPlayer] API call took 506 ms (model=OPENROUTER size=LARGE)
[LLMActionPlayer] API call took 550 ms (model=OPENROUTER size=LARGE)
[LLMActionPlayer] API call took 600 ms (model=OPENROUTER size=LARGE)
[LLMActionPlayer] API call took 481 ms (model=OPENROUTER size=LARGE)
[LLMActionPlayer] API call took 757 ms (model=OPENROUTER size=LARGE)
[LLMActionPlayer] API call took 592 ms (model=OPENROUTER size=LARGE)
[LLMActionPlayer] API call took 590 ms (model=OPENROUTER size=LARGE)
[LLMActionPlayer] API call took 569 ms (model=OPENROUTER size=LARGE)
[LLMActionPlayer] API call took 702 ms (model=OPENROUTER size=LARGE)
[LLMActionPlayer] API call took 518 ms (model=OPENROUTER size=LARGE)
[LLMActionPlayer] API call took 522 ms (model=OPENROUTER size=LARGE)
[LLMActionPlayer] API call took 925 ms (model=OPENROUTER size=LARGE)
[LLMActionPlayer] API call took 542 ms (model=OPENROUTER size=LARGE)
[LLMActionPlayer] API call took 554 ms (model=OPENROUTER size=LARGE)
[LLMActionPlayer] API call took 553 ms (model=OPENROUTER size=LARGE)
[LLMActionPlayer] API call took 524 ms (model=OPENROUTER size=LARGE)
[LLMActionPlayer] API call took 607 ms (model=OPENROUTER size=LARGE)
[LLMActionPlayer] API call took 533 ms (model=OPENROUTER size=LARGE)
[LLMActionPlayer] API call took 650 ms (model=OPENROUTER size=LARGE)
[LLMActionPlayer] API call took 894 ms (model=OPENROUTER size=LARGE)
[LLMActionPlayer] API call took 617 ms (model=OPENROUTER size=LARGE)
[LLMActionPlayer] API call took 736 ms (model=OPENROUTER size=LARGE)
[WIN_GAME,LOSE_GAME,LOSE_GAME]
[LLMActionPlayer] API call took 553 ms (model=OPENROUTER size=LARGE)
[LLMActionPlayer] API call took 565 ms (model=OPENROUTER size=LARGE)
[LLMActionPlayer] API call took 555 ms (model=OPENROUTER size=LARGE)
[LLMActionPlayer] API call took 679 ms (model=OPENROUTER size=LARGE)
[LLMActionPlayer] API call took 533 ms (model=OPENROUTER size=LARGE)
[LLMActionPlayer] API call took 524 ms (model=OPENROUTER size=LARGE)
[LLMActionPlayer] API call took 663 ms (model=OPENROUTER size=LARGE)
[LLMActionPlayer] API call took 688 ms (model=OPENROUTER size=LARGE)
[LLMActionPlayer] API call took 662 ms (model=OPENROUTER size=LARGE)
[LLMActionPlayer] API call took 487 ms (model=OPENROUTER size=LARGE)
[LLMActionPlayer] API call took 857 ms (model=OPENROUTER size=LARGE)
[LLMActionPlayer] API call took 695 ms (model=OPENROUTER size=LARGE)
[LLMActionPlayer] API call took 592 ms (model=OPENROUTER size=LARGE)
[LLMActionPlayer] API call took 552 ms (model=OPENROUTER size=LARGE)
[LLMActionPlayer] API call took 607 ms (model=OPENROUTER size=LARGE)
[LLMActionPlayer] API call took 556 ms (model=OPENROUTER size=LARGE)
[LOSE_GAME,LOSE_GAME,WIN_GAME]
[LLMActionPlayer] API call took 526 ms (model=OPENROUTER size=LARGE)
[LLMActionPlayer] API call took 597 ms (model=OPENROUTER size=LARGE)
[LLMActionPlayer] API call took 1691 ms (model=OPENROUTER size=LARGE)
[LLMActionPlayer] API call took 884 ms (model=OPENROUTER size=LARGE)
[LLMActionPlayer] API call took 572 ms (model=OPENROUTER size=LARGE)
[LLMActionPlayer] API call took 530 ms (model=OPENROUTER size=LARGE)
[LLMActionPlayer] API call took 552 ms (model=OPENROUTER size=LARGE)
[LLMActionPlayer] API call took 742 ms (model=OPENROUTER size=LARGE)
[LLMActionPlayer] API call took 521 ms (model=OPENROUTER size=LARGE)
[LLMActionPlayer] API call took 685 ms (model=OPENROUTER size=LARGE)
[LLMActionPlayer] API call took 497 ms (model=OPENROUTER size=LARGE)
[LLMActionPlayer] API call took 432 ms (model=OPENROUTER size=LARGE)
[LLMActionPlayer] API call took 629 ms (model=OPENROUTER size=LARGE)
[LLMActionPlayer] API call took 603 ms (model=OPENROUTER size=LARGE)
[LLMActionPlayer] API call took 526 ms (model=OPENROUTER size=LARGE)
[LLMActionPlayer] API call took 681 ms (model=OPENROUTER size=LARGE)
[LLMActionPlayer] API call took 534 ms (model=OPENROUTER size=LARGE)
[LLMActionPlayer] API call took 547 ms (model=OPENROUTER size=LARGE)
[LLMActionPlayer] API call took 496 ms (model=OPENROUTER size=LARGE)
[LLMActionPlayer] API call took 669 ms (model=OPENROUTER size=LARGE)
[LLMActionPlayer] API call took 602 ms (model=OPENROUTER size=LARGE)
[LLMActionPlayer] API call took 566 ms (model=OPENROUTER size=LARGE)
[LLMActionPlayer] API call took 568 ms (model=OPENROUTER size=LARGE)
[LLMActionPlayer] API call took 589 ms (model=OPENROUTER size=LARGE)
[LLMActionPlayer] API call took 635 ms (model=OPENROUTER size=LARGE)
[LLMActionPlayer] API call took 547 ms (model=OPENROUTER size=LARGE)
[LLMActionPlayer] API call took 643 ms (model=OPENROUTER size=LARGE)
[WIN_GAME,LOSE_GAME,LOSE_GAME]
[LLMActionPlayer] API call took 643 ms (model=OPENROUTER size=LARGE)
[LLMActionPlayer] API call took 492 ms (model=OPENROUTER size=LARGE)
[LLMActionPlayer] API call took 631 ms (model=OPENROUTER size=LARGE)
[LLMActionPlayer] API call took 570 ms (model=OPENROUTER size=LARGE)
[LLMActionPlayer] API call took 590 ms (model=OPENROUTER size=LARGE)
[LLMActionPlayer] API call took 517 ms (model=OPENROUTER size=LARGE)
[LLMActionPlayer] API call took 531 ms (model=OPENROUTER size=LARGE)
[LLMActionPlayer] API call took 884 ms (model=OPENROUTER size=LARGE)
[LLMActionPlayer] API call took 558 ms (model=OPENROUTER size=LARGE)
[LLMActionPlayer] API call took 684 ms (model=OPENROUTER size=LARGE)
[LLMActionPlayer] API call took 612 ms (model=OPENROUTER size=LARGE)
[LLMActionPlayer] API call took 1065 ms (model=OPENROUTER size=LARGE)
[LLMActionPlayer] API call took 566 ms (model=OPENROUTER size=LARGE)
[LLMActionPlayer] API call took 512 ms (model=OPENROUTER size=LARGE)
[LLMActionPlayer] API call took 581 ms (model=OPENROUTER size=LARGE)
[LLMActionPlayer] API call took 1236 ms (model=OPENROUTER size=LARGE)
[LLMActionPlayer] API call took 473 ms (model=OPENROUTER size=LARGE)
[LLMActionPlayer] API call took 463 ms (model=OPENROUTER size=LARGE)
[LLMActionPlayer] API call took 543 ms (model=OPENROUTER size=LARGE)
[WIN_GAME,LOSE_GAME,LOSE_GAME]
[LLMActionPlayer] API call took 514 ms (model=OPENROUTER size=LARGE)
[LLMActionPlayer] API call took 473 ms (model=OPENROUTER size=LARGE)
[LLMActionPlayer] API call took 717 ms (model=OPENROUTER size=LARGE)
[LLMActionPlayer] API call took 589 ms (model=OPENROUTER size=LARGE)
[LLMActionPlayer] API call took 473 ms (model=OPENROUTER size=LARGE)
[LLMActionPlayer] API call took 1311 ms (model=OPENROUTER size=LARGE)
[LLMActionPlayer] API call took 546 ms (model=OPENROUTER size=LARGE)
[LLMActionPlayer] API call took 687 ms (model=OPENROUTER size=LARGE)
[LLMActionPlayer] API call took 506 ms (model=OPENROUTER size=LARGE)
[LLMActionPlayer] API call took 531 ms (model=OPENROUTER size=LARGE)
[LLMActionPlayer] API call took 568 ms (model=OPENROUTER size=LARGE)
[LLMActionPlayer] API call took 572 ms (model=OPENROUTER size=LARGE)
[LLMActionPlayer] API call took 751 ms (model=OPENROUTER size=LARGE)
[LLMActionPlayer] API call took 720 ms (model=OPENROUTER size=LARGE)
[LLMActionPlayer] API call took 830 ms (model=OPENROUTER size=LARGE)
[LLMActionPlayer] API call took 703 ms (model=OPENROUTER size=LARGE)
[LLMActionPlayer] API call took 554 ms (model=OPENROUTER size=LARGE)
[LLMActionPlayer] API call took 565 ms (model=OPENROUTER size=LARGE)
[LOSE_GAME,LOSE_GAME,WIN_GAME]
[LLMActionPlayer] API call took 686 ms (model=OPENROUTER size=LARGE)
[LLMActionPlayer] API call took 460 ms (model=OPENROUTER size=LARGE)
[LLMActionPlayer] API call took 480 ms (model=OPENROUTER size=LARGE)
[LLMActionPlayer] API call took 674 ms (model=OPENROUTER size=LARGE)
[LLMActionPlayer] API call took 585 ms (model=OPENROUTER size=LARGE)
[LLMActionPlayer] API call took 561 ms (model=OPENROUTER size=LARGE)
[LLMActionPlayer] API call took 603 ms (model=OPENROUTER size=LARGE)
[LLMActionPlayer] API call took 878 ms (model=OPENROUTER size=LARGE)
[LLMActionPlayer] API call took 559 ms (model=OPENROUTER size=LARGE)
[LLMActionPlayer] API call took 757 ms (model=OPENROUTER size=LARGE)
[LLMActionPlayer] API call took 550 ms (model=OPENROUTER size=LARGE)
[LLMActionPlayer] API call took 580 ms (model=OPENROUTER size=LARGE)
[LLMActionPlayer] API call took 470 ms (model=OPENROUTER size=LARGE)
[LLMActionPlayer] API call took 565 ms (model=OPENROUTER size=LARGE)
[LLMActionPlayer] API call took 551 ms (model=OPENROUTER size=LARGE)
[LLMActionPlayer] API call took 650 ms (model=OPENROUTER size=LARGE)
[LLMActionPlayer] API call took 544 ms (model=OPENROUTER size=LARGE)
[LLMActionPlayer] API call took 580 ms (model=OPENROUTER size=LARGE)
[LLMActionPlayer] API call took 585 ms (model=OPENROUTER size=LARGE)
[LOSE_GAME,WIN_GAME,LOSE_GAME]
============= Catan - 198 games played ============= 
Catan_1 got 74.67 points. Catan_1 won 36.9% of the 198 games of the tournament. Catan_1 won 36.9% of the 198 games it played during the tournament.
Catan_1 got a mean score of 6.87.
Catan_1 won 36.9% of the 198 games against PhaseBasedEnsemblePlayer.
Catan_1 won 36.9% of the 198 games against Catan_2.

PhaseBasedEnsemblePlayer got 51.67 points. PhaseBasedEnsemblePlayer won 24.7% of the 198 games of the tournament. PhaseBasedEnsemblePlayer won 24.7% of the 198 games it played during the tournament.
PhaseBasedEnsemblePlayer got a mean score of 6.32.
PhaseBasedEnsemblePlayer won 24.7% of the 198 games against Catan_1.
PhaseBasedEnsemblePlayer won 24.7% of the 198 games against Catan_2.

Catan_2 got 71.67 points. Catan_2 won 34.8% of the 198 games of the tournament. Catan_2 won 34.8% of the 198 games it played during the tournament.
Catan_2 got a mean score of 6.77.
Catan_2 won 34.8% of the 198 games against Catan_1.
Catan_2 won 34.8% of the 198 games against PhaseBasedEnsemblePlayer.

---- Ranking ---- (+/- are standard errors on the mean calculated using a Normal approximation) 
Catan_1: Win rate 0.38 +/- 0.034	Mean Ordinal 1.85 +/- 0.06
Catan_2: Win rate 0.36 +/- 0.034	Mean Ordinal 1.89 +/- 0.06
PhaseBasedEnsemblePlayer: Win rate 0.26 +/- 0.031	Mean Ordinal 2.03 +/- 0.05
