Using command line value for config of json/experiments/TournoumentConfigs/Connect4_OpeningMid_2P_200_LLAMA_Fair.json
Game: Connect4, Players: 2
Game: Connect4, Players: 2, Mode: EXHAUSTIVE, TotalGames: 200, GamesPerMatchup: 100
WARNING: A terminally deprecated method in sun.misc.Unsafe has been called
WARNING: sun.misc.Unsafe::invokeCleaner has been called by nonapi.io.github.classgraph.utils.FileUtils (file:/Users/denizgencoatilla/TabletopGames/target/TAG.jar)
WARNING: Please consider reporting this to the maintainers of class nonapi.io.github.classgraph.utils.FileUtils
WARNING: sun.misc.Unsafe::invokeCleaner will be removed in a future release
Playing Connect4
[PhaseBasedEnsemblePlayer,Connect4_1]
[LLMActionPlayer] Creating LLMAccess: model=OPENROUTER size=LARGE
[LLMActionPlayer] API call took 476 ms (model=OPENROUTER size=LARGE)
[LLMActionPlayer] API call took 224 ms (model=OPENROUTER size=LARGE)
[LLMActionPlayer] API call took 252 ms (model=OPENROUTER size=LARGE)
[LLMActionPlayer] API call took 294 ms (model=OPENROUTER size=LARGE)
[LLMActionPlayer] API call took 289 ms (model=OPENROUTER size=LARGE)
[LLMActionPlayer] API call took 205 ms (model=OPENROUTER size=LARGE)
[LOSE_GAME,WIN_GAME]
[LLMActionPlayer] API call took 173 ms (model=OPENROUTER size=LARGE)
[LLMActionPlayer] API call took 542 ms (model=OPENROUTER size=LARGE)
[LLMActionPlayer] API call took 899 ms (model=OPENROUTER size=LARGE)
[LLMActionPlayer] API call took 143 ms (model=OPENROUTER size=LARGE)
[LLMActionPlayer] API call took 144 ms (model=OPENROUTER size=LARGE)
[LLMActionPlayer] API call took 264 ms (model=OPENROUTER size=LARGE)
[LLMActionPlayer] API call took 156 ms (model=OPENROUTER size=LARGE)
[LLMActionPlayer] API call took 289 ms (model=OPENROUTER size=LARGE)
[LLMActionPlayer] API call took 239 ms (model=OPENROUTER size=LARGE)
[LLMActionPlayer] API call took 220 ms (model=OPENROUTER size=LARGE)
[LOSE_GAME,WIN_GAME]
[LLMActionPlayer] API call took 184 ms (model=OPENROUTER size=LARGE)
[LLMActionPlayer] API call took 184 ms (model=OPENROUTER size=LARGE)
[LLMActionPlayer] API call took 167 ms (model=OPENROUTER size=LARGE)
[LLMActionPlayer] API call took 241 ms (model=OPENROUTER size=LARGE)
[LLMActionPlayer] API call took 159 ms (model=OPENROUTER size=LARGE)
[LLMActionPlayer] API call took 259 ms (model=OPENROUTER size=LARGE)
[LLMActionPlayer] API call took 182 ms (model=OPENROUTER size=LARGE)
[LLMActionPlayer] API call took 217 ms (model=OPENROUTER size=LARGE)
[LLMActionPlayer] API call took 239 ms (model=OPENROUTER size=LARGE)
[LLMActionPlayer] API call took 256 ms (model=OPENROUTER size=LARGE)
[LLMActionPlayer] API call took 374 ms (model=OPENROUTER size=LARGE)
[LOSE_GAME,WIN_GAME]
[LLMActionPlayer] API call took 2793 ms (model=OPENROUTER size=LARGE)
[LLMActionPlayer] API call took 291 ms (model=OPENROUTER size=LARGE)
[LLMActionPlayer] API call took 255 ms (model=OPENROUTER size=LARGE)
[LLMActionPlayer] API call took 170 ms (model=OPENROUTER size=LARGE)
[LLMActionPlayer] API call took 224 ms (model=OPENROUTER size=LARGE)
[LLMActionPlayer] API call took 207 ms (model=OPENROUTER size=LARGE)
[LLMActionPlayer] API call took 193 ms (model=OPENROUTER size=LARGE)
[LLMActionPlayer] API call took 4435 ms (model=OPENROUTER size=LARGE)
[LLMActionPlayer] API call took 223 ms (model=OPENROUTER size=LARGE)
[LLMActionPlayer] API call took 260 ms (model=OPENROUTER size=LARGE)
[LOSE_GAME,WIN_GAME]
[LLMActionPlayer] API call took 232 ms (model=OPENROUTER size=LARGE)
[LLMActionPlayer] API call took 3238 ms (model=OPENROUTER size=LARGE)
[LLMActionPlayer] API call took 204 ms (model=OPENROUTER size=LARGE)
[LLMActionPlayer] API call took 204 ms (model=OPENROUTER size=LARGE)
[LLMActionPlayer] API call took 208 ms (model=OPENROUTER size=LARGE)
[LLMActionPlayer] API call took 197 ms (model=OPENROUTER size=LARGE)
[LLMActionPlayer] API call took 187 ms (model=OPENROUTER size=LARGE)
[LOSE_GAME,WIN_GAME]
[LLMActionPlayer] API call took 260 ms (model=OPENROUTER size=LARGE)
[LLMActionPlayer] API call took 196 ms (model=OPENROUTER size=LARGE)
[LLMActionPlayer] API call took 317 ms (model=OPENROUTER size=LARGE)
[LLMActionPlayer] API call took 208 ms (model=OPENROUTER size=LARGE)
[LLMActionPlayer] API call took 238 ms (model=OPENROUTER size=LARGE)
[LLMActionPlayer] API call took 179 ms (model=OPENROUTER size=LARGE)
[LOSE_GAME,WIN_GAME]
[LLMActionPlayer] API call took 212 ms (model=OPENROUTER size=LARGE)
[LLMActionPlayer] API call took 236 ms (model=OPENROUTER size=LARGE)
[LLMActionPlayer] API call took 318 ms (model=OPENROUTER size=LARGE)
[LLMActionPlayer] API call took 170 ms (model=OPENROUTER size=LARGE)
[LLMActionPlayer] API call took 168 ms (model=OPENROUTER size=LARGE)
[LLMActionPlayer] API call took 203 ms (model=OPENROUTER size=LARGE)
[LLMActionPlayer] API call took 274 ms (model=OPENROUTER size=LARGE)
[LLMActionPlayer] API call took 290 ms (model=OPENROUTER size=LARGE)
[LOSE_GAME,WIN_GAME]
[LLMActionPlayer] API call took 163 ms (model=OPENROUTER size=LARGE)
[LLMActionPlayer] API call took 199 ms (model=OPENROUTER size=LARGE)
[LLMActionPlayer] API call took 571 ms (model=OPENROUTER size=LARGE)
[LLMActionPlayer] API call took 356 ms (model=OPENROUTER size=LARGE)
[LLMActionPlayer] API call took 259 ms (model=OPENROUTER size=LARGE)
[LLMActionPlayer] API call took 180 ms (model=OPENROUTER size=LARGE)
[LLMActionPlayer] API call took 221 ms (model=OPENROUTER size=LARGE)
[LOSE_GAME,WIN_GAME]
[LLMActionPlayer] API call took 175 ms (model=OPENROUTER size=LARGE)
[LLMActionPlayer] API call took 182 ms (model=OPENROUTER size=LARGE)
[LLMActionPlayer] API call took 196 ms (model=OPENROUTER size=LARGE)
[LLMActionPlayer] API call took 240 ms (model=OPENROUTER size=LARGE)
[LLMActionPlayer] API call took 351 ms (model=OPENROUTER size=LARGE)
[LLMActionPlayer] API call took 236 ms (model=OPENROUTER size=LARGE)
[LLMActionPlayer] API call took 151 ms (model=OPENROUTER size=LARGE)
[LOSE_GAME,WIN_GAME]
[LLMActionPlayer] API call took 201 ms (model=OPENROUTER size=LARGE)
[LLMActionPlayer] API call took 189 ms (model=OPENROUTER size=LARGE)
[LLMActionPlayer] API call took 203 ms (model=OPENROUTER size=LARGE)
[LLMActionPlayer] API call took 229 ms (model=OPENROUTER size=LARGE)
[LLMActionPlayer] API call took 182 ms (model=OPENROUTER size=LARGE)
[LLMActionPlayer] API call took 275 ms (model=OPENROUTER size=LARGE)
[LLMActionPlayer] API call took 249 ms (model=OPENROUTER size=LARGE)
[LLMActionPlayer] API call took 191 ms (model=OPENROUTER size=LARGE)
[LOSE_GAME,WIN_GAME]
[LLMActionPlayer] API call took 358 ms (model=OPENROUTER size=LARGE)
[LLMActionPlayer] API call took 204 ms (model=OPENROUTER size=LARGE)
[LLMActionPlayer] API call took 137 ms (model=OPENROUTER size=LARGE)
[LLMActionPlayer] API call took 185 ms (model=OPENROUTER size=LARGE)
[LLMActionPlayer] API call took 184 ms (model=OPENROUTER size=LARGE)
[LLMActionPlayer] API call took 198 ms (model=OPENROUTER size=LARGE)
[LLMActionPlayer] API call took 211 ms (model=OPENROUTER size=LARGE)
[LLMActionPlayer] API call took 244 ms (model=OPENROUTER size=LARGE)
[LLMActionPlayer] API call took 248 ms (model=OPENROUTER size=LARGE)
[LLMActionPlayer] API call took 233 ms (model=OPENROUTER size=LARGE)
[LOSE_GAME,WIN_GAME]
[LLMActionPlayer] API call took 202 ms (model=OPENROUTER size=LARGE)
[LLMActionPlayer] API call took 188 ms (model=OPENROUTER size=LARGE)
[LLMActionPlayer] API call took 211 ms (model=OPENROUTER size=LARGE)
[LLMActionPlayer] API call took 214 ms (model=OPENROUTER size=LARGE)
[LLMActionPlayer] API call took 233 ms (model=OPENROUTER size=LARGE)
[LLMActionPlayer] API call took 211 ms (model=OPENROUTER size=LARGE)
[LLMActionPlayer] API call took 614 ms (model=OPENROUTER size=LARGE)
[LLMActionPlayer] API call took 397 ms (model=OPENROUTER size=LARGE)
[LLMActionPlayer] API call took 395 ms (model=OPENROUTER size=LARGE)
[LLMActionPlayer] API call took 222 ms (model=OPENROUTER size=LARGE)
[LLMActionPlayer] API call took 215 ms (model=OPENROUTER size=LARGE)
[LLMActionPlayer] API call took 213 ms (model=OPENROUTER size=LARGE)
[LLMActionPlayer] API call took 359 ms (model=OPENROUTER size=LARGE)
[LOSE_GAME,WIN_GAME]
[LLMActionPlayer] API call took 205 ms (model=OPENROUTER size=LARGE)
[LLMActionPlayer] API call took 239 ms (model=OPENROUTER size=LARGE)
[LLMActionPlayer] API call took 166 ms (model=OPENROUTER size=LARGE)
[LLMActionPlayer] API call took 191 ms (model=OPENROUTER size=LARGE)
[LLMActionPlayer] API call took 190 ms (model=OPENROUTER size=LARGE)
[LLMActionPlayer] API call took 164 ms (model=OPENROUTER size=LARGE)
[LLMActionPlayer] API call took 196 ms (model=OPENROUTER size=LARGE)
[LOSE_GAME,WIN_GAME]
[LLMActionPlayer] API call took 243 ms (model=OPENROUTER size=LARGE)
[LLMActionPlayer] API call took 176 ms (model=OPENROUTER size=LARGE)
[LLMActionPlayer] API call took 204 ms (model=OPENROUTER size=LARGE)
[LLMActionPlayer] API call took 253 ms (model=OPENROUTER size=LARGE)
[LLMActionPlayer] API call took 207 ms (model=OPENROUTER size=LARGE)
[LLMActionPlayer] API call took 236 ms (model=OPENROUTER size=LARGE)
[LLMActionPlayer] API call took 202 ms (model=OPENROUTER size=LARGE)
[LLMActionPlayer] API call took 213 ms (model=OPENROUTER size=LARGE)
[LLMActionPlayer] API call took 225 ms (model=OPENROUTER size=LARGE)
[LLMActionPlayer] API call took 250 ms (model=OPENROUTER size=LARGE)
[LLMActionPlayer] API call took 412 ms (model=OPENROUTER size=LARGE)
[LOSE_GAME,WIN_GAME]
[LLMActionPlayer] API call took 1106 ms (model=OPENROUTER size=LARGE)
[LLMActionPlayer] API call took 255 ms (model=OPENROUTER size=LARGE)
[LLMActionPlayer] API call took 184 ms (model=OPENROUTER size=LARGE)
[LLMActionPlayer] API call took 217 ms (model=OPENROUTER size=LARGE)
[LLMActionPlayer] API call took 291 ms (model=OPENROUTER size=LARGE)
[LOSE_GAME,WIN_GAME]
[LLMActionPlayer] API call took 198 ms (model=OPENROUTER size=LARGE)
[LLMActionPlayer] API call took 166 ms (model=OPENROUTER size=LARGE)
[LLMActionPlayer] API call took 463 ms (model=OPENROUTER size=LARGE)
[LLMActionPlayer] API call took 580 ms (model=OPENROUTER size=LARGE)
[LLMActionPlayer] API call took 194 ms (model=OPENROUTER size=LARGE)
[LLMActionPlayer] API call took 288 ms (model=OPENROUTER size=LARGE)
[LLMActionPlayer] API call took 197 ms (model=OPENROUTER size=LARGE)
[LLMActionPlayer] API call took 269 ms (model=OPENROUTER size=LARGE)
[LLMActionPlayer] API call took 244 ms (model=OPENROUTER size=LARGE)
[LLMActionPlayer] API call took 184 ms (model=OPENROUTER size=LARGE)
[LLMActionPlayer] API call took 181 ms (model=OPENROUTER size=LARGE)
[LOSE_GAME,WIN_GAME]
[LLMActionPlayer] API call took 169 ms (model=OPENROUTER size=LARGE)
[LLMActionPlayer] API call took 163 ms (model=OPENROUTER size=LARGE)
[LLMActionPlayer] API call took 192 ms (model=OPENROUTER size=LARGE)
[LLMActionPlayer] API call took 196 ms (model=OPENROUTER size=LARGE)
[LLMActionPlayer] API call took 182 ms (model=OPENROUTER size=LARGE)
[LLMActionPlayer] API call took 200 ms (model=OPENROUTER size=LARGE)
[LLMActionPlayer] API call took 181 ms (model=OPENROUTER size=LARGE)
[LLMActionPlayer] API call took 365 ms (model=OPENROUTER size=LARGE)
[LLMActionPlayer] API call took 244 ms (model=OPENROUTER size=LARGE)
[LLMActionPlayer] API call took 264 ms (model=OPENROUTER size=LARGE)
[LOSE_GAME,WIN_GAME]
[LLMActionPlayer] API call took 198 ms (model=OPENROUTER size=LARGE)
[LLMActionPlayer] API call took 198 ms (model=OPENROUTER size=LARGE)
[LLMActionPlayer] API call took 203 ms (model=OPENROUTER size=LARGE)
[LLMActionPlayer] API call took 209 ms (model=OPENROUTER size=LARGE)
[LLMActionPlayer] API call took 273 ms (model=OPENROUTER size=LARGE)
[LLMActionPlayer] API call took 265 ms (model=OPENROUTER size=LARGE)
[LOSE_GAME,WIN_GAME]
[LLMActionPlayer] API call took 240 ms (model=OPENROUTER size=LARGE)
[LLMActionPlayer] API call took 201 ms (model=OPENROUTER size=LARGE)
[LLMActionPlayer] API call took 329 ms (model=OPENROUTER size=LARGE)
[LLMActionPlayer] API call took 159 ms (model=OPENROUTER size=LARGE)
[LLMActionPlayer] API call took 278 ms (model=OPENROUTER size=LARGE)
[LLMActionPlayer] API call took 157 ms (model=OPENROUTER size=LARGE)
[LLMActionPlayer] API call took 227 ms (model=OPENROUTER size=LARGE)
[LLMActionPlayer] API call took 207 ms (model=OPENROUTER size=LARGE)
[LLMActionPlayer] API call took 211 ms (model=OPENROUTER size=LARGE)
[LLMActionPlayer] API call took 267 ms (model=OPENROUTER size=LARGE)
[LOSE_GAME,WIN_GAME]
[LLMActionPlayer] API call took 228 ms (model=OPENROUTER size=LARGE)
[LLMActionPlayer] API call took 153 ms (model=OPENROUTER size=LARGE)
[LLMActionPlayer] API call took 176 ms (model=OPENROUTER size=LARGE)
[LLMActionPlayer] API call took 204 ms (model=OPENROUTER size=LARGE)
[LLMActionPlayer] API call took 321 ms (model=OPENROUTER size=LARGE)
[LLMActionPlayer] API call took 195 ms (model=OPENROUTER size=LARGE)
[LLMActionPlayer] API call took 157 ms (model=OPENROUTER size=LARGE)
[LLMActionPlayer] API call took 167 ms (model=OPENROUTER size=LARGE)
[LLMActionPlayer] API call took 262 ms (model=OPENROUTER size=LARGE)
[LLMActionPlayer] API call took 266 ms (model=OPENROUTER size=LARGE)
[LLMActionPlayer] API call took 156 ms (model=OPENROUTER size=LARGE)
[LLMActionPlayer] API call took 431 ms (model=OPENROUTER size=LARGE)
[LLMActionPlayer] API call took 185 ms (model=OPENROUTER size=LARGE)
[LLMActionPlayer] API call took 254 ms (model=OPENROUTER size=LARGE)
[LOSE_GAME,WIN_GAME]
[LLMActionPlayer] API call took 139 ms (model=OPENROUTER size=LARGE)
[LLMActionPlayer] API call took 233 ms (model=OPENROUTER size=LARGE)
[LLMActionPlayer] API call took 584 ms (model=OPENROUTER size=LARGE)
[LLMActionPlayer] API call took 195 ms (model=OPENROUTER size=LARGE)
[LLMActionPlayer] API call took 213 ms (model=OPENROUTER size=LARGE)
[LLMActionPlayer] API call took 272 ms (model=OPENROUTER size=LARGE)
[LLMActionPlayer] API call took 249 ms (model=OPENROUTER size=LARGE)
[LLMActionPlayer] API call took 188 ms (model=OPENROUTER size=LARGE)
[LOSE_GAME,WIN_GAME]
[LLMActionPlayer] API call took 217 ms (model=OPENROUTER size=LARGE)
[LLMActionPlayer] API call took 199 ms (model=OPENROUTER size=LARGE)
[LLMActionPlayer] API call took 651 ms (model=OPENROUTER size=LARGE)
[LLMActionPlayer] API call took 181 ms (model=OPENROUTER size=LARGE)
[LLMActionPlayer] API call took 1075 ms (model=OPENROUTER size=LARGE)
[LLMActionPlayer] API call took 166 ms (model=OPENROUTER size=LARGE)
[LLMActionPlayer] API call took 249 ms (model=OPENROUTER size=LARGE)
[LLMActionPlayer] API call took 226 ms (model=OPENROUTER size=LARGE)
[LLMActionPlayer] API call took 182 ms (model=OPENROUTER size=LARGE)
[LLMActionPlayer] API call took 175 ms (model=OPENROUTER size=LARGE)
[LOSE_GAME,WIN_GAME]
[LLMActionPlayer] API call took 155 ms (model=OPENROUTER size=LARGE)
[LLMActionPlayer] API call took 198 ms (model=OPENROUTER size=LARGE)
[LLMActionPlayer] API call took 142 ms (model=OPENROUTER size=LARGE)
[LLMActionPlayer] API call took 196 ms (model=OPENROUTER size=LARGE)
[LLMActionPlayer] API call took 138 ms (model=OPENROUTER size=LARGE)
[LLMActionPlayer] API call took 139 ms (model=OPENROUTER size=LARGE)
[LLMActionPlayer] API call took 165 ms (model=OPENROUTER size=LARGE)
[LOSE_GAME,WIN_GAME]
[LLMActionPlayer] API call took 143 ms (model=OPENROUTER size=LARGE)
[LLMActionPlayer] API call took 124 ms (model=OPENROUTER size=LARGE)
[LLMActionPlayer] API call took 138 ms (model=OPENROUTER size=LARGE)
[LLMActionPlayer] API call took 294 ms (model=OPENROUTER size=LARGE)
[LLMActionPlayer] API call took 150 ms (model=OPENROUTER size=LARGE)
[LLMActionPlayer] API call took 161 ms (model=OPENROUTER size=LARGE)
[LLMActionPlayer] API call took 178 ms (model=OPENROUTER size=LARGE)
[LLMActionPlayer] API call took 158 ms (model=OPENROUTER size=LARGE)
[LLMActionPlayer] API call took 336 ms (model=OPENROUTER size=LARGE)
[LLMActionPlayer] API call took 207 ms (model=OPENROUTER size=LARGE)
[LOSE_GAME,WIN_GAME]
[LLMActionPlayer] API call took 153 ms (model=OPENROUTER size=LARGE)
[LLMActionPlayer] API call took 336 ms (model=OPENROUTER size=LARGE)
[LLMActionPlayer] API call took 167 ms (model=OPENROUTER size=LARGE)
[LLMActionPlayer] API call took 309 ms (model=OPENROUTER size=LARGE)
[LLMActionPlayer] API call took 415 ms (model=OPENROUTER size=LARGE)
[LLMActionPlayer] API call took 171 ms (model=OPENROUTER size=LARGE)
[LLMActionPlayer] API call took 166 ms (model=OPENROUTER size=LARGE)
[LLMActionPlayer] API call took 187 ms (model=OPENROUTER size=LARGE)
[LLMActionPlayer] API call took 340 ms (model=OPENROUTER size=LARGE)
[LLMActionPlayer] API call took 222 ms (model=OPENROUTER size=LARGE)
[LLMActionPlayer] API call took 188 ms (model=OPENROUTER size=LARGE)
[LLMActionPlayer] API call took 161 ms (model=OPENROUTER size=LARGE)
[LOSE_GAME,WIN_GAME]
[LLMActionPlayer] API call took 176 ms (model=OPENROUTER size=LARGE)
[LLMActionPlayer] API call took 181 ms (model=OPENROUTER size=LARGE)
[LLMActionPlayer] API call took 203 ms (model=OPENROUTER size=LARGE)
[LLMActionPlayer] API call took 282 ms (model=OPENROUTER size=LARGE)
[LLMActionPlayer] API call took 207 ms (model=OPENROUTER size=LARGE)
[LOSE_GAME,WIN_GAME]
[LLMActionPlayer] API call took 197 ms (model=OPENROUTER size=LARGE)
[LLMActionPlayer] API call took 207 ms (model=OPENROUTER size=LARGE)
[LLMActionPlayer] API call took 248 ms (model=OPENROUTER size=LARGE)
[LLMActionPlayer] API call took 143 ms (model=OPENROUTER size=LARGE)
[LLMActionPlayer] API call took 258 ms (model=OPENROUTER size=LARGE)
[LLMActionPlayer] API call took 154 ms (model=OPENROUTER size=LARGE)
[LLMActionPlayer] API call took 565 ms (model=OPENROUTER size=LARGE)
[LLMActionPlayer] API call took 303 ms (model=OPENROUTER size=LARGE)
[LLMActionPlayer] API call took 228 ms (model=OPENROUTER size=LARGE)
[LLMActionPlayer] API call took 485 ms (model=OPENROUTER size=LARGE)
[LOSE_GAME,WIN_GAME]
[LLMActionPlayer] API call took 208 ms (model=OPENROUTER size=LARGE)
[LLMActionPlayer] API call took 158 ms (model=OPENROUTER size=LARGE)
[LLMActionPlayer] API call took 164 ms (model=OPENROUTER size=LARGE)
[LLMActionPlayer] API call took 159 ms (model=OPENROUTER size=LARGE)
[LLMActionPlayer] API call took 161 ms (model=OPENROUTER size=LARGE)
[LLMActionPlayer] API call took 157 ms (model=OPENROUTER size=LARGE)
[LLMActionPlayer] API call took 211 ms (model=OPENROUTER size=LARGE)
[LOSE_GAME,WIN_GAME]
[LLMActionPlayer] API call took 288 ms (model=OPENROUTER size=LARGE)
[LLMActionPlayer] API call took 248 ms (model=OPENROUTER size=LARGE)
[LLMActionPlayer] API call took 164 ms (model=OPENROUTER size=LARGE)
[LLMActionPlayer] API call took 221 ms (model=OPENROUTER size=LARGE)
[LLMActionPlayer] API call took 187 ms (model=OPENROUTER size=LARGE)
[LLMActionPlayer] API call took 251 ms (model=OPENROUTER size=LARGE)
[LLMActionPlayer] API call took 202 ms (model=OPENROUTER size=LARGE)
[LOSE_GAME,WIN_GAME]
[LLMActionPlayer] API call took 215 ms (model=OPENROUTER size=LARGE)
[LLMActionPlayer] API call took 175 ms (model=OPENROUTER size=LARGE)
[LLMActionPlayer] API call took 235 ms (model=OPENROUTER size=LARGE)
[LLMActionPlayer] API call took 167 ms (model=OPENROUTER size=LARGE)
[LLMActionPlayer] API call took 359 ms (model=OPENROUTER size=LARGE)
[LLMActionPlayer] API call took 171 ms (model=OPENROUTER size=LARGE)
[LLMActionPlayer] API call took 210 ms (model=OPENROUTER size=LARGE)
[LLMActionPlayer] API call took 217 ms (model=OPENROUTER size=LARGE)
[LOSE_GAME,WIN_GAME]
[LLMActionPlayer] API call took 198 ms (model=OPENROUTER size=LARGE)
[LLMActionPlayer] API call took 180 ms (model=OPENROUTER size=LARGE)
[LLMActionPlayer] API call took 136 ms (model=OPENROUTER size=LARGE)
[LLMActionPlayer] API call took 176 ms (model=OPENROUTER size=LARGE)
[LLMActionPlayer] API call took 404 ms (model=OPENROUTER size=LARGE)
[LLMActionPlayer] API call took 317 ms (model=OPENROUTER size=LARGE)
[LLMActionPlayer] API call took 196 ms (model=OPENROUTER size=LARGE)
[LLMActionPlayer] API call took 201 ms (model=OPENROUTER size=LARGE)
[LLMActionPlayer] API call took 151 ms (model=OPENROUTER size=LARGE)
[LLMActionPlayer] API call took 219 ms (model=OPENROUTER size=LARGE)
[LLMActionPlayer] API call took 274 ms (model=OPENROUTER size=LARGE)
[LLMActionPlayer] API call took 173 ms (model=OPENROUTER size=LARGE)
[LOSE_GAME,WIN_GAME]
[LLMActionPlayer] API call took 160 ms (model=OPENROUTER size=LARGE)
[LLMActionPlayer] API call took 210 ms (model=OPENROUTER size=LARGE)
[LLMActionPlayer] API call took 171 ms (model=OPENROUTER size=LARGE)
[LLMActionPlayer] API call took 287 ms (model=OPENROUTER size=LARGE)
[LLMActionPlayer] API call took 191 ms (model=OPENROUTER size=LARGE)
[LOSE_GAME,WIN_GAME]
[LLMActionPlayer] API call took 172 ms (model=OPENROUTER size=LARGE)
[LLMActionPlayer] API call took 259 ms (model=OPENROUTER size=LARGE)
[LLMActionPlayer] API call took 173 ms (model=OPENROUTER size=LARGE)
[LLMActionPlayer] API call took 192 ms (model=OPENROUTER size=LARGE)
[LLMActionPlayer] API call took 159 ms (model=OPENROUTER size=LARGE)
[LLMActionPlayer] API call took 156 ms (model=OPENROUTER size=LARGE)
[LLMActionPlayer] API call took 202 ms (model=OPENROUTER size=LARGE)
[LLMActionPlayer] API call took 193 ms (model=OPENROUTER size=LARGE)
[LLMActionPlayer] API call took 539 ms (model=OPENROUTER size=LARGE)
[LLMActionPlayer] API call took 576 ms (model=OPENROUTER size=LARGE)
[LLMActionPlayer] API call took 626 ms (model=OPENROUTER size=LARGE)
[LLMActionPlayer] API call took 190 ms (model=OPENROUTER size=LARGE)
[LLMActionPlayer] API call took 168 ms (model=OPENROUTER size=LARGE)
[LLMActionPlayer] API call took 234 ms (model=OPENROUTER size=LARGE)
[LLMActionPlayer] API call took 222 ms (model=OPENROUTER size=LARGE)
[LOSE_GAME,WIN_GAME]
[LLMActionPlayer] API call took 202 ms (model=OPENROUTER size=LARGE)
[LLMActionPlayer] API call took 206 ms (model=OPENROUTER size=LARGE)
[LLMActionPlayer] API call took 233 ms (model=OPENROUTER size=LARGE)
[LLMActionPlayer] API call took 175 ms (model=OPENROUTER size=LARGE)
[LLMActionPlayer] API call took 277 ms (model=OPENROUTER size=LARGE)
[LOSE_GAME,WIN_GAME]
[LLMActionPlayer] API call took 203 ms (model=OPENROUTER size=LARGE)
[LLMActionPlayer] API call took 183 ms (model=OPENROUTER size=LARGE)
[LLMActionPlayer] API call took 170 ms (model=OPENROUTER size=LARGE)
[LLMActionPlayer] API call took 858 ms (model=OPENROUTER size=LARGE)
[LLMActionPlayer] API call took 206 ms (model=OPENROUTER size=LARGE)
[LLMActionPlayer] API call took 306 ms (model=OPENROUTER size=LARGE)
[LOSE_GAME,WIN_GAME]
[LLMActionPlayer] API call took 1245 ms (model=OPENROUTER size=LARGE)
[LLMActionPlayer] API call took 166 ms (model=OPENROUTER size=LARGE)
[LLMActionPlayer] API call took 168 ms (model=OPENROUTER size=LARGE)
[LLMActionPlayer] API call took 182 ms (model=OPENROUTER size=LARGE)
[LLMActionPlayer] API call took 304 ms (model=OPENROUTER size=LARGE)
[LLMActionPlayer] API call took 169 ms (model=OPENROUTER size=LARGE)
[LLMActionPlayer] API call took 183 ms (model=OPENROUTER size=LARGE)
[LLMActionPlayer] API call took 330 ms (model=OPENROUTER size=LARGE)
[LOSE_GAME,WIN_GAME]
[LLMActionPlayer] API call took 162 ms (model=OPENROUTER size=LARGE)
[LLMActionPlayer] API call took 367 ms (model=OPENROUTER size=LARGE)
[LLMActionPlayer] API call took 172 ms (model=OPENROUTER size=LARGE)
[LLMActionPlayer] API call took 574 ms (model=OPENROUTER size=LARGE)
[LLMActionPlayer] API call took 186 ms (model=OPENROUTER size=LARGE)
[LLMActionPlayer] API call took 170 ms (model=OPENROUTER size=LARGE)
[LOSE_GAME,WIN_GAME]
[LLMActionPlayer] API call took 162 ms (model=OPENROUTER size=LARGE)
[LLMActionPlayer] API call took 190 ms (model=OPENROUTER size=LARGE)
[LLMActionPlayer] API call took 197 ms (model=OPENROUTER size=LARGE)
[LLMActionPlayer] API call took 290 ms (model=OPENROUTER size=LARGE)
[LLMActionPlayer] API call took 195 ms (model=OPENROUTER size=LARGE)
[LLMActionPlayer] API call took 159 ms (model=OPENROUTER size=LARGE)
[LLMActionPlayer] API call took 171 ms (model=OPENROUTER size=LARGE)
[LLMActionPlayer] API call took 203 ms (model=OPENROUTER size=LARGE)
[LLMActionPlayer] API call took 201 ms (model=OPENROUTER size=LARGE)
[LLMActionPlayer] API call took 189 ms (model=OPENROUTER size=LARGE)
[LOSE_GAME,WIN_GAME]
[LLMActionPlayer] API call took 139 ms (model=OPENROUTER size=LARGE)
[LLMActionPlayer] API call took 144 ms (model=OPENROUTER size=LARGE)
[LLMActionPlayer] API call took 239 ms (model=OPENROUTER size=LARGE)
[LLMActionPlayer] API call took 395 ms (model=OPENROUTER size=LARGE)
[LLMActionPlayer] API call took 132 ms (model=OPENROUTER size=LARGE)
[LLMActionPlayer] API call took 382 ms (model=OPENROUTER size=LARGE)
[LLMActionPlayer] API call took 146 ms (model=OPENROUTER size=LARGE)
[LLMActionPlayer] API call took 176 ms (model=OPENROUTER size=LARGE)
[LLMActionPlayer] API call took 584 ms (model=OPENROUTER size=LARGE)
[LOSE_GAME,WIN_GAME]
[LLMActionPlayer] API call took 632 ms (model=OPENROUTER size=LARGE)
[LLMActionPlayer] API call took 526 ms (model=OPENROUTER size=LARGE)
[LLMActionPlayer] API call took 286 ms (model=OPENROUTER size=LARGE)
[LLMActionPlayer] API call took 233 ms (model=OPENROUTER size=LARGE)
[LLMActionPlayer] API call took 349 ms (model=OPENROUTER size=LARGE)
[LLMActionPlayer] API call took 243 ms (model=OPENROUTER size=LARGE)
[LLMActionPlayer] API call took 215 ms (model=OPENROUTER size=LARGE)
[LLMActionPlayer] API call took 192 ms (model=OPENROUTER size=LARGE)
[LLMActionPlayer] API call took 328 ms (model=OPENROUTER size=LARGE)
[LLMActionPlayer] API call took 243 ms (model=OPENROUTER size=LARGE)
[LLMActionPlayer] API call took 208 ms (model=OPENROUTER size=LARGE)
[LOSE_GAME,WIN_GAME]
[LLMActionPlayer] API call took 133 ms (model=OPENROUTER size=LARGE)
[LLMActionPlayer] API call took 206 ms (model=OPENROUTER size=LARGE)
[LLMActionPlayer] API call took 196 ms (model=OPENROUTER size=LARGE)
[LLMActionPlayer] API call took 766 ms (model=OPENROUTER size=LARGE)
[LLMActionPlayer] API call took 224 ms (model=OPENROUTER size=LARGE)
[LOSE_GAME,WIN_GAME]
[LLMActionPlayer] API call took 236 ms (model=OPENROUTER size=LARGE)
[LLMActionPlayer] API call took 195 ms (model=OPENROUTER size=LARGE)
[LLMActionPlayer] API call took 160 ms (model=OPENROUTER size=LARGE)
[LLMActionPlayer] API call took 373 ms (model=OPENROUTER size=LARGE)
[LLMActionPlayer] API call took 206 ms (model=OPENROUTER size=LARGE)
[LOSE_GAME,WIN_GAME]
[LLMActionPlayer] API call took 234 ms (model=OPENROUTER size=LARGE)
[LLMActionPlayer] API call took 213 ms (model=OPENROUTER size=LARGE)
[LLMActionPlayer] API call took 200 ms (model=OPENROUTER size=LARGE)
[LLMActionPlayer] API call took 391 ms (model=OPENROUTER size=LARGE)
[LLMActionPlayer] API call took 176 ms (model=OPENROUTER size=LARGE)
[LLMActionPlayer] API call took 332 ms (model=OPENROUTER size=LARGE)
[LOSE_GAME,WIN_GAME]
[LLMActionPlayer] API call took 200 ms (model=OPENROUTER size=LARGE)
[LLMActionPlayer] API call took 147 ms (model=OPENROUTER size=LARGE)
[LLMActionPlayer] API call took 375 ms (model=OPENROUTER size=LARGE)
[LLMActionPlayer] API call took 266 ms (model=OPENROUTER size=LARGE)
[LLMActionPlayer] API call took 179 ms (model=OPENROUTER size=LARGE)
[LLMActionPlayer] API call took 170 ms (model=OPENROUTER size=LARGE)
[LLMActionPlayer] API call took 224 ms (model=OPENROUTER size=LARGE)
[LLMActionPlayer] API call took 201 ms (model=OPENROUTER size=LARGE)
[LLMActionPlayer] API call took 196 ms (model=OPENROUTER size=LARGE)
[LLMActionPlayer] API call took 191 ms (model=OPENROUTER size=LARGE)
[LLMActionPlayer] API call took 159 ms (model=OPENROUTER size=LARGE)
[LOSE_GAME,WIN_GAME]
[LLMActionPlayer] API call took 264 ms (model=OPENROUTER size=LARGE)
[LLMActionPlayer] API call took 180 ms (model=OPENROUTER size=LARGE)
[LLMActionPlayer] API call took 232 ms (model=OPENROUTER size=LARGE)
[LLMActionPlayer] API call took 192 ms (model=OPENROUTER size=LARGE)
[LLMActionPlayer] API call took 609 ms (model=OPENROUTER size=LARGE)
[LOSE_GAME,WIN_GAME]
[LLMActionPlayer] API call took 173 ms (model=OPENROUTER size=LARGE)
[LLMActionPlayer] API call took 186 ms (model=OPENROUTER size=LARGE)
[LLMActionPlayer] API call took 202 ms (model=OPENROUTER size=LARGE)
[LLMActionPlayer] API call took 177 ms (model=OPENROUTER size=LARGE)
[LLMActionPlayer] API call took 183 ms (model=OPENROUTER size=LARGE)
[LLMActionPlayer] API call took 212 ms (model=OPENROUTER size=LARGE)
[LLMActionPlayer] API call took 256 ms (model=OPENROUTER size=LARGE)
[LLMActionPlayer] API call took 211 ms (model=OPENROUTER size=LARGE)
[LLMActionPlayer] API call took 293 ms (model=OPENROUTER size=LARGE)
[LLMActionPlayer] API call took 159 ms (model=OPENROUTER size=LARGE)
[LLMActionPlayer] API call took 275 ms (model=OPENROUTER size=LARGE)
[LOSE_GAME,WIN_GAME]
[LLMActionPlayer] API call took 197 ms (model=OPENROUTER size=LARGE)
[LLMActionPlayer] API call took 505 ms (model=OPENROUTER size=LARGE)
[LLMActionPlayer] API call took 174 ms (model=OPENROUTER size=LARGE)
[LLMActionPlayer] API call took 142 ms (model=OPENROUTER size=LARGE)
[LLMActionPlayer] API call took 235 ms (model=OPENROUTER size=LARGE)
[LLMActionPlayer] API call took 213 ms (model=OPENROUTER size=LARGE)
[LOSE_GAME,WIN_GAME]
[LLMActionPlayer] API call took 385 ms (model=OPENROUTER size=LARGE)
[LLMActionPlayer] API call took 193 ms (model=OPENROUTER size=LARGE)
[LLMActionPlayer] API call took 143 ms (model=OPENROUTER size=LARGE)
[LLMActionPlayer] API call took 471 ms (model=OPENROUTER size=LARGE)
[LLMActionPlayer] API call took 627 ms (model=OPENROUTER size=LARGE)
[LLMActionPlayer] API call took 217 ms (model=OPENROUTER size=LARGE)
[LOSE_GAME,WIN_GAME]
[LLMActionPlayer] API call took 210 ms (model=OPENROUTER size=LARGE)
[LLMActionPlayer] API call took 228 ms (model=OPENROUTER size=LARGE)
[LLMActionPlayer] API call took 148 ms (model=OPENROUTER size=LARGE)
[LLMActionPlayer] API call took 219 ms (model=OPENROUTER size=LARGE)
[LLMActionPlayer] API call took 307 ms (model=OPENROUTER size=LARGE)
[LLMActionPlayer] API call took 280 ms (model=OPENROUTER size=LARGE)
[LLMActionPlayer] API call took 184 ms (model=OPENROUTER size=LARGE)
[LLMActionPlayer] API call took 223 ms (model=OPENROUTER size=LARGE)
[LLMActionPlayer] API call took 193 ms (model=OPENROUTER size=LARGE)
[LLMActionPlayer] API call took 262 ms (model=OPENROUTER size=LARGE)
[LLMActionPlayer] API call took 185 ms (model=OPENROUTER size=LARGE)
[LOSE_GAME,WIN_GAME]
[LLMActionPlayer] API call took 257 ms (model=OPENROUTER size=LARGE)
[LLMActionPlayer] API call took 294 ms (model=OPENROUTER size=LARGE)
[LLMActionPlayer] API call took 149 ms (model=OPENROUTER size=LARGE)
[LLMActionPlayer] API call took 553 ms (model=OPENROUTER size=LARGE)
[LLMActionPlayer] API call took 240 ms (model=OPENROUTER size=LARGE)
[LLMActionPlayer] API call took 239 ms (model=OPENROUTER size=LARGE)
[LLMActionPlayer] API call took 147 ms (model=OPENROUTER size=LARGE)
[LLMActionPlayer] API call took 203 ms (model=OPENROUTER size=LARGE)
[LLMActionPlayer] API call took 258 ms (model=OPENROUTER size=LARGE)
[LLMActionPlayer] API call took 184 ms (model=OPENROUTER size=LARGE)
[LOSE_GAME,WIN_GAME]
[LLMActionPlayer] API call took 145 ms (model=OPENROUTER size=LARGE)
[LLMActionPlayer] API call took 753 ms (model=OPENROUTER size=LARGE)
[LLMActionPlayer] API call took 169 ms (model=OPENROUTER size=LARGE)
[LLMActionPlayer] API call took 198 ms (model=OPENROUTER size=LARGE)
[LLMActionPlayer] API call took 247 ms (model=OPENROUTER size=LARGE)
[LLMActionPlayer] API call took 223 ms (model=OPENROUTER size=LARGE)
[LLMActionPlayer] API call took 169 ms (model=OPENROUTER size=LARGE)
[LLMActionPlayer] API call took 1055 ms (model=OPENROUTER size=LARGE)
[LLMActionPlayer] API call took 180 ms (model=OPENROUTER size=LARGE)
[LOSE_GAME,WIN_GAME]
[LLMActionPlayer] API call took 206 ms (model=OPENROUTER size=LARGE)
[LLMActionPlayer] API call took 193 ms (model=OPENROUTER size=LARGE)
[LLMActionPlayer] API call took 209 ms (model=OPENROUTER size=LARGE)
[LLMActionPlayer] API call took 213 ms (model=OPENROUTER size=LARGE)
[LLMActionPlayer] API call took 181 ms (model=OPENROUTER size=LARGE)
[LLMActionPlayer] API call took 275 ms (model=OPENROUTER size=LARGE)
[LLMActionPlayer] API call took 226 ms (model=OPENROUTER size=LARGE)
[LLMActionPlayer] API call took 205 ms (model=OPENROUTER size=LARGE)
[LLMActionPlayer] API call took 231 ms (model=OPENROUTER size=LARGE)
[LOSE_GAME,WIN_GAME]
[LLMActionPlayer] API call took 167 ms (model=OPENROUTER size=LARGE)
[LLMActionPlayer] API call took 162 ms (model=OPENROUTER size=LARGE)
[LLMActionPlayer] API call took 226 ms (model=OPENROUTER size=LARGE)
[LLMActionPlayer] API call took 185 ms (model=OPENROUTER size=LARGE)
[LLMActionPlayer] API call took 188 ms (model=OPENROUTER size=LARGE)
[LLMActionPlayer] API call took 197 ms (model=OPENROUTER size=LARGE)
[LOSE_GAME,WIN_GAME]
[LLMActionPlayer] API call took 174 ms (model=OPENROUTER size=LARGE)
[LLMActionPlayer] API call took 204 ms (model=OPENROUTER size=LARGE)
[LLMActionPlayer] API call took 159 ms (model=OPENROUTER size=LARGE)
[LLMActionPlayer] API call took 209 ms (model=OPENROUTER size=LARGE)
[LLMActionPlayer] API call took 215 ms (model=OPENROUTER size=LARGE)
[LOSE_GAME,WIN_GAME]
[LLMActionPlayer] API call took 145 ms (model=OPENROUTER size=LARGE)
[LLMActionPlayer] API call took 138 ms (model=OPENROUTER size=LARGE)
[LLMActionPlayer] API call took 182 ms (model=OPENROUTER size=LARGE)
[LLMActionPlayer] API call took 197 ms (model=OPENROUTER size=LARGE)
[LLMActionPlayer] API call took 166 ms (model=OPENROUTER size=LARGE)
[LLMActionPlayer] API call took 223 ms (model=OPENROUTER size=LARGE)
[LLMActionPlayer] API call took 279 ms (model=OPENROUTER size=LARGE)
[LLMActionPlayer] API call took 196 ms (model=OPENROUTER size=LARGE)
[LLMActionPlayer] API call took 156 ms (model=OPENROUTER size=LARGE)
[LLMActionPlayer] API call took 194 ms (model=OPENROUTER size=LARGE)
[LOSE_GAME,WIN_GAME]
[LLMActionPlayer] API call took 177 ms (model=OPENROUTER size=LARGE)
[LLMActionPlayer] API call took 183 ms (model=OPENROUTER size=LARGE)
[LLMActionPlayer] API call took 190 ms (model=OPENROUTER size=LARGE)
[LLMActionPlayer] API call took 144 ms (model=OPENROUTER size=LARGE)
[LLMActionPlayer] API call took 173 ms (model=OPENROUTER size=LARGE)
[LLMActionPlayer] API call took 197 ms (model=OPENROUTER size=LARGE)
[LLMActionPlayer] API call took 185 ms (model=OPENROUTER size=LARGE)
[LLMActionPlayer] API call took 171 ms (model=OPENROUTER size=LARGE)
[LLMActionPlayer] API call took 209 ms (model=OPENROUTER size=LARGE)
[LOSE_GAME,WIN_GAME]
[LLMActionPlayer] API call took 675 ms (model=OPENROUTER size=LARGE)
[LLMActionPlayer] API call took 188 ms (model=OPENROUTER size=LARGE)
[LLMActionPlayer] API call took 157 ms (model=OPENROUTER size=LARGE)
[LLMActionPlayer] API call took 216 ms (model=OPENROUTER size=LARGE)
[LLMActionPlayer] API call took 205 ms (model=OPENROUTER size=LARGE)
[LLMActionPlayer] API call took 843 ms (model=OPENROUTER size=LARGE)
[LLMActionPlayer] API call took 212 ms (model=OPENROUTER size=LARGE)
[LLMActionPlayer] API call took 217 ms (model=OPENROUTER size=LARGE)
[LOSE_GAME,WIN_GAME]
[LLMActionPlayer] API call took 217 ms (model=OPENROUTER size=LARGE)
[LLMActionPlayer] API call took 156 ms (model=OPENROUTER size=LARGE)
[LLMActionPlayer] API call took 163 ms (model=OPENROUTER size=LARGE)
[LLMActionPlayer] API call took 199 ms (model=OPENROUTER size=LARGE)
[LLMActionPlayer] API call took 255 ms (model=OPENROUTER size=LARGE)
[LLMActionPlayer] API call took 172 ms (model=OPENROUTER size=LARGE)
[LOSE_GAME,WIN_GAME]
[LLMActionPlayer] API call took 171 ms (model=OPENROUTER size=LARGE)
[LLMActionPlayer] API call took 255 ms (model=OPENROUTER size=LARGE)
[LLMActionPlayer] API call took 167 ms (model=OPENROUTER size=LARGE)
[LLMActionPlayer] API call took 336 ms (model=OPENROUTER size=LARGE)
[LLMActionPlayer] API call took 200 ms (model=OPENROUTER size=LARGE)
[LLMActionPlayer] API call took 220 ms (model=OPENROUTER size=LARGE)
[LOSE_GAME,WIN_GAME]
[LLMActionPlayer] API call took 190 ms (model=OPENROUTER size=LARGE)
[LLMActionPlayer] API call took 304 ms (model=OPENROUTER size=LARGE)
[LLMActionPlayer] API call took 445 ms (model=OPENROUTER size=LARGE)
[LLMActionPlayer] API call took 184 ms (model=OPENROUTER size=LARGE)
[LLMActionPlayer] API call took 180 ms (model=OPENROUTER size=LARGE)
[LLMActionPlayer] API call took 235 ms (model=OPENROUTER size=LARGE)
[LLMActionPlayer] API call took 267 ms (model=OPENROUTER size=LARGE)
[LLMActionPlayer] API call took 181 ms (model=OPENROUTER size=LARGE)
[LLMActionPlayer] API call took 387 ms (model=OPENROUTER size=LARGE)
[LOSE_GAME,WIN_GAME]
[LLMActionPlayer] API call took 198 ms (model=OPENROUTER size=LARGE)
[LLMActionPlayer] API call took 397 ms (model=OPENROUTER size=LARGE)
[LLMActionPlayer] API call took 221 ms (model=OPENROUTER size=LARGE)
[LLMActionPlayer] API call took 198 ms (model=OPENROUTER size=LARGE)
[LLMActionPlayer] API call took 235 ms (model=OPENROUTER size=LARGE)
[LLMActionPlayer] API call took 185 ms (model=OPENROUTER size=LARGE)
[LLMActionPlayer] API call took 460 ms (model=OPENROUTER size=LARGE)
[LLMActionPlayer] API call took 243 ms (model=OPENROUTER size=LARGE)
[LOSE_GAME,WIN_GAME]
[LLMActionPlayer] API call took 188 ms (model=OPENROUTER size=LARGE)
[LLMActionPlayer] API call took 300 ms (model=OPENROUTER size=LARGE)
[LLMActionPlayer] API call took 253 ms (model=OPENROUTER size=LARGE)
[LLMActionPlayer] API call took 139 ms (model=OPENROUTER size=LARGE)
[LLMActionPlayer] API call took 172 ms (model=OPENROUTER size=LARGE)
[LLMActionPlayer] API call took 216 ms (model=OPENROUTER size=LARGE)
[LLMActionPlayer] API call took 201 ms (model=OPENROUTER size=LARGE)
[LOSE_GAME,WIN_GAME]
[LLMActionPlayer] API call took 201 ms (model=OPENROUTER size=LARGE)
[LLMActionPlayer] API call took 167 ms (model=OPENROUTER size=LARGE)
[LLMActionPlayer] API call took 190 ms (model=OPENROUTER size=LARGE)
[LLMActionPlayer] API call took 216 ms (model=OPENROUTER size=LARGE)
[LLMActionPlayer] API call took 179 ms (model=OPENROUTER size=LARGE)
[LLMActionPlayer] API call took 214 ms (model=OPENROUTER size=LARGE)
[LLMActionPlayer] API call took 186 ms (model=OPENROUTER size=LARGE)
[LLMActionPlayer] API call took 1082 ms (model=OPENROUTER size=LARGE)
[LLMActionPlayer] API call took 142 ms (model=OPENROUTER size=LARGE)
[LLMActionPlayer] API call took 237 ms (model=OPENROUTER size=LARGE)
[LLMActionPlayer] API call took 252 ms (model=OPENROUTER size=LARGE)
[LOSE_GAME,WIN_GAME]
[LLMActionPlayer] API call took 168 ms (model=OPENROUTER size=LARGE)
[LLMActionPlayer] API call took 301 ms (model=OPENROUTER size=LARGE)
[LLMActionPlayer] API call took 191 ms (model=OPENROUTER size=LARGE)
[LLMActionPlayer] API call took 193 ms (model=OPENROUTER size=LARGE)
[LLMActionPlayer] API call took 214 ms (model=OPENROUTER size=LARGE)
[LLMActionPlayer] API call took 428 ms (model=OPENROUTER size=LARGE)
[LLMActionPlayer] API call took 169 ms (model=OPENROUTER size=LARGE)
[LLMActionPlayer] API call took 222 ms (model=OPENROUTER size=LARGE)
[LLMActionPlayer] API call took 245 ms (model=OPENROUTER size=LARGE)
[LLMActionPlayer] API call took 458 ms (model=OPENROUTER size=LARGE)
[LLMActionPlayer] API call took 326 ms (model=OPENROUTER size=LARGE)
[LLMActionPlayer] API call took 244 ms (model=OPENROUTER size=LARGE)
[LOSE_GAME,WIN_GAME]
[LLMActionPlayer] API call took 254 ms (model=OPENROUTER size=LARGE)
[LLMActionPlayer] API call took 179 ms (model=OPENROUTER size=LARGE)
[LLMActionPlayer] API call took 172 ms (model=OPENROUTER size=LARGE)
[LLMActionPlayer] API call took 164 ms (model=OPENROUTER size=LARGE)
[LLMActionPlayer] API call took 195 ms (model=OPENROUTER size=LARGE)
[LLMActionPlayer] API call took 275 ms (model=OPENROUTER size=LARGE)
[LLMActionPlayer] API call took 183 ms (model=OPENROUTER size=LARGE)
[LLMActionPlayer] API call took 222 ms (model=OPENROUTER size=LARGE)
[LOSE_GAME,WIN_GAME]
[LLMActionPlayer] API call took 672 ms (model=OPENROUTER size=LARGE)
[LLMActionPlayer] API call took 257 ms (model=OPENROUTER size=LARGE)
[LLMActionPlayer] API call took 165 ms (model=OPENROUTER size=LARGE)
[LLMActionPlayer] API call took 156 ms (model=OPENROUTER size=LARGE)
[LLMActionPlayer] API call took 193 ms (model=OPENROUTER size=LARGE)
[LLMActionPlayer] API call took 190 ms (model=OPENROUTER size=LARGE)
[LLMActionPlayer] API call took 223 ms (model=OPENROUTER size=LARGE)
[LOSE_GAME,WIN_GAME]
[LLMActionPlayer] API call took 151 ms (model=OPENROUTER size=LARGE)
[LLMActionPlayer] API call took 159 ms (model=OPENROUTER size=LARGE)
[LLMActionPlayer] API call took 194 ms (model=OPENROUTER size=LARGE)
[LLMActionPlayer] API call took 221 ms (model=OPENROUTER size=LARGE)
[LLMActionPlayer] API call took 257 ms (model=OPENROUTER size=LARGE)
[LLMActionPlayer] API call took 216 ms (model=OPENROUTER size=LARGE)
[LLMActionPlayer] API call took 412 ms (model=OPENROUTER size=LARGE)
[LLMActionPlayer] API call took 243 ms (model=OPENROUTER size=LARGE)
[LLMActionPlayer] API call took 358 ms (model=OPENROUTER size=LARGE)
[LLMActionPlayer] API call took 215 ms (model=OPENROUTER size=LARGE)
[LLMActionPlayer] API call took 206 ms (model=OPENROUTER size=LARGE)
[LLMActionPlayer] API call took 196 ms (model=OPENROUTER size=LARGE)
[LOSE_GAME,WIN_GAME]
[LLMActionPlayer] API call took 201 ms (model=OPENROUTER size=LARGE)
[LLMActionPlayer] API call took 363 ms (model=OPENROUTER size=LARGE)
[LLMActionPlayer] API call took 159 ms (model=OPENROUTER size=LARGE)
[LLMActionPlayer] API call took 190 ms (model=OPENROUTER size=LARGE)
[LLMActionPlayer] API call took 148 ms (model=OPENROUTER size=LARGE)
[LLMActionPlayer] API call took 237 ms (model=OPENROUTER size=LARGE)
[LLMActionPlayer] API call took 254 ms (model=OPENROUTER size=LARGE)
[LLMActionPlayer] API call took 209 ms (model=OPENROUTER size=LARGE)
[LLMActionPlayer] API call took 204 ms (model=OPENROUTER size=LARGE)
[LLMActionPlayer] API call took 273 ms (model=OPENROUTER size=LARGE)
[LOSE_GAME,WIN_GAME]
[LLMActionPlayer] API call took 185 ms (model=OPENROUTER size=LARGE)
[LLMActionPlayer] API call took 165 ms (model=OPENROUTER size=LARGE)
[LLMActionPlayer] API call took 349 ms (model=OPENROUTER size=LARGE)
[LLMActionPlayer] API call took 205 ms (model=OPENROUTER size=LARGE)
[LLMActionPlayer] API call took 450 ms (model=OPENROUTER size=LARGE)
[LLMActionPlayer] API call took 221 ms (model=OPENROUTER size=LARGE)
[LLMActionPlayer] API call took 273 ms (model=OPENROUTER size=LARGE)
[LLMActionPlayer] API call took 179 ms (model=OPENROUTER size=LARGE)
[LLMActionPlayer] API call took 194 ms (model=OPENROUTER size=LARGE)
[LLMActionPlayer] API call took 233 ms (model=OPENROUTER size=LARGE)
[LLMActionPlayer] API call took 174 ms (model=OPENROUTER size=LARGE)
[LOSE_GAME,WIN_GAME]
[LLMActionPlayer] API call took 187 ms (model=OPENROUTER size=LARGE)
[LLMActionPlayer] API call took 197 ms (model=OPENROUTER size=LARGE)
[LLMActionPlayer] API call took 169 ms (model=OPENROUTER size=LARGE)
[LLMActionPlayer] API call took 223 ms (model=OPENROUTER size=LARGE)
[LLMActionPlayer] API call took 249 ms (model=OPENROUTER size=LARGE)
[LLMActionPlayer] API call took 269 ms (model=OPENROUTER size=LARGE)
[LLMActionPlayer] API call took 212 ms (model=OPENROUTER size=LARGE)
[LOSE_GAME,WIN_GAME]
[LLMActionPlayer] API call took 201 ms (model=OPENROUTER size=LARGE)
[LLMActionPlayer] API call took 175 ms (model=OPENROUTER size=LARGE)
[LLMActionPlayer] API call took 300 ms (model=OPENROUTER size=LARGE)
[LLMActionPlayer] API call took 228 ms (model=OPENROUTER size=LARGE)
[LLMActionPlayer] API call took 303 ms (model=OPENROUTER size=LARGE)
[LLMActionPlayer] API call took 225 ms (model=OPENROUTER size=LARGE)
[LOSE_GAME,WIN_GAME]
[LLMActionPlayer] API call took 216 ms (model=OPENROUTER size=LARGE)
[LLMActionPlayer] API call took 234 ms (model=OPENROUTER size=LARGE)
[LLMActionPlayer] API call took 178 ms (model=OPENROUTER size=LARGE)
[LLMActionPlayer] API call took 169 ms (model=OPENROUTER size=LARGE)
[LLMActionPlayer] API call took 236 ms (model=OPENROUTER size=LARGE)
[LLMActionPlayer] API call took 206 ms (model=OPENROUTER size=LARGE)
[LLMActionPlayer] API call took 464 ms (model=OPENROUTER size=LARGE)
[LLMActionPlayer] API call took 228 ms (model=OPENROUTER size=LARGE)
[LLMActionPlayer] API call took 302 ms (model=OPENROUTER size=LARGE)
[LOSE_GAME,WIN_GAME]
[LLMActionPlayer] API call took 310 ms (model=OPENROUTER size=LARGE)
[LLMActionPlayer] API call took 322 ms (model=OPENROUTER size=LARGE)
[LLMActionPlayer] API call took 163 ms (model=OPENROUTER size=LARGE)
[LLMActionPlayer] API call took 178 ms (model=OPENROUTER size=LARGE)
[LLMActionPlayer] API call took 209 ms (model=OPENROUTER size=LARGE)
[LLMActionPlayer] API call took 204 ms (model=OPENROUTER size=LARGE)
[LLMActionPlayer] API call took 220 ms (model=OPENROUTER size=LARGE)
[LOSE_GAME,WIN_GAME]
[LLMActionPlayer] API call took 236 ms (model=OPENROUTER size=LARGE)
[LLMActionPlayer] API call took 662 ms (model=OPENROUTER size=LARGE)
[LLMActionPlayer] API call took 215 ms (model=OPENROUTER size=LARGE)
[LLMActionPlayer] API call took 166 ms (model=OPENROUTER size=LARGE)
[LLMActionPlayer] API call took 168 ms (model=OPENROUTER size=LARGE)
[LLMActionPlayer] API call took 169 ms (model=OPENROUTER size=LARGE)
[LLMActionPlayer] API call took 234 ms (model=OPENROUTER size=LARGE)
[LOSE_GAME,WIN_GAME]
[LLMActionPlayer] API call took 170 ms (model=OPENROUTER size=LARGE)
[LLMActionPlayer] API call took 193 ms (model=OPENROUTER size=LARGE)
[LLMActionPlayer] API call took 203 ms (model=OPENROUTER size=LARGE)
[LLMActionPlayer] API call took 156 ms (model=OPENROUTER size=LARGE)
[LLMActionPlayer] API call took 181 ms (model=OPENROUTER size=LARGE)
[LLMActionPlayer] API call took 638 ms (model=OPENROUTER size=LARGE)
[LLMActionPlayer] API call took 217 ms (model=OPENROUTER size=LARGE)
[LLMActionPlayer] API call took 226 ms (model=OPENROUTER size=LARGE)
[LLMActionPlayer] API call took 216 ms (model=OPENROUTER size=LARGE)
[LLMActionPlayer] API call took 250 ms (model=OPENROUTER size=LARGE)
[LLMActionPlayer] API call took 157 ms (model=OPENROUTER size=LARGE)
[LLMActionPlayer] API call took 208 ms (model=OPENROUTER size=LARGE)
[LOSE_GAME,WIN_GAME]
[LLMActionPlayer] API call took 194 ms (model=OPENROUTER size=LARGE)
[LLMActionPlayer] API call took 249 ms (model=OPENROUTER size=LARGE)
[LLMActionPlayer] API call took 442 ms (model=OPENROUTER size=LARGE)
[LLMActionPlayer] API call took 310 ms (model=OPENROUTER size=LARGE)
[LLMActionPlayer] API call took 260 ms (model=OPENROUTER size=LARGE)
[LOSE_GAME,WIN_GAME]
[LLMActionPlayer] API call took 366 ms (model=OPENROUTER size=LARGE)
[LLMActionPlayer] API call took 136 ms (model=OPENROUTER size=LARGE)
[LLMActionPlayer] API call took 176 ms (model=OPENROUTER size=LARGE)
[LLMActionPlayer] API call took 198 ms (model=OPENROUTER size=LARGE)
[LLMActionPlayer] API call took 186 ms (model=OPENROUTER size=LARGE)
[LLMActionPlayer] API call took 130 ms (model=OPENROUTER size=LARGE)
[LLMActionPlayer] API call took 166 ms (model=OPENROUTER size=LARGE)
[LOSE_GAME,WIN_GAME]
[LLMActionPlayer] API call took 426 ms (model=OPENROUTER size=LARGE)
[LLMActionPlayer] API call took 179 ms (model=OPENROUTER size=LARGE)
[LLMActionPlayer] API call took 227 ms (model=OPENROUTER size=LARGE)
[LLMActionPlayer] API call took 206 ms (model=OPENROUTER size=LARGE)
[LLMActionPlayer] API call took 177 ms (model=OPENROUTER size=LARGE)
[LLMActionPlayer] API call took 223 ms (model=OPENROUTER size=LARGE)
[LLMActionPlayer] API call took 215 ms (model=OPENROUTER size=LARGE)
[LLMActionPlayer] API call took 197 ms (model=OPENROUTER size=LARGE)
[LLMActionPlayer] API call took 167 ms (model=OPENROUTER size=LARGE)
[LOSE_GAME,WIN_GAME]
[LLMActionPlayer] API call took 186 ms (model=OPENROUTER size=LARGE)
[LLMActionPlayer] API call took 136 ms (model=OPENROUTER size=LARGE)
[LLMActionPlayer] API call took 654 ms (model=OPENROUTER size=LARGE)
[LLMActionPlayer] API call took 412 ms (model=OPENROUTER size=LARGE)
[LLMActionPlayer] API call took 241 ms (model=OPENROUTER size=LARGE)
[LLMActionPlayer] API call took 216 ms (model=OPENROUTER size=LARGE)
[LLMActionPlayer] API call took 202 ms (model=OPENROUTER size=LARGE)
[LLMActionPlayer] API call took 268 ms (model=OPENROUTER size=LARGE)
[LOSE_GAME,WIN_GAME]
[LLMActionPlayer] API call took 163 ms (model=OPENROUTER size=LARGE)
[LLMActionPlayer] API call took 192 ms (model=OPENROUTER size=LARGE)
[LLMActionPlayer] API call took 283 ms (model=OPENROUTER size=LARGE)
[LLMActionPlayer] API call took 205 ms (model=OPENROUTER size=LARGE)
[LLMActionPlayer] API call took 176 ms (model=OPENROUTER size=LARGE)
[LLMActionPlayer] API call took 692 ms (model=OPENROUTER size=LARGE)
[LLMActionPlayer] API call took 153 ms (model=OPENROUTER size=LARGE)
[LLMActionPlayer] API call took 222 ms (model=OPENROUTER size=LARGE)
[LLMActionPlayer] API call took 239 ms (model=OPENROUTER size=LARGE)
[LLMActionPlayer] API call took 145 ms (model=OPENROUTER size=LARGE)
[LOSE_GAME,WIN_GAME]
[LLMActionPlayer] API call took 171 ms (model=OPENROUTER size=LARGE)
[LLMActionPlayer] API call took 126 ms (model=OPENROUTER size=LARGE)
[LLMActionPlayer] API call took 332 ms (model=OPENROUTER size=LARGE)
[LLMActionPlayer] API call took 204 ms (model=OPENROUTER size=LARGE)
[LLMActionPlayer] API call took 157 ms (model=OPENROUTER size=LARGE)
[LLMActionPlayer] API call took 190 ms (model=OPENROUTER size=LARGE)
[LLMActionPlayer] API call took 147 ms (model=OPENROUTER size=LARGE)
[LLMActionPlayer] API call took 159 ms (model=OPENROUTER size=LARGE)
[LOSE_GAME,WIN_GAME]
[LLMActionPlayer] API call took 174 ms (model=OPENROUTER size=LARGE)
[LLMActionPlayer] API call took 135 ms (model=OPENROUTER size=LARGE)
[LLMActionPlayer] API call took 213 ms (model=OPENROUTER size=LARGE)
[LLMActionPlayer] API call took 1576 ms (model=OPENROUTER size=LARGE)
[LLMActionPlayer] API call took 189 ms (model=OPENROUTER size=LARGE)
[LLMActionPlayer] API call took 242 ms (model=OPENROUTER size=LARGE)
[LLMActionPlayer] API call took 240 ms (model=OPENROUTER size=LARGE)
[LLMActionPlayer] API call took 600 ms (model=OPENROUTER size=LARGE)
[LOSE_GAME,WIN_GAME]
[LLMActionPlayer] API call took 456 ms (model=OPENROUTER size=LARGE)
[LLMActionPlayer] API call took 132 ms (model=OPENROUTER size=LARGE)
[LLMActionPlayer] API call took 187 ms (model=OPENROUTER size=LARGE)
[LLMActionPlayer] API call took 175 ms (model=OPENROUTER size=LARGE)
[LLMActionPlayer] API call took 141 ms (model=OPENROUTER size=LARGE)
[LLMActionPlayer] API call took 1128 ms (model=OPENROUTER size=LARGE)
[LLMActionPlayer] API call took 146 ms (model=OPENROUTER size=LARGE)
[LLMActionPlayer] API call took 269 ms (model=OPENROUTER size=LARGE)
[LLMActionPlayer] API call took 181 ms (model=OPENROUTER size=LARGE)
[LOSE_GAME,WIN_GAME]
[LLMActionPlayer] API call took 182 ms (model=OPENROUTER size=LARGE)
[LLMActionPlayer] API call took 197 ms (model=OPENROUTER size=LARGE)
[LLMActionPlayer] API call took 165 ms (model=OPENROUTER size=LARGE)
[LLMActionPlayer] API call took 376 ms (model=OPENROUTER size=LARGE)
[LLMActionPlayer] API call took 154 ms (model=OPENROUTER size=LARGE)
[LLMActionPlayer] API call took 219 ms (model=OPENROUTER size=LARGE)
[LLMActionPlayer] API call took 153 ms (model=OPENROUTER size=LARGE)
[LLMActionPlayer] API call took 157 ms (model=OPENROUTER size=LARGE)
[LOSE_GAME,WIN_GAME]
[LLMActionPlayer] API call took 170 ms (model=OPENROUTER size=LARGE)
[LLMActionPlayer] API call took 176 ms (model=OPENROUTER size=LARGE)
[LLMActionPlayer] API call took 161 ms (model=OPENROUTER size=LARGE)
[LLMActionPlayer] API call took 141 ms (model=OPENROUTER size=LARGE)
[LLMActionPlayer] API call took 180 ms (model=OPENROUTER size=LARGE)
[LLMActionPlayer] API call took 273 ms (model=OPENROUTER size=LARGE)
[LLMActionPlayer] API call took 199 ms (model=OPENROUTER size=LARGE)
[LLMActionPlayer] API call took 182 ms (model=OPENROUTER size=LARGE)
[LLMActionPlayer] API call took 172 ms (model=OPENROUTER size=LARGE)
[LLMActionPlayer] API call took 206 ms (model=OPENROUTER size=LARGE)
[LOSE_GAME,WIN_GAME]
[LLMActionPlayer] API call took 206 ms (model=OPENROUTER size=LARGE)
[LLMActionPlayer] API call took 289 ms (model=OPENROUTER size=LARGE)
[LLMActionPlayer] API call took 138 ms (model=OPENROUTER size=LARGE)
[LLMActionPlayer] API call took 497 ms (model=OPENROUTER size=LARGE)
[LLMActionPlayer] API call took 162 ms (model=OPENROUTER size=LARGE)
[LLMActionPlayer] API call took 163 ms (model=OPENROUTER size=LARGE)
[LLMActionPlayer] API call took 176 ms (model=OPENROUTER size=LARGE)
[LLMActionPlayer] API call took 155 ms (model=OPENROUTER size=LARGE)
[LLMActionPlayer] API call took 239 ms (model=OPENROUTER size=LARGE)
[LOSE_GAME,WIN_GAME]
[LLMActionPlayer] API call took 174 ms (model=OPENROUTER size=LARGE)
[LLMActionPlayer] API call took 198 ms (model=OPENROUTER size=LARGE)
[LLMActionPlayer] API call took 134 ms (model=OPENROUTER size=LARGE)
[LLMActionPlayer] API call took 232 ms (model=OPENROUTER size=LARGE)
[LLMActionPlayer] API call took 194 ms (model=OPENROUTER size=LARGE)
[LLMActionPlayer] API call took 167 ms (model=OPENROUTER size=LARGE)
[LLMActionPlayer] API call took 339 ms (model=OPENROUTER size=LARGE)
[LLMActionPlayer] API call took 144 ms (model=OPENROUTER size=LARGE)
[LLMActionPlayer] API call took 204 ms (model=OPENROUTER size=LARGE)
[LOSE_GAME,WIN_GAME]
[LLMActionPlayer] API call took 1336 ms (model=OPENROUTER size=LARGE)
[LLMActionPlayer] API call took 159 ms (model=OPENROUTER size=LARGE)
[LLMActionPlayer] API call took 237 ms (model=OPENROUTER size=LARGE)
[LLMActionPlayer] API call took 202 ms (model=OPENROUTER size=LARGE)
[LLMActionPlayer] API call took 205 ms (model=OPENROUTER size=LARGE)
[LLMActionPlayer] API call took 355 ms (model=OPENROUTER size=LARGE)
[LLMActionPlayer] API call took 171 ms (model=OPENROUTER size=LARGE)
[LLMActionPlayer] API call took 150 ms (model=OPENROUTER size=LARGE)
[LLMActionPlayer] API call took 221 ms (model=OPENROUTER size=LARGE)
[LLMActionPlayer] API call took 362 ms (model=OPENROUTER size=LARGE)
[LLMActionPlayer] API call took 146 ms (model=OPENROUTER size=LARGE)
[LOSE_GAME,WIN_GAME]
[LLMActionPlayer] API call took 162 ms (model=OPENROUTER size=LARGE)
[LLMActionPlayer] API call took 189 ms (model=OPENROUTER size=LARGE)
[LLMActionPlayer] API call took 338 ms (model=OPENROUTER size=LARGE)
[LLMActionPlayer] API call took 170 ms (model=OPENROUTER size=LARGE)
[LLMActionPlayer] API call took 180 ms (model=OPENROUTER size=LARGE)
[LLMActionPlayer] API call took 358 ms (model=OPENROUTER size=LARGE)
[LLMActionPlayer] API call took 169 ms (model=OPENROUTER size=LARGE)
[LLMActionPlayer] API call took 189 ms (model=OPENROUTER size=LARGE)
[LLMActionPlayer] API call took 148 ms (model=OPENROUTER size=LARGE)
[LOSE_GAME,WIN_GAME]
[LLMActionPlayer] API call took 170 ms (model=OPENROUTER size=LARGE)
[LLMActionPlayer] API call took 183 ms (model=OPENROUTER size=LARGE)
[LLMActionPlayer] API call took 674 ms (model=OPENROUTER size=LARGE)
[LLMActionPlayer] API call took 831 ms (model=OPENROUTER size=LARGE)
[LLMActionPlayer] API call took 255 ms (model=OPENROUTER size=LARGE)
[LLMActionPlayer] API call took 343 ms (model=OPENROUTER size=LARGE)
[LOSE_GAME,WIN_GAME]
[LLMActionPlayer] API call took 186 ms (model=OPENROUTER size=LARGE)
[LLMActionPlayer] API call took 127 ms (model=OPENROUTER size=LARGE)
[LLMActionPlayer] API call took 198 ms (model=OPENROUTER size=LARGE)
[LLMActionPlayer] API call took 214 ms (model=OPENROUTER size=LARGE)
[LLMActionPlayer] API call took 198 ms (model=OPENROUTER size=LARGE)
[LLMActionPlayer] API call took 222 ms (model=OPENROUTER size=LARGE)
[LLMActionPlayer] API call took 184 ms (model=OPENROUTER size=LARGE)
[LLMActionPlayer] API call took 443 ms (model=OPENROUTER size=LARGE)
[LLMActionPlayer] API call took 218 ms (model=OPENROUTER size=LARGE)
[LLMActionPlayer] API call took 318 ms (model=OPENROUTER size=LARGE)
[LOSE_GAME,WIN_GAME]
[LLMActionPlayer] API call took 336 ms (model=OPENROUTER size=LARGE)
[LLMActionPlayer] API call took 193 ms (model=OPENROUTER size=LARGE)
[LLMActionPlayer] API call took 192 ms (model=OPENROUTER size=LARGE)
[LLMActionPlayer] API call took 183 ms (model=OPENROUTER size=LARGE)
[LLMActionPlayer] API call took 241 ms (model=OPENROUTER size=LARGE)
[LLMActionPlayer] API call took 437 ms (model=OPENROUTER size=LARGE)
[LOSE_GAME,WIN_GAME]
[LLMActionPlayer] API call took 164 ms (model=OPENROUTER size=LARGE)
[LLMActionPlayer] API call took 140 ms (model=OPENROUTER size=LARGE)
[LLMActionPlayer] API call took 158 ms (model=OPENROUTER size=LARGE)
[LLMActionPlayer] API call took 174 ms (model=OPENROUTER size=LARGE)
[LLMActionPlayer] API call took 171 ms (model=OPENROUTER size=LARGE)
[LOSE_GAME,WIN_GAME]
[LLMActionPlayer] API call took 140 ms (model=OPENROUTER size=LARGE)
[LLMActionPlayer] API call took 161 ms (model=OPENROUTER size=LARGE)
[LLMActionPlayer] API call took 185 ms (model=OPENROUTER size=LARGE)
[LLMActionPlayer] API call took 197 ms (model=OPENROUTER size=LARGE)
[LLMActionPlayer] API call took 172 ms (model=OPENROUTER size=LARGE)
[LOSE_GAME,WIN_GAME]
[LLMActionPlayer] API call took 392 ms (model=OPENROUTER size=LARGE)
[LLMActionPlayer] API call took 322 ms (model=OPENROUTER size=LARGE)
[LLMActionPlayer] API call took 220 ms (model=OPENROUTER size=LARGE)
[LLMActionPlayer] API call took 205 ms (model=OPENROUTER size=LARGE)
[LLMActionPlayer] API call took 209 ms (model=OPENROUTER size=LARGE)
[LOSE_GAME,WIN_GAME]
[LLMActionPlayer] API call took 208 ms (model=OPENROUTER size=LARGE)
[LLMActionPlayer] API call took 148 ms (model=OPENROUTER size=LARGE)
[LLMActionPlayer] API call took 199 ms (model=OPENROUTER size=LARGE)
[LLMActionPlayer] API call took 454 ms (model=OPENROUTER size=LARGE)
[LLMActionPlayer] API call took 214 ms (model=OPENROUTER size=LARGE)
[LLMActionPlayer] API call took 189 ms (model=OPENROUTER size=LARGE)
[LLMActionPlayer] API call took 212 ms (model=OPENROUTER size=LARGE)
[LLMActionPlayer] API call took 220 ms (model=OPENROUTER size=LARGE)
[LLMActionPlayer] API call took 185 ms (model=OPENROUTER size=LARGE)
[LLMActionPlayer] API call took 354 ms (model=OPENROUTER size=LARGE)
[LOSE_GAME,WIN_GAME]
[LLMActionPlayer] API call took 208 ms (model=OPENROUTER size=LARGE)
[LLMActionPlayer] API call took 175 ms (model=OPENROUTER size=LARGE)
[LLMActionPlayer] API call took 236 ms (model=OPENROUTER size=LARGE)
[LLMActionPlayer] API call took 167 ms (model=OPENROUTER size=LARGE)
[LLMActionPlayer] API call took 156 ms (model=OPENROUTER size=LARGE)
[LLMActionPlayer] API call took 176 ms (model=OPENROUTER size=LARGE)
[LLMActionPlayer] API call took 203 ms (model=OPENROUTER size=LARGE)
[LLMActionPlayer] API call took 385 ms (model=OPENROUTER size=LARGE)
[LOSE_GAME,WIN_GAME]
[LLMActionPlayer] API call took 203 ms (model=OPENROUTER size=LARGE)
[LLMActionPlayer] API call took 188 ms (model=OPENROUTER size=LARGE)
[LLMActionPlayer] API call took 208 ms (model=OPENROUTER size=LARGE)
[LLMActionPlayer] API call took 219 ms (model=OPENROUTER size=LARGE)
[LLMActionPlayer] API call took 158 ms (model=OPENROUTER size=LARGE)
[LLMActionPlayer] API call took 186 ms (model=OPENROUTER size=LARGE)
[LOSE_GAME,WIN_GAME]
[LLMActionPlayer] API call took 173 ms (model=OPENROUTER size=LARGE)
[LLMActionPlayer] API call took 375 ms (model=OPENROUTER size=LARGE)
[LLMActionPlayer] API call took 139 ms (model=OPENROUTER size=LARGE)
[LLMActionPlayer] API call took 166 ms (model=OPENROUTER size=LARGE)
[LLMActionPlayer] API call took 177 ms (model=OPENROUTER size=LARGE)
[LLMActionPlayer] API call took 264 ms (model=OPENROUTER size=LARGE)
[LLMActionPlayer] API call took 153 ms (model=OPENROUTER size=LARGE)
[LLMActionPlayer] API call took 373 ms (model=OPENROUTER size=LARGE)
[LLMActionPlayer] API call took 139 ms (model=OPENROUTER size=LARGE)
[LLMActionPlayer] API call took 155 ms (model=OPENROUTER size=LARGE)
[LOSE_GAME,WIN_GAME]
[LLMActionPlayer] API call took 467 ms (model=OPENROUTER size=LARGE)
[LLMActionPlayer] API call took 173 ms (model=OPENROUTER size=LARGE)
[LLMActionPlayer] API call took 210 ms (model=OPENROUTER size=LARGE)
[LLMActionPlayer] API call took 149 ms (model=OPENROUTER size=LARGE)
[LLMActionPlayer] API call took 200 ms (model=OPENROUTER size=LARGE)
[LLMActionPlayer] API call took 200 ms (model=OPENROUTER size=LARGE)
[LLMActionPlayer] API call took 196 ms (model=OPENROUTER size=LARGE)
[LLMActionPlayer] API call took 265 ms (model=OPENROUTER size=LARGE)
[LLMActionPlayer] API call took 298 ms (model=OPENROUTER size=LARGE)
[LOSE_GAME,WIN_GAME]
[Connect4_1,PhaseBasedEnsemblePlayer]
[LLMActionPlayer] API call took 180 ms (model=OPENROUTER size=LARGE)
[LLMActionPlayer] API call took 173 ms (model=OPENROUTER size=LARGE)
[LLMActionPlayer] API call took 198 ms (model=OPENROUTER size=LARGE)
[LLMActionPlayer] API call took 181 ms (model=OPENROUTER size=LARGE)
[LLMActionPlayer] API call took 163 ms (model=OPENROUTER size=LARGE)
[LLMActionPlayer] API call took 181 ms (model=OPENROUTER size=LARGE)
[LLMActionPlayer] API call took 303 ms (model=OPENROUTER size=LARGE)
[LLMActionPlayer] API call took 267 ms (model=OPENROUTER size=LARGE)
[LLMActionPlayer] API call took 241 ms (model=OPENROUTER size=LARGE)
[LLMActionPlayer] API call took 234 ms (model=OPENROUTER size=LARGE)
[LLMActionPlayer] API call took 177 ms (model=OPENROUTER size=LARGE)
[WIN_GAME,LOSE_GAME]
[LLMActionPlayer] API call took 215 ms (model=OPENROUTER size=LARGE)
[LLMActionPlayer] API call took 246 ms (model=OPENROUTER size=LARGE)
[LLMActionPlayer] API call took 240 ms (model=OPENROUTER size=LARGE)
[LLMActionPlayer] API call took 203 ms (model=OPENROUTER size=LARGE)
[LLMActionPlayer] API call took 659 ms (model=OPENROUTER size=LARGE)
[LLMActionPlayer] API call took 158 ms (model=OPENROUTER size=LARGE)
[LLMActionPlayer] API call took 173 ms (model=OPENROUTER size=LARGE)
[LLMActionPlayer] API call took 345 ms (model=OPENROUTER size=LARGE)
[WIN_GAME,LOSE_GAME]
[LLMActionPlayer] API call took 240 ms (model=OPENROUTER size=LARGE)
[LLMActionPlayer] API call took 195 ms (model=OPENROUTER size=LARGE)
[LLMActionPlayer] API call took 252 ms (model=OPENROUTER size=LARGE)
[WIN_GAME,LOSE_GAME]
[LLMActionPlayer] API call took 184 ms (model=OPENROUTER size=LARGE)
[LLMActionPlayer] API call took 212 ms (model=OPENROUTER size=LARGE)
[LLMActionPlayer] API call took 219 ms (model=OPENROUTER size=LARGE)
[WIN_GAME,LOSE_GAME]
[LLMActionPlayer] API call took 174 ms (model=OPENROUTER size=LARGE)
[LLMActionPlayer] API call took 231 ms (model=OPENROUTER size=LARGE)
[LLMActionPlayer] API call took 143 ms (model=OPENROUTER size=LARGE)
[LLMActionPlayer] API call took 184 ms (model=OPENROUTER size=LARGE)
[LLMActionPlayer] API call took 195 ms (model=OPENROUTER size=LARGE)
[LLMActionPlayer] API call took 223 ms (model=OPENROUTER size=LARGE)
[WIN_GAME,LOSE_GAME]
[LLMActionPlayer] API call took 141 ms (model=OPENROUTER size=LARGE)
[LLMActionPlayer] API call took 396 ms (model=OPENROUTER size=LARGE)
[LLMActionPlayer] API call took 210 ms (model=OPENROUTER size=LARGE)
[LLMActionPlayer] API call took 180 ms (model=OPENROUTER size=LARGE)
[LLMActionPlayer] API call took 198 ms (model=OPENROUTER size=LARGE)
[LLMActionPlayer] API call took 207 ms (model=OPENROUTER size=LARGE)
[LLMActionPlayer] API call took 161 ms (model=OPENROUTER size=LARGE)
[LLMActionPlayer] API call took 222 ms (model=OPENROUTER size=LARGE)
[LLMActionPlayer] API call took 689 ms (model=OPENROUTER size=LARGE)
[LLMActionPlayer] API call took 363 ms (model=OPENROUTER size=LARGE)
[LLMActionPlayer] API call took 200 ms (model=OPENROUTER size=LARGE)
[LLMActionPlayer] API call took 231 ms (model=OPENROUTER size=LARGE)
[WIN_GAME,LOSE_GAME]
[LLMActionPlayer] API call took 218 ms (model=OPENROUTER size=LARGE)
[LLMActionPlayer] API call took 141 ms (model=OPENROUTER size=LARGE)
[LLMActionPlayer] API call took 438 ms (model=OPENROUTER size=LARGE)
[LLMActionPlayer] API call took 245 ms (model=OPENROUTER size=LARGE)
[LLMActionPlayer] API call took 176 ms (model=OPENROUTER size=LARGE)
[LLMActionPlayer] API call took 202 ms (model=OPENROUTER size=LARGE)
[WIN_GAME,LOSE_GAME]
[LLMActionPlayer] API call took 1198 ms (model=OPENROUTER size=LARGE)
[LLMActionPlayer] API call took 327 ms (model=OPENROUTER size=LARGE)
[LLMActionPlayer] API call took 227 ms (model=OPENROUTER size=LARGE)
[LLMActionPlayer] API call took 1053 ms (model=OPENROUTER size=LARGE)
[LLMActionPlayer] API call took 152 ms (model=OPENROUTER size=LARGE)
[LLMActionPlayer] API call took 241 ms (model=OPENROUTER size=LARGE)
[LLMActionPlayer] API call took 196 ms (model=OPENROUTER size=LARGE)
[LLMActionPlayer] API call took 226 ms (model=OPENROUTER size=LARGE)
[LLMActionPlayer] API call took 525 ms (model=OPENROUTER size=LARGE)
[WIN_GAME,LOSE_GAME]
[LLMActionPlayer] API call took 174 ms (model=OPENROUTER size=LARGE)
[LLMActionPlayer] API call took 174 ms (model=OPENROUTER size=LARGE)
[LLMActionPlayer] API call took 230 ms (model=OPENROUTER size=LARGE)
[WIN_GAME,LOSE_GAME]
[LLMActionPlayer] API call took 212 ms (model=OPENROUTER size=LARGE)
[LLMActionPlayer] API call took 190 ms (model=OPENROUTER size=LARGE)
[LLMActionPlayer] API call took 244 ms (model=OPENROUTER size=LARGE)
[WIN_GAME,LOSE_GAME]
[LLMActionPlayer] API call took 198 ms (model=OPENROUTER size=LARGE)
[LLMActionPlayer] API call took 176 ms (model=OPENROUTER size=LARGE)
[LLMActionPlayer] API call took 248 ms (model=OPENROUTER size=LARGE)
[LLMActionPlayer] API call took 161 ms (model=OPENROUTER size=LARGE)
[LLMActionPlayer] API call took 846 ms (model=OPENROUTER size=LARGE)
[LLMActionPlayer] API call took 217 ms (model=OPENROUTER size=LARGE)
[LLMActionPlayer] API call took 408 ms (model=OPENROUTER size=LARGE)
[LLMActionPlayer] API call took 285 ms (model=OPENROUTER size=LARGE)
[LLMActionPlayer] API call took 223 ms (model=OPENROUTER size=LARGE)
[LLMActionPlayer] API call took 225 ms (model=OPENROUTER size=LARGE)
[WIN_GAME,LOSE_GAME]
[LLMActionPlayer] API call took 181 ms (model=OPENROUTER size=LARGE)
[LLMActionPlayer] API call took 204 ms (model=OPENROUTER size=LARGE)
[LLMActionPlayer] API call took 175 ms (model=OPENROUTER size=LARGE)
[LLMActionPlayer] API call took 258 ms (model=OPENROUTER size=LARGE)
[LLMActionPlayer] API call took 186 ms (model=OPENROUTER size=LARGE)
[LLMActionPlayer] API call took 178 ms (model=OPENROUTER size=LARGE)
[LLMActionPlayer] API call took 214 ms (model=OPENROUTER size=LARGE)
[LLMActionPlayer] API call took 242 ms (model=OPENROUTER size=LARGE)
[WIN_GAME,LOSE_GAME]
[LLMActionPlayer] API call took 224 ms (model=OPENROUTER size=LARGE)
[LLMActionPlayer] API call took 201 ms (model=OPENROUTER size=LARGE)
[LLMActionPlayer] API call took 182 ms (model=OPENROUTER size=LARGE)
[WIN_GAME,LOSE_GAME]
[LLMActionPlayer] API call took 158 ms (model=OPENROUTER size=LARGE)
[LLMActionPlayer] API call took 191 ms (model=OPENROUTER size=LARGE)
[LLMActionPlayer] API call took 276 ms (model=OPENROUTER size=LARGE)
[LLMActionPlayer] API call took 205 ms (model=OPENROUTER size=LARGE)
[LLMActionPlayer] API call took 281 ms (model=OPENROUTER size=LARGE)
[WIN_GAME,LOSE_GAME]
[LLMActionPlayer] API call took 136 ms (model=OPENROUTER size=LARGE)
[LLMActionPlayer] API call took 169 ms (model=OPENROUTER size=LARGE)
[LLMActionPlayer] API call took 254 ms (model=OPENROUTER size=LARGE)
[WIN_GAME,LOSE_GAME]
[LLMActionPlayer] API call took 292 ms (model=OPENROUTER size=LARGE)
[LLMActionPlayer] API call took 148 ms (model=OPENROUTER size=LARGE)
[LLMActionPlayer] API call took 184 ms (model=OPENROUTER size=LARGE)
[WIN_GAME,LOSE_GAME]
[LLMActionPlayer] API call took 169 ms (model=OPENROUTER size=LARGE)
[LLMActionPlayer] API call took 186 ms (model=OPENROUTER size=LARGE)
[LLMActionPlayer] API call took 265 ms (model=OPENROUTER size=LARGE)
[WIN_GAME,LOSE_GAME]
[LLMActionPlayer] API call took 310 ms (model=OPENROUTER size=LARGE)
[LLMActionPlayer] API call took 233 ms (model=OPENROUTER size=LARGE)
[LLMActionPlayer] API call took 176 ms (model=OPENROUTER size=LARGE)
[LLMActionPlayer] API call took 180 ms (model=OPENROUTER size=LARGE)
[LLMActionPlayer] API call took 221 ms (model=OPENROUTER size=LARGE)
[LLMActionPlayer] API call took 390 ms (model=OPENROUTER size=LARGE)
[LLMActionPlayer] API call took 181 ms (model=OPENROUTER size=LARGE)
[LLMActionPlayer] API call took 208 ms (model=OPENROUTER size=LARGE)
[WIN_GAME,LOSE_GAME]
[LLMActionPlayer] API call took 192 ms (model=OPENROUTER size=LARGE)
[LLMActionPlayer] API call took 280 ms (model=OPENROUTER size=LARGE)
[LLMActionPlayer] API call took 155 ms (model=OPENROUTER size=LARGE)
[WIN_GAME,LOSE_GAME]
[LLMActionPlayer] API call took 149 ms (model=OPENROUTER size=LARGE)
[LLMActionPlayer] API call took 175 ms (model=OPENROUTER size=LARGE)
[LLMActionPlayer] API call took 226 ms (model=OPENROUTER size=LARGE)
[LLMActionPlayer] API call took 241 ms (model=OPENROUTER size=LARGE)
[LLMActionPlayer] API call took 218 ms (model=OPENROUTER size=LARGE)
[LLMActionPlayer] API call took 177 ms (model=OPENROUTER size=LARGE)
[LLMActionPlayer] API call took 156 ms (model=OPENROUTER size=LARGE)
[LLMActionPlayer] API call took 155 ms (model=OPENROUTER size=LARGE)
[WIN_GAME,LOSE_GAME]
[LLMActionPlayer] API call took 139 ms (model=OPENROUTER size=LARGE)
[LLMActionPlayer] API call took 172 ms (model=OPENROUTER size=LARGE)
[LLMActionPlayer] API call took 215 ms (model=OPENROUTER size=LARGE)
[LLMActionPlayer] API call took 713 ms (model=OPENROUTER size=LARGE)
[LLMActionPlayer] API call took 175 ms (model=OPENROUTER size=LARGE)
[LLMActionPlayer] API call took 314 ms (model=OPENROUTER size=LARGE)
[LLMActionPlayer] API call took 201 ms (model=OPENROUTER size=LARGE)
[LLMActionPlayer] API call took 208 ms (model=OPENROUTER size=LARGE)
[LLMActionPlayer] API call took 315 ms (model=OPENROUTER size=LARGE)
[WIN_GAME,LOSE_GAME]
[LLMActionPlayer] API call took 183 ms (model=OPENROUTER size=LARGE)
[LLMActionPlayer] API call took 225 ms (model=OPENROUTER size=LARGE)
[LLMActionPlayer] API call took 759 ms (model=OPENROUTER size=LARGE)
[LLMActionPlayer] API call took 256 ms (model=OPENROUTER size=LARGE)
[LLMActionPlayer] API call took 195 ms (model=OPENROUTER size=LARGE)
[LLMActionPlayer] API call took 181 ms (model=OPENROUTER size=LARGE)
[LLMActionPlayer] API call took 163 ms (model=OPENROUTER size=LARGE)
[LLMActionPlayer] API call took 194 ms (model=OPENROUTER size=LARGE)
[LLMActionPlayer] API call took 197 ms (model=OPENROUTER size=LARGE)
[LLMActionPlayer] API call took 201 ms (model=OPENROUTER size=LARGE)
[WIN_GAME,LOSE_GAME]
[LLMActionPlayer] API call took 241 ms (model=OPENROUTER size=LARGE)
[LLMActionPlayer] API call took 138 ms (model=OPENROUTER size=LARGE)
[LLMActionPlayer] API call took 200 ms (model=OPENROUTER size=LARGE)
[WIN_GAME,LOSE_GAME]
[LLMActionPlayer] API call took 144 ms (model=OPENROUTER size=LARGE)
[LLMActionPlayer] API call took 207 ms (model=OPENROUTER size=LARGE)
[LLMActionPlayer] API call took 166 ms (model=OPENROUTER size=LARGE)
[WIN_GAME,LOSE_GAME]
[LLMActionPlayer] API call took 216 ms (model=OPENROUTER size=LARGE)
[LLMActionPlayer] API call took 206 ms (model=OPENROUTER size=LARGE)
[LLMActionPlayer] API call took 167 ms (model=OPENROUTER size=LARGE)
[WIN_GAME,LOSE_GAME]
[LLMActionPlayer] API call took 220 ms (model=OPENROUTER size=LARGE)
[LLMActionPlayer] API call took 323 ms (model=OPENROUTER size=LARGE)
[LLMActionPlayer] API call took 213 ms (model=OPENROUTER size=LARGE)
[LLMActionPlayer] API call took 218 ms (model=OPENROUTER size=LARGE)
[WIN_GAME,LOSE_GAME]
[LLMActionPlayer] API call took 182 ms (model=OPENROUTER size=LARGE)
[LLMActionPlayer] API call took 597 ms (model=OPENROUTER size=LARGE)
[LLMActionPlayer] API call took 174 ms (model=OPENROUTER size=LARGE)
[LLMActionPlayer] API call took 202 ms (model=OPENROUTER size=LARGE)
[LLMActionPlayer] API call took 208 ms (model=OPENROUTER size=LARGE)
[LLMActionPlayer] API call took 316 ms (model=OPENROUTER size=LARGE)
[LLMActionPlayer] API call took 347 ms (model=OPENROUTER size=LARGE)
[LLMActionPlayer] API call took 160 ms (model=OPENROUTER size=LARGE)
[LLMActionPlayer] API call took 203 ms (model=OPENROUTER size=LARGE)
[LLMActionPlayer] API call took 258 ms (model=OPENROUTER size=LARGE)
[LLMActionPlayer] API call took 368 ms (model=OPENROUTER size=LARGE)
[WIN_GAME,LOSE_GAME]
[LLMActionPlayer] API call took 395 ms (model=OPENROUTER size=LARGE)
[LLMActionPlayer] API call took 210 ms (model=OPENROUTER size=LARGE)
[LLMActionPlayer] API call took 211 ms (model=OPENROUTER size=LARGE)
[WIN_GAME,LOSE_GAME]
[LLMActionPlayer] API call took 165 ms (model=OPENROUTER size=LARGE)
[LLMActionPlayer] API call took 216 ms (model=OPENROUTER size=LARGE)
[LLMActionPlayer] API call took 203 ms (model=OPENROUTER size=LARGE)
[WIN_GAME,LOSE_GAME]
[LLMActionPlayer] API call took 453 ms (model=OPENROUTER size=LARGE)
[LLMActionPlayer] API call took 193 ms (model=OPENROUTER size=LARGE)
[LLMActionPlayer] API call took 234 ms (model=OPENROUTER size=LARGE)
[WIN_GAME,LOSE_GAME]
[LLMActionPlayer] API call took 254 ms (model=OPENROUTER size=LARGE)
[LLMActionPlayer] API call took 191 ms (model=OPENROUTER size=LARGE)
[LLMActionPlayer] API call took 284 ms (model=OPENROUTER size=LARGE)
[WIN_GAME,LOSE_GAME]
[LLMActionPlayer] API call took 178 ms (model=OPENROUTER size=LARGE)
[LLMActionPlayer] API call took 185 ms (model=OPENROUTER size=LARGE)
[LLMActionPlayer] API call took 214 ms (model=OPENROUTER size=LARGE)
[LLMActionPlayer] API call took 145 ms (model=OPENROUTER size=LARGE)
[LLMActionPlayer] API call took 224 ms (model=OPENROUTER size=LARGE)
[WIN_GAME,LOSE_GAME]
[LLMActionPlayer] API call took 137 ms (model=OPENROUTER size=LARGE)
[LLMActionPlayer] API call took 149 ms (model=OPENROUTER size=LARGE)
[LLMActionPlayer] API call took 151 ms (model=OPENROUTER size=LARGE)
[LLMActionPlayer] API call took 771 ms (model=OPENROUTER size=LARGE)
[WIN_GAME,LOSE_GAME]
[LLMActionPlayer] API call took 269 ms (model=OPENROUTER size=LARGE)
[LLMActionPlayer] API call took 403 ms (model=OPENROUTER size=LARGE)
[LLMActionPlayer] API call took 573 ms (model=OPENROUTER size=LARGE)
[LLMActionPlayer] API call took 162 ms (model=OPENROUTER size=LARGE)
[LLMActionPlayer] API call took 178 ms (model=OPENROUTER size=LARGE)
[LLMActionPlayer] API call took 184 ms (model=OPENROUTER size=LARGE)
[LLMActionPlayer] API call took 213 ms (model=OPENROUTER size=LARGE)
[LLMActionPlayer] API call took 188 ms (model=OPENROUTER size=LARGE)
[LLMActionPlayer] API call took 242 ms (model=OPENROUTER size=LARGE)
[WIN_GAME,LOSE_GAME]
[LLMActionPlayer] API call took 145 ms (model=OPENROUTER size=LARGE)
[LLMActionPlayer] API call took 228 ms (model=OPENROUTER size=LARGE)
[LLMActionPlayer] API call took 255 ms (model=OPENROUTER size=LARGE)
[LLMActionPlayer] API call took 237 ms (model=OPENROUTER size=LARGE)
[LLMActionPlayer] API call took 207 ms (model=OPENROUTER size=LARGE)
[LLMActionPlayer] API call took 239 ms (model=OPENROUTER size=LARGE)
[LLMActionPlayer] API call took 367 ms (model=OPENROUTER size=LARGE)
[LLMActionPlayer] API call took 157 ms (model=OPENROUTER size=LARGE)
[WIN_GAME,LOSE_GAME]
[LLMActionPlayer] API call took 183 ms (model=OPENROUTER size=LARGE)
[LLMActionPlayer] API call took 153 ms (model=OPENROUTER size=LARGE)
[LLMActionPlayer] API call took 206 ms (model=OPENROUTER size=LARGE)
[WIN_GAME,LOSE_GAME]
[LLMActionPlayer] API call took 370 ms (model=OPENROUTER size=LARGE)
[LLMActionPlayer] API call took 193 ms (model=OPENROUTER size=LARGE)
[LLMActionPlayer] API call took 1190 ms (model=OPENROUTER size=LARGE)
[WIN_GAME,LOSE_GAME]
[LLMActionPlayer] API call took 239 ms (model=OPENROUTER size=LARGE)
[LLMActionPlayer] API call took 267 ms (model=OPENROUTER size=LARGE)
[LLMActionPlayer] API call took 238 ms (model=OPENROUTER size=LARGE)
[WIN_GAME,LOSE_GAME]
[LLMActionPlayer] API call took 156 ms (model=OPENROUTER size=LARGE)
[LLMActionPlayer] API call took 246 ms (model=OPENROUTER size=LARGE)
[LLMActionPlayer] API call took 245 ms (model=OPENROUTER size=LARGE)
[WIN_GAME,LOSE_GAME]
[LLMActionPlayer] API call took 482 ms (model=OPENROUTER size=LARGE)
[LLMActionPlayer] API call took 216 ms (model=OPENROUTER size=LARGE)
[LLMActionPlayer] API call took 520 ms (model=OPENROUTER size=LARGE)
[WIN_GAME,LOSE_GAME]
[LLMActionPlayer] API call took 550 ms (model=OPENROUTER size=LARGE)
[LLMActionPlayer] API call took 160 ms (model=OPENROUTER size=LARGE)
[LLMActionPlayer] API call took 284 ms (model=OPENROUTER size=LARGE)
[LLMActionPlayer] API call took 207 ms (model=OPENROUTER size=LARGE)
[LLMActionPlayer] API call took 222 ms (model=OPENROUTER size=LARGE)
[LLMActionPlayer] API call took 182 ms (model=OPENROUTER size=LARGE)
[WIN_GAME,LOSE_GAME]
[LLMActionPlayer] API call took 557 ms (model=OPENROUTER size=LARGE)
[LLMActionPlayer] API call took 292 ms (model=OPENROUTER size=LARGE)
[LLMActionPlayer] API call took 231 ms (model=OPENROUTER size=LARGE)
[LLMActionPlayer] API call took 189 ms (model=OPENROUTER size=LARGE)
[LLMActionPlayer] API call took 307 ms (model=OPENROUTER size=LARGE)
[LLMActionPlayer] API call took 187 ms (model=OPENROUTER size=LARGE)
[LLMActionPlayer] API call took 163 ms (model=OPENROUTER size=LARGE)
[WIN_GAME,LOSE_GAME]
[LLMActionPlayer] API call took 129 ms (model=OPENROUTER size=LARGE)
[LLMActionPlayer] API call took 178 ms (model=OPENROUTER size=LARGE)
[LLMActionPlayer] API call took 5144 ms (model=OPENROUTER size=LARGE)
[LLMActionPlayer] API call took 139 ms (model=OPENROUTER size=LARGE)
[LLMActionPlayer] API call took 206 ms (model=OPENROUTER size=LARGE)
[LLMActionPlayer] API call took 261 ms (model=OPENROUTER size=LARGE)
[WIN_GAME,LOSE_GAME]
[LLMActionPlayer] API call took 218 ms (model=OPENROUTER size=LARGE)
[LLMActionPlayer] API call took 242 ms (model=OPENROUTER size=LARGE)
[LLMActionPlayer] API call took 171 ms (model=OPENROUTER size=LARGE)
[WIN_GAME,LOSE_GAME]
[LLMActionPlayer] API call took 236 ms (model=OPENROUTER size=LARGE)
[LLMActionPlayer] API call took 212 ms (model=OPENROUTER size=LARGE)
[LLMActionPlayer] API call took 216 ms (model=OPENROUTER size=LARGE)
[WIN_GAME,LOSE_GAME]
[LLMActionPlayer] API call took 308 ms (model=OPENROUTER size=LARGE)
[LLMActionPlayer] API call took 202 ms (model=OPENROUTER size=LARGE)
[LLMActionPlayer] API call took 197 ms (model=OPENROUTER size=LARGE)
[WIN_GAME,LOSE_GAME]
[LLMActionPlayer] API call took 229 ms (model=OPENROUTER size=LARGE)
[LLMActionPlayer] API call took 252 ms (model=OPENROUTER size=LARGE)
[LLMActionPlayer] API call took 204 ms (model=OPENROUTER size=LARGE)
[WIN_GAME,LOSE_GAME]
[LLMActionPlayer] API call took 159 ms (model=OPENROUTER size=LARGE)
[LLMActionPlayer] API call took 667 ms (model=OPENROUTER size=LARGE)
[LLMActionPlayer] API call took 232 ms (model=OPENROUTER size=LARGE)
[LLMActionPlayer] API call took 383 ms (model=OPENROUTER size=LARGE)
[LLMActionPlayer] API call took 186 ms (model=OPENROUTER size=LARGE)
[LLMActionPlayer] API call took 771 ms (model=OPENROUTER size=LARGE)
[LLMActionPlayer] API call took 158 ms (model=OPENROUTER size=LARGE)
[LLMActionPlayer] API call took 373 ms (model=OPENROUTER size=LARGE)
[WIN_GAME,LOSE_GAME]
[LLMActionPlayer] API call took 270 ms (model=OPENROUTER size=LARGE)
[LLMActionPlayer] API call took 155 ms (model=OPENROUTER size=LARGE)
[LLMActionPlayer] API call took 194 ms (model=OPENROUTER size=LARGE)
[WIN_GAME,LOSE_GAME]
[LLMActionPlayer] API call took 236 ms (model=OPENROUTER size=LARGE)
[LLMActionPlayer] API call took 207 ms (model=OPENROUTER size=LARGE)
[LLMActionPlayer] API call took 176 ms (model=OPENROUTER size=LARGE)
[WIN_GAME,LOSE_GAME]
[LLMActionPlayer] API call took 155 ms (model=OPENROUTER size=LARGE)
[LLMActionPlayer] API call took 180 ms (model=OPENROUTER size=LARGE)
[LLMActionPlayer] API call took 201 ms (model=OPENROUTER size=LARGE)
[WIN_GAME,LOSE_GAME]
[LLMActionPlayer] API call took 452 ms (model=OPENROUTER size=LARGE)
[LLMActionPlayer] API call took 210 ms (model=OPENROUTER size=LARGE)
[LLMActionPlayer] API call took 426 ms (model=OPENROUTER size=LARGE)
[LLMActionPlayer] API call took 169 ms (model=OPENROUTER size=LARGE)
[LLMActionPlayer] API call took 207 ms (model=OPENROUTER size=LARGE)
[LLMActionPlayer] API call took 219 ms (model=OPENROUTER size=LARGE)
[LLMActionPlayer] API call took 178 ms (model=OPENROUTER size=LARGE)
[LLMActionPlayer] API call took 152 ms (model=OPENROUTER size=LARGE)
[LLMActionPlayer] API call took 214 ms (model=OPENROUTER size=LARGE)
[LLMActionPlayer] API call took 177 ms (model=OPENROUTER size=LARGE)
[LLMActionPlayer] API call took 208 ms (model=OPENROUTER size=LARGE)
[LLMActionPlayer] API call took 233 ms (model=OPENROUTER size=LARGE)
[WIN_GAME,LOSE_GAME]
[LLMActionPlayer] API call took 144 ms (model=OPENROUTER size=LARGE)
[LLMActionPlayer] API call took 204 ms (model=OPENROUTER size=LARGE)
[LLMActionPlayer] API call took 250 ms (model=OPENROUTER size=LARGE)
[LLMActionPlayer] API call took 210 ms (model=OPENROUTER size=LARGE)
[LLMActionPlayer] API call took 197 ms (model=OPENROUTER size=LARGE)
[LLMActionPlayer] API call took 194 ms (model=OPENROUTER size=LARGE)
[LLMActionPlayer] API call took 232 ms (model=OPENROUTER size=LARGE)
[LLMActionPlayer] API call took 196 ms (model=OPENROUTER size=LARGE)
[WIN_GAME,LOSE_GAME]
[LLMActionPlayer] API call took 224 ms (model=OPENROUTER size=LARGE)
[LLMActionPlayer] API call took 155 ms (model=OPENROUTER size=LARGE)
[LLMActionPlayer] API call took 173 ms (model=OPENROUTER size=LARGE)
[LLMActionPlayer] API call took 236 ms (model=OPENROUTER size=LARGE)
[LLMActionPlayer] API call took 162 ms (model=OPENROUTER size=LARGE)
[LLMActionPlayer] API call took 204 ms (model=OPENROUTER size=LARGE)
[LLMActionPlayer] API call took 312 ms (model=OPENROUTER size=LARGE)
[LLMActionPlayer] API call took 181 ms (model=OPENROUTER size=LARGE)
[LLMActionPlayer] API call took 182 ms (model=OPENROUTER size=LARGE)
[LLMActionPlayer] API call took 218 ms (model=OPENROUTER size=LARGE)
[LLMActionPlayer] API call took 216 ms (model=OPENROUTER size=LARGE)
[WIN_GAME,LOSE_GAME]
[LLMActionPlayer] API call took 241 ms (model=OPENROUTER size=LARGE)
[LLMActionPlayer] API call took 217 ms (model=OPENROUTER size=LARGE)
[LLMActionPlayer] API call took 544 ms (model=OPENROUTER size=LARGE)
[LLMActionPlayer] API call took 182 ms (model=OPENROUTER size=LARGE)
[LLMActionPlayer] API call took 223 ms (model=OPENROUTER size=LARGE)
[LLMActionPlayer] API call took 177 ms (model=OPENROUTER size=LARGE)
[LLMActionPlayer] API call took 669 ms (model=OPENROUTER size=LARGE)
[LLMActionPlayer] API call took 203 ms (model=OPENROUTER size=LARGE)
[LLMActionPlayer] API call took 154 ms (model=OPENROUTER size=LARGE)
[WIN_GAME,LOSE_GAME]
[LLMActionPlayer] API call took 149 ms (model=OPENROUTER size=LARGE)
[LLMActionPlayer] API call took 221 ms (model=OPENROUTER size=LARGE)
[LLMActionPlayer] API call took 202 ms (model=OPENROUTER size=LARGE)
[LLMActionPlayer] API call took 229 ms (model=OPENROUTER size=LARGE)
[LLMActionPlayer] API call took 199 ms (model=OPENROUTER size=LARGE)
[LLMActionPlayer] API call took 254 ms (model=OPENROUTER size=LARGE)
[WIN_GAME,LOSE_GAME]
[LLMActionPlayer] API call took 188 ms (model=OPENROUTER size=LARGE)
[LLMActionPlayer] API call took 189 ms (model=OPENROUTER size=LARGE)
[LLMActionPlayer] API call took 152 ms (model=OPENROUTER size=LARGE)
[WIN_GAME,LOSE_GAME]
[LLMActionPlayer] API call took 161 ms (model=OPENROUTER size=LARGE)
[LLMActionPlayer] API call took 731 ms (model=OPENROUTER size=LARGE)
[LLMActionPlayer] API call took 184 ms (model=OPENROUTER size=LARGE)
[WIN_GAME,LOSE_GAME]
[LLMActionPlayer] API call took 235 ms (model=OPENROUTER size=LARGE)
[LLMActionPlayer] API call took 219 ms (model=OPENROUTER size=LARGE)
[LLMActionPlayer] API call took 175 ms (model=OPENROUTER size=LARGE)
[WIN_GAME,LOSE_GAME]
[LLMActionPlayer] API call took 125 ms (model=OPENROUTER size=LARGE)
[LLMActionPlayer] API call took 174 ms (model=OPENROUTER size=LARGE)
[LLMActionPlayer] API call took 218 ms (model=OPENROUTER size=LARGE)
[LLMActionPlayer] API call took 581 ms (model=OPENROUTER size=LARGE)
[LLMActionPlayer] API call took 179 ms (model=OPENROUTER size=LARGE)
[LLMActionPlayer] API call took 289 ms (model=OPENROUTER size=LARGE)
[LLMActionPlayer] API call took 225 ms (model=OPENROUTER size=LARGE)
[LLMActionPlayer] API call took 288 ms (model=OPENROUTER size=LARGE)
[LLMActionPlayer] API call took 190 ms (model=OPENROUTER size=LARGE)
[LLMActionPlayer] API call took 213 ms (model=OPENROUTER size=LARGE)
[LLMActionPlayer] API call took 211 ms (model=OPENROUTER size=LARGE)
[LLMActionPlayer] API call took 175 ms (model=OPENROUTER size=LARGE)
[WIN_GAME,LOSE_GAME]
[LLMActionPlayer] API call took 166 ms (model=OPENROUTER size=LARGE)
[LLMActionPlayer] API call took 189 ms (model=OPENROUTER size=LARGE)
[LLMActionPlayer] API call took 169 ms (model=OPENROUTER size=LARGE)
[WIN_GAME,LOSE_GAME]
[LLMActionPlayer] API call took 169 ms (model=OPENROUTER size=LARGE)
[LLMActionPlayer] API call took 328 ms (model=OPENROUTER size=LARGE)
[LLMActionPlayer] API call took 191 ms (model=OPENROUTER size=LARGE)
[WIN_GAME,LOSE_GAME]
[LLMActionPlayer] API call took 144 ms (model=OPENROUTER size=LARGE)
[LLMActionPlayer] API call took 202 ms (model=OPENROUTER size=LARGE)
[LLMActionPlayer] API call took 170 ms (model=OPENROUTER size=LARGE)
[WIN_GAME,LOSE_GAME]
[LLMActionPlayer] API call took 273 ms (model=OPENROUTER size=LARGE)
[LLMActionPlayer] API call took 209 ms (model=OPENROUTER size=LARGE)
[LLMActionPlayer] API call took 640 ms (model=OPENROUTER size=LARGE)
[WIN_GAME,LOSE_GAME]
[LLMActionPlayer] API call took 165 ms (model=OPENROUTER size=LARGE)
[LLMActionPlayer] API call took 227 ms (model=OPENROUTER size=LARGE)
[LLMActionPlayer] API call took 185 ms (model=OPENROUTER size=LARGE)
[LLMActionPlayer] API call took 128 ms (model=OPENROUTER size=LARGE)
[LLMActionPlayer] API call took 412 ms (model=OPENROUTER size=LARGE)
[LLMActionPlayer] API call took 171 ms (model=OPENROUTER size=LARGE)
[LLMActionPlayer] API call took 279 ms (model=OPENROUTER size=LARGE)
[LLMActionPlayer] API call took 169 ms (model=OPENROUTER size=LARGE)
[WIN_GAME,LOSE_GAME]
[LLMActionPlayer] API call took 207 ms (model=OPENROUTER size=LARGE)
[LLMActionPlayer] API call took 239 ms (model=OPENROUTER size=LARGE)
[LLMActionPlayer] API call took 152 ms (model=OPENROUTER size=LARGE)
[WIN_GAME,LOSE_GAME]
[LLMActionPlayer] API call took 211 ms (model=OPENROUTER size=LARGE)
[LLMActionPlayer] API call took 173 ms (model=OPENROUTER size=LARGE)
[LLMActionPlayer] API call took 160 ms (model=OPENROUTER size=LARGE)
[LLMActionPlayer] API call took 662 ms (model=OPENROUTER size=LARGE)
[LLMActionPlayer] API call took 369 ms (model=OPENROUTER size=LARGE)
[LLMActionPlayer] API call took 235 ms (model=OPENROUTER size=LARGE)
[WIN_GAME,LOSE_GAME]
[LLMActionPlayer] API call took 132 ms (model=OPENROUTER size=LARGE)
[LLMActionPlayer] API call took 188 ms (model=OPENROUTER size=LARGE)
[LLMActionPlayer] API call took 237 ms (model=OPENROUTER size=LARGE)
[WIN_GAME,LOSE_GAME]
[LLMActionPlayer] API call took 166 ms (model=OPENROUTER size=LARGE)
[LLMActionPlayer] API call took 176 ms (model=OPENROUTER size=LARGE)
[LLMActionPlayer] API call took 309 ms (model=OPENROUTER size=LARGE)
[LLMActionPlayer] API call took 170 ms (model=OPENROUTER size=LARGE)
[LLMActionPlayer] API call took 192 ms (model=OPENROUTER size=LARGE)
[LLMActionPlayer] API call took 232 ms (model=OPENROUTER size=LARGE)
[LLMActionPlayer] API call took 223 ms (model=OPENROUTER size=LARGE)
[WIN_GAME,LOSE_GAME]
[LLMActionPlayer] API call took 265 ms (model=OPENROUTER size=LARGE)
[LLMActionPlayer] API call took 300 ms (model=OPENROUTER size=LARGE)
[LLMActionPlayer] API call took 337 ms (model=OPENROUTER size=LARGE)
[LLMActionPlayer] API call took 173 ms (model=OPENROUTER size=LARGE)
[LLMActionPlayer] API call took 341 ms (model=OPENROUTER size=LARGE)
[LLMActionPlayer] API call took 210 ms (model=OPENROUTER size=LARGE)
[LLMActionPlayer] API call took 174 ms (model=OPENROUTER size=LARGE)
[LLMActionPlayer] API call took 181 ms (model=OPENROUTER size=LARGE)
[WIN_GAME,LOSE_GAME]
[LLMActionPlayer] API call took 174 ms (model=OPENROUTER size=LARGE)
[LLMActionPlayer] API call took 180 ms (model=OPENROUTER size=LARGE)
[LLMActionPlayer] API call took 320 ms (model=OPENROUTER size=LARGE)
[LLMActionPlayer] API call took 148 ms (model=OPENROUTER size=LARGE)
[LLMActionPlayer] API call took 169 ms (model=OPENROUTER size=LARGE)
[LLMActionPlayer] API call took 240 ms (model=OPENROUTER size=LARGE)
[LLMActionPlayer] API call took 165 ms (model=OPENROUTER size=LARGE)
[WIN_GAME,LOSE_GAME]
[LLMActionPlayer] API call took 653 ms (model=OPENROUTER size=LARGE)
[LLMActionPlayer] API call took 137 ms (model=OPENROUTER size=LARGE)
[LLMActionPlayer] API call took 142 ms (model=OPENROUTER size=LARGE)
[LLMActionPlayer] API call took 682 ms (model=OPENROUTER size=LARGE)
[LLMActionPlayer] API call took 156 ms (model=OPENROUTER size=LARGE)
[LLMActionPlayer] API call took 222 ms (model=OPENROUTER size=LARGE)
[LLMActionPlayer] API call took 286 ms (model=OPENROUTER size=LARGE)
[LLMActionPlayer] API call took 254 ms (model=OPENROUTER size=LARGE)
[WIN_GAME,LOSE_GAME]
[LLMActionPlayer] API call took 185 ms (model=OPENROUTER size=LARGE)
[LLMActionPlayer] API call took 205 ms (model=OPENROUTER size=LARGE)
[LLMActionPlayer] API call took 219 ms (model=OPENROUTER size=LARGE)
[LLMActionPlayer] API call took 184 ms (model=OPENROUTER size=LARGE)
[LLMActionPlayer] API call took 843 ms (model=OPENROUTER size=LARGE)
[LLMActionPlayer] API call took 245 ms (model=OPENROUTER size=LARGE)
[LLMActionPlayer] API call took 187 ms (model=OPENROUTER size=LARGE)
[LLMActionPlayer] API call took 221 ms (model=OPENROUTER size=LARGE)
[LLMActionPlayer] API call took 230 ms (model=OPENROUTER size=LARGE)
[LLMActionPlayer] API call took 181 ms (model=OPENROUTER size=LARGE)
[LLMActionPlayer] API call took 373 ms (model=OPENROUTER size=LARGE)
[LLMActionPlayer] API call took 189 ms (model=OPENROUTER size=LARGE)
[WIN_GAME,LOSE_GAME]
[LLMActionPlayer] API call took 159 ms (model=OPENROUTER size=LARGE)
[LLMActionPlayer] API call took 234 ms (model=OPENROUTER size=LARGE)
[LLMActionPlayer] API call took 187 ms (model=OPENROUTER size=LARGE)
[LLMActionPlayer] API call took 238 ms (model=OPENROUTER size=LARGE)
[LLMActionPlayer] API call took 285 ms (model=OPENROUTER size=LARGE)
[LLMActionPlayer] API call took 251 ms (model=OPENROUTER size=LARGE)
[LLMActionPlayer] API call took 152 ms (model=OPENROUTER size=LARGE)
[LLMActionPlayer] API call took 174 ms (model=OPENROUTER size=LARGE)
[LLMActionPlayer] API call took 172 ms (model=OPENROUTER size=LARGE)
[LLMActionPlayer] API call took 221 ms (model=OPENROUTER size=LARGE)
[WIN_GAME,LOSE_GAME]
[LLMActionPlayer] API call took 202 ms (model=OPENROUTER size=LARGE)
[LLMActionPlayer] API call took 166 ms (model=OPENROUTER size=LARGE)
[LLMActionPlayer] API call took 217 ms (model=OPENROUTER size=LARGE)
[LLMActionPlayer] API call took 230 ms (model=OPENROUTER size=LARGE)
[LLMActionPlayer] API call took 186 ms (model=OPENROUTER size=LARGE)
[LLMActionPlayer] API call took 665 ms (model=OPENROUTER size=LARGE)
[LLMActionPlayer] API call took 175 ms (model=OPENROUTER size=LARGE)
[LLMActionPlayer] API call took 238 ms (model=OPENROUTER size=LARGE)
[WIN_GAME,LOSE_GAME]
[LLMActionPlayer] API call took 179 ms (model=OPENROUTER size=LARGE)
[LLMActionPlayer] API call took 236 ms (model=OPENROUTER size=LARGE)
[LLMActionPlayer] API call took 359 ms (model=OPENROUTER size=LARGE)
[LLMActionPlayer] API call took 237 ms (model=OPENROUTER size=LARGE)
[LLMActionPlayer] API call took 165 ms (model=OPENROUTER size=LARGE)
[WIN_GAME,LOSE_GAME]
[LLMActionPlayer] API call took 163 ms (model=OPENROUTER size=LARGE)
[LLMActionPlayer] API call took 201 ms (model=OPENROUTER size=LARGE)
[LLMActionPlayer] API call took 172 ms (model=OPENROUTER size=LARGE)
[WIN_GAME,LOSE_GAME]
[LLMActionPlayer] API call took 186 ms (model=OPENROUTER size=LARGE)
[LLMActionPlayer] API call took 170 ms (model=OPENROUTER size=LARGE)
[LLMActionPlayer] API call took 296 ms (model=OPENROUTER size=LARGE)
[LLMActionPlayer] API call took 213 ms (model=OPENROUTER size=LARGE)
[LLMActionPlayer] API call took 227 ms (model=OPENROUTER size=LARGE)
[LLMActionPlayer] API call took 333 ms (model=OPENROUTER size=LARGE)
[LLMActionPlayer] API call took 217 ms (model=OPENROUTER size=LARGE)
[WIN_GAME,LOSE_GAME]
[LLMActionPlayer] API call took 230 ms (model=OPENROUTER size=LARGE)
[LLMActionPlayer] API call took 158 ms (model=OPENROUTER size=LARGE)
[LLMActionPlayer] API call took 232 ms (model=OPENROUTER size=LARGE)
[LLMActionPlayer] API call took 205 ms (model=OPENROUTER size=LARGE)
[LLMActionPlayer] API call took 194 ms (model=OPENROUTER size=LARGE)
[LLMActionPlayer] API call took 181 ms (model=OPENROUTER size=LARGE)
[LLMActionPlayer] API call took 674 ms (model=OPENROUTER size=LARGE)
[WIN_GAME,LOSE_GAME]
[LLMActionPlayer] API call took 196 ms (model=OPENROUTER size=LARGE)
[LLMActionPlayer] API call took 261 ms (model=OPENROUTER size=LARGE)
[LLMActionPlayer] API call took 165 ms (model=OPENROUTER size=LARGE)
[LLMActionPlayer] API call took 236 ms (model=OPENROUTER size=LARGE)
[LLMActionPlayer] API call took 183 ms (model=OPENROUTER size=LARGE)
[LLMActionPlayer] API call took 585 ms (model=OPENROUTER size=LARGE)
[LLMActionPlayer] API call took 195 ms (model=OPENROUTER size=LARGE)
[LLMActionPlayer] API call took 155 ms (model=OPENROUTER size=LARGE)
[LLMActionPlayer] API call took 179 ms (model=OPENROUTER size=LARGE)
[WIN_GAME,LOSE_GAME]
[LLMActionPlayer] API call took 377 ms (model=OPENROUTER size=LARGE)
[LLMActionPlayer] API call took 203 ms (model=OPENROUTER size=LARGE)
[LLMActionPlayer] API call took 172 ms (model=OPENROUTER size=LARGE)
[LLMActionPlayer] API call took 361 ms (model=OPENROUTER size=LARGE)
[LLMActionPlayer] API call took 196 ms (model=OPENROUTER size=LARGE)
[LLMActionPlayer] API call took 175 ms (model=OPENROUTER size=LARGE)
[LLMActionPlayer] API call took 273 ms (model=OPENROUTER size=LARGE)
[LLMActionPlayer] API call took 356 ms (model=OPENROUTER size=LARGE)
[WIN_GAME,LOSE_GAME]
[LLMActionPlayer] API call took 187 ms (model=OPENROUTER size=LARGE)
[LLMActionPlayer] API call took 150 ms (model=OPENROUTER size=LARGE)
[LLMActionPlayer] API call took 157 ms (model=OPENROUTER size=LARGE)
[WIN_GAME,LOSE_GAME]
[LLMActionPlayer] API call took 186 ms (model=OPENROUTER size=LARGE)
[LLMActionPlayer] API call took 195 ms (model=OPENROUTER size=LARGE)
[LLMActionPlayer] API call took 723 ms (model=OPENROUTER size=LARGE)
[LLMActionPlayer] API call took 174 ms (model=OPENROUTER size=LARGE)
[LLMActionPlayer] API call took 183 ms (model=OPENROUTER size=LARGE)
[LLMActionPlayer] API call took 161 ms (model=OPENROUTER size=LARGE)
[LLMActionPlayer] API call took 214 ms (model=OPENROUTER size=LARGE)
[LLMActionPlayer] API call took 166 ms (model=OPENROUTER size=LARGE)
[WIN_GAME,LOSE_GAME]
[LLMActionPlayer] API call took 173 ms (model=OPENROUTER size=LARGE)
[LLMActionPlayer] API call took 197 ms (model=OPENROUTER size=LARGE)
[LLMActionPlayer] API call took 156 ms (model=OPENROUTER size=LARGE)
[LLMActionPlayer] API call took 225 ms (model=OPENROUTER size=LARGE)
[LLMActionPlayer] API call took 176 ms (model=OPENROUTER size=LARGE)
[LLMActionPlayer] API call took 153 ms (model=OPENROUTER size=LARGE)
[LLMActionPlayer] API call took 201 ms (model=OPENROUTER size=LARGE)
[LLMActionPlayer] API call took 185 ms (model=OPENROUTER size=LARGE)
[WIN_GAME,LOSE_GAME]
[LLMActionPlayer] API call took 207 ms (model=OPENROUTER size=LARGE)
[LLMActionPlayer] API call took 174 ms (model=OPENROUTER size=LARGE)
[LLMActionPlayer] API call took 387 ms (model=OPENROUTER size=LARGE)
[LLMActionPlayer] API call took 193 ms (model=OPENROUTER size=LARGE)
[LLMActionPlayer] API call took 260 ms (model=OPENROUTER size=LARGE)
[LLMActionPlayer] API call took 611 ms (model=OPENROUTER size=LARGE)
[LLMActionPlayer] API call took 278 ms (model=OPENROUTER size=LARGE)
[LLMActionPlayer] API call took 252 ms (model=OPENROUTER size=LARGE)
[WIN_GAME,LOSE_GAME]
[LLMActionPlayer] API call took 187 ms (model=OPENROUTER size=LARGE)
[LLMActionPlayer] API call took 207 ms (model=OPENROUTER size=LARGE)
[LLMActionPlayer] API call took 385 ms (model=OPENROUTER size=LARGE)
[LLMActionPlayer] API call took 1114 ms (model=OPENROUTER size=LARGE)
[LLMActionPlayer] API call took 546 ms (model=OPENROUTER size=LARGE)
[LLMActionPlayer] API call took 206 ms (model=OPENROUTER size=LARGE)
[LLMActionPlayer] API call took 206 ms (model=OPENROUTER size=LARGE)
[LLMActionPlayer] API call took 174 ms (model=OPENROUTER size=LARGE)
[LLMActionPlayer] API call took 372 ms (model=OPENROUTER size=LARGE)
[LLMActionPlayer] API call took 245 ms (model=OPENROUTER size=LARGE)
[WIN_GAME,LOSE_GAME]
[LLMActionPlayer] API call took 192 ms (model=OPENROUTER size=LARGE)
[LLMActionPlayer] API call took 145 ms (model=OPENROUTER size=LARGE)
[LLMActionPlayer] API call took 176 ms (model=OPENROUTER size=LARGE)
[LLMActionPlayer] API call took 382 ms (model=OPENROUTER size=LARGE)
[LLMActionPlayer] API call took 254 ms (model=OPENROUTER size=LARGE)
[LLMActionPlayer] API call took 155 ms (model=OPENROUTER size=LARGE)
[LLMActionPlayer] API call took 881 ms (model=OPENROUTER size=LARGE)
[LLMActionPlayer] API call took 172 ms (model=OPENROUTER size=LARGE)
[WIN_GAME,LOSE_GAME]
[LLMActionPlayer] API call took 232 ms (model=OPENROUTER size=LARGE)
[LLMActionPlayer] API call took 188 ms (model=OPENROUTER size=LARGE)
[LLMActionPlayer] API call took 210 ms (model=OPENROUTER size=LARGE)
[LLMActionPlayer] API call took 520 ms (model=OPENROUTER size=LARGE)
[LLMActionPlayer] API call took 178 ms (model=OPENROUTER size=LARGE)
[LLMActionPlayer] API call took 181 ms (model=OPENROUTER size=LARGE)
[LLMActionPlayer] API call took 152 ms (model=OPENROUTER size=LARGE)
[LLMActionPlayer] API call took 214 ms (model=OPENROUTER size=LARGE)
[WIN_GAME,LOSE_GAME]
[LLMActionPlayer] API call took 145 ms (model=OPENROUTER size=LARGE)
[LLMActionPlayer] API call took 213 ms (model=OPENROUTER size=LARGE)
[LLMActionPlayer] API call took 628 ms (model=OPENROUTER size=LARGE)
[LLMActionPlayer] API call took 142 ms (model=OPENROUTER size=LARGE)
[LLMActionPlayer] API call took 221 ms (model=OPENROUTER size=LARGE)
[LLMActionPlayer] API call took 213 ms (model=OPENROUTER size=LARGE)
[LLMActionPlayer] API call took 188 ms (model=OPENROUTER size=LARGE)
[LLMActionPlayer] API call took 806 ms (model=OPENROUTER size=LARGE)
[LLMActionPlayer] API call took 209 ms (model=OPENROUTER size=LARGE)
[WIN_GAME,LOSE_GAME]
[LLMActionPlayer] API call took 163 ms (model=OPENROUTER size=LARGE)
[LLMActionPlayer] API call took 187 ms (model=OPENROUTER size=LARGE)
[LLMActionPlayer] API call took 171 ms (model=OPENROUTER size=LARGE)
[WIN_GAME,LOSE_GAME]
[LLMActionPlayer] API call took 179 ms (model=OPENROUTER size=LARGE)
[LLMActionPlayer] API call took 205 ms (model=OPENROUTER size=LARGE)
[LLMActionPlayer] API call took 216 ms (model=OPENROUTER size=LARGE)
[WIN_GAME,LOSE_GAME]
[LLMActionPlayer] API call took 274 ms (model=OPENROUTER size=LARGE)
[LLMActionPlayer] API call took 282 ms (model=OPENROUTER size=LARGE)
[LLMActionPlayer] API call took 196 ms (model=OPENROUTER size=LARGE)
[LLMActionPlayer] API call took 1818 ms (model=OPENROUTER size=LARGE)
[LLMActionPlayer] API call took 238 ms (model=OPENROUTER size=LARGE)
[LLMActionPlayer] API call took 218 ms (model=OPENROUTER size=LARGE)
[LLMActionPlayer] API call took 206 ms (model=OPENROUTER size=LARGE)
[LLMActionPlayer] API call took 200 ms (model=OPENROUTER size=LARGE)
[LLMActionPlayer] API call took 241 ms (model=OPENROUTER size=LARGE)
[WIN_GAME,LOSE_GAME]
[LLMActionPlayer] API call took 196 ms (model=OPENROUTER size=LARGE)
[LLMActionPlayer] API call took 154 ms (model=OPENROUTER size=LARGE)
[LLMActionPlayer] API call took 218 ms (model=OPENROUTER size=LARGE)
[LLMActionPlayer] API call took 192 ms (model=OPENROUTER size=LARGE)
[WIN_GAME,LOSE_GAME]
[LLMActionPlayer] API call took 173 ms (model=OPENROUTER size=LARGE)
[LLMActionPlayer] API call took 146 ms (model=OPENROUTER size=LARGE)
[LLMActionPlayer] API call took 186 ms (model=OPENROUTER size=LARGE)
[LLMActionPlayer] API call took 153 ms (model=OPENROUTER size=LARGE)
[LLMActionPlayer] API call took 198 ms (model=OPENROUTER size=LARGE)
[LLMActionPlayer] API call took 179 ms (model=OPENROUTER size=LARGE)
[LLMActionPlayer] API call took 192 ms (model=OPENROUTER size=LARGE)
[LLMActionPlayer] API call took 212 ms (model=OPENROUTER size=LARGE)
[LLMActionPlayer] API call took 192 ms (model=OPENROUTER size=LARGE)
[LLMActionPlayer] API call took 164 ms (model=OPENROUTER size=LARGE)
[LLMActionPlayer] API call took 201 ms (model=OPENROUTER size=LARGE)
[LLMActionPlayer] API call took 230 ms (model=OPENROUTER size=LARGE)
[WIN_GAME,LOSE_GAME]
[LLMActionPlayer] API call took 145 ms (model=OPENROUTER size=LARGE)
[LLMActionPlayer] API call took 183 ms (model=OPENROUTER size=LARGE)
[LLMActionPlayer] API call took 158 ms (model=OPENROUTER size=LARGE)
[LLMActionPlayer] API call took 639 ms (model=OPENROUTER size=LARGE)
[LLMActionPlayer] API call took 420 ms (model=OPENROUTER size=LARGE)
[LLMActionPlayer] API call took 171 ms (model=OPENROUTER size=LARGE)
[WIN_GAME,LOSE_GAME]
[LLMActionPlayer] API call took 182 ms (model=OPENROUTER size=LARGE)
[LLMActionPlayer] API call took 379 ms (model=OPENROUTER size=LARGE)
[LLMActionPlayer] API call took 208 ms (model=OPENROUTER size=LARGE)
[LLMActionPlayer] API call took 261 ms (model=OPENROUTER size=LARGE)
[LLMActionPlayer] API call took 184 ms (model=OPENROUTER size=LARGE)
[LLMActionPlayer] API call took 255 ms (model=OPENROUTER size=LARGE)
[LLMActionPlayer] API call took 223 ms (model=OPENROUTER size=LARGE)
[LLMActionPlayer] API call took 181 ms (model=OPENROUTER size=LARGE)
[LLMActionPlayer] API call took 241 ms (model=OPENROUTER size=LARGE)
[WIN_GAME,LOSE_GAME]
[LLMActionPlayer] API call took 259 ms (model=OPENROUTER size=LARGE)
[LLMActionPlayer] API call took 848 ms (model=OPENROUTER size=LARGE)
[LLMActionPlayer] API call took 205 ms (model=OPENROUTER size=LARGE)
[WIN_GAME,LOSE_GAME]
[LLMActionPlayer] API call took 157 ms (model=OPENROUTER size=LARGE)
[LLMActionPlayer] API call took 219 ms (model=OPENROUTER size=LARGE)
[LLMActionPlayer] API call took 236 ms (model=OPENROUTER size=LARGE)
[LLMActionPlayer] API call took 187 ms (model=OPENROUTER size=LARGE)
[LLMActionPlayer] API call took 202 ms (model=OPENROUTER size=LARGE)
[LLMActionPlayer] API call took 234 ms (model=OPENROUTER size=LARGE)
[LLMActionPlayer] API call took 252 ms (model=OPENROUTER size=LARGE)
[LLMActionPlayer] API call took 266 ms (model=OPENROUTER size=LARGE)
[LLMActionPlayer] API call took 206 ms (model=OPENROUTER size=LARGE)
[WIN_GAME,LOSE_GAME]
[LLMActionPlayer] API call took 200 ms (model=OPENROUTER size=LARGE)
[LLMActionPlayer] API call took 219 ms (model=OPENROUTER size=LARGE)
[LLMActionPlayer] API call took 444 ms (model=OPENROUTER size=LARGE)
[LLMActionPlayer] API call took 314 ms (model=OPENROUTER size=LARGE)
[LLMActionPlayer] API call took 250 ms (model=OPENROUTER size=LARGE)
[LLMActionPlayer] API call took 229 ms (model=OPENROUTER size=LARGE)
[LLMActionPlayer] API call took 228 ms (model=OPENROUTER size=LARGE)
[LLMActionPlayer] API call took 218 ms (model=OPENROUTER size=LARGE)
[WIN_GAME,LOSE_GAME]
[LLMActionPlayer] API call took 179 ms (model=OPENROUTER size=LARGE)
[LLMActionPlayer] API call took 227 ms (model=OPENROUTER size=LARGE)
[LLMActionPlayer] API call took 222 ms (model=OPENROUTER size=LARGE)
[LLMActionPlayer] API call took 232 ms (model=OPENROUTER size=LARGE)
[LLMActionPlayer] API call took 1667 ms (model=OPENROUTER size=LARGE)
[LLMActionPlayer] API call took 149 ms (model=OPENROUTER size=LARGE)
[LLMActionPlayer] API call took 201 ms (model=OPENROUTER size=LARGE)
[WIN_GAME,LOSE_GAME]
============= Connect4 - 200 games played ============= 
PhaseBasedEnsemblePlayer got 0.00 points. PhaseBasedEnsemblePlayer won 0.0% of the 200 games of the tournament. PhaseBasedEnsemblePlayer won 0.0% of the 200 games it played during the tournament.
PhaseBasedEnsemblePlayer got a mean score of -1.00.
PhaseBasedEnsemblePlayer won 0.0% of the 200 games against Connect4_1.

Connect4_1 got 200.00 points. Connect4_1 won 100.0% of the 200 games of the tournament. Connect4_1 won 100.0% of the 200 games it played during the tournament.
Connect4_1 got a mean score of 1.00.
Connect4_1 won 100.0% of the 200 games against PhaseBasedEnsemblePlayer.

---- Ranking ---- (+/- are standard errors on the mean calculated using a Normal approximation) 
Connect4_1: Win rate 1.00 +/- 0.000	Mean Ordinal 1.00 +/- 0.00
PhaseBasedEnsemblePlayer: Win rate 0.00 +/- 0.000	Mean Ordinal 2.00 +/- 0.00
