Using command line value for config of json/experiments/TournoumentConfigs/Poker_PreflopFlop_4P_200_LLAMA_Fair.json
Game: Poker, Players: 4
Game: Poker, Players: 4, Mode: EXHAUSTIVE, TotalGames: 192, GamesPerMatchup: 8
WARNING: A terminally deprecated method in sun.misc.Unsafe has been called
WARNING: sun.misc.Unsafe::invokeCleaner has been called by nonapi.io.github.classgraph.utils.FileUtils (file:/Users/denizgencoatilla/TabletopGames/target/TAG.jar)
WARNING: Please consider reporting this to the maintainers of class nonapi.io.github.classgraph.utils.FileUtils
WARNING: sun.misc.Unsafe::invokeCleaner will be removed in a future release
Playing Poker
[Poker_4P_1,Poker_4P_3,Poker_4P_2,PhaseBasedEnsemblePlayer]
[LLMActionPlayer] Creating LLMAccess: model=OPENROUTER size=LARGE
[LLMActionPlayer] API call took 840 ms (model=OPENROUTER size=LARGE)
[LLMActionPlayer] API call took 168 ms (model=OPENROUTER size=LARGE)
[LLMActionPlayer] API call took 180 ms (model=OPENROUTER size=LARGE)
[LLMActionPlayer] API call took 211 ms (model=OPENROUTER size=LARGE)
[LLMActionPlayer] API call took 267 ms (model=OPENROUTER size=LARGE)
[LOSE_GAME,LOSE_GAME,WIN_GAME,LOSE_GAME]
[LLMActionPlayer] API call took 186 ms (model=OPENROUTER size=LARGE)
[LLMActionPlayer] API call took 226 ms (model=OPENROUTER size=LARGE)
[LLMActionPlayer] API call took 277 ms (model=OPENROUTER size=LARGE)
[LLMActionPlayer] API call took 223 ms (model=OPENROUTER size=LARGE)
[LLMActionPlayer] API call took 264 ms (model=OPENROUTER size=LARGE)
[LLMActionPlayer] API call took 230 ms (model=OPENROUTER size=LARGE)
[LLMActionPlayer] API call took 231 ms (model=OPENROUTER size=LARGE)
[LLMActionPlayer] API call took 216 ms (model=OPENROUTER size=LARGE)
[LLMActionPlayer] API call took 264 ms (model=OPENROUTER size=LARGE)
[LLMActionPlayer] API call took 473 ms (model=OPENROUTER size=LARGE)
[LLMActionPlayer] API call took 428 ms (model=OPENROUTER size=LARGE)
[LLMActionPlayer] API call took 169 ms (model=OPENROUTER size=LARGE)
[LLMActionPlayer] API call took 476 ms (model=OPENROUTER size=LARGE)
[LLMActionPlayer] API call took 855 ms (model=OPENROUTER size=LARGE)
[LOSE_GAME,WIN_GAME,LOSE_GAME,LOSE_GAME]
[LLMActionPlayer] API call took 202 ms (model=OPENROUTER size=LARGE)
[LLMActionPlayer] API call took 210 ms (model=OPENROUTER size=LARGE)
[LLMActionPlayer] API call took 159 ms (model=OPENROUTER size=LARGE)
[LLMActionPlayer] API call took 231 ms (model=OPENROUTER size=LARGE)
[LLMActionPlayer] API call took 262 ms (model=OPENROUTER size=LARGE)
[LLMActionPlayer] API call took 208 ms (model=OPENROUTER size=LARGE)
[LLMActionPlayer] API call took 172 ms (model=OPENROUTER size=LARGE)
[LLMActionPlayer] API call took 331 ms (model=OPENROUTER size=LARGE)
[LLMActionPlayer] API call took 231 ms (model=OPENROUTER size=LARGE)
[LLMActionPlayer] API call took 162 ms (model=OPENROUTER size=LARGE)
[WIN_GAME,LOSE_GAME,LOSE_GAME,LOSE_GAME]
[LLMActionPlayer] API call took 252 ms (model=OPENROUTER size=LARGE)
[LLMActionPlayer] API call took 278 ms (model=OPENROUTER size=LARGE)
[LLMActionPlayer] API call took 221 ms (model=OPENROUTER size=LARGE)
[LLMActionPlayer] API call took 263 ms (model=OPENROUTER size=LARGE)
[LLMActionPlayer] API call took 190 ms (model=OPENROUTER size=LARGE)
[LLMActionPlayer] API call took 295 ms (model=OPENROUTER size=LARGE)
[LLMActionPlayer] API call took 197 ms (model=OPENROUTER size=LARGE)
[LLMActionPlayer] API call took 223 ms (model=OPENROUTER size=LARGE)
[LLMActionPlayer] API call took 168 ms (model=OPENROUTER size=LARGE)
[LOSE_GAME,WIN_GAME,LOSE_GAME,LOSE_GAME]
[LLMActionPlayer] API call took 561 ms (model=OPENROUTER size=LARGE)
[LLMActionPlayer] API call took 263 ms (model=OPENROUTER size=LARGE)
[LLMActionPlayer] API call took 166 ms (model=OPENROUTER size=LARGE)
[LLMActionPlayer] API call took 198 ms (model=OPENROUTER size=LARGE)
[LLMActionPlayer] API call took 139 ms (model=OPENROUTER size=LARGE)
[LLMActionPlayer] API call took 162 ms (model=OPENROUTER size=LARGE)
[LLMActionPlayer] API call took 299 ms (model=OPENROUTER size=LARGE)
[LOSE_GAME,WIN_GAME,LOSE_GAME,LOSE_GAME]
[LLMActionPlayer] API call took 307 ms (model=OPENROUTER size=LARGE)
[LLMActionPlayer] API call took 314 ms (model=OPENROUTER size=LARGE)
[LLMActionPlayer] API call took 245 ms (model=OPENROUTER size=LARGE)
[WIN_GAME,LOSE_GAME,LOSE_GAME,LOSE_GAME]
[LLMActionPlayer] API call took 164 ms (model=OPENROUTER size=LARGE)
[LLMActionPlayer] API call took 442 ms (model=OPENROUTER size=LARGE)
[LLMActionPlayer] API call took 155 ms (model=OPENROUTER size=LARGE)
[WIN_GAME,LOSE_GAME,LOSE_GAME,LOSE_GAME]
[LLMActionPlayer] API call took 191 ms (model=OPENROUTER size=LARGE)
[LLMActionPlayer] API call took 191 ms (model=OPENROUTER size=LARGE)
[LLMActionPlayer] API call took 725 ms (model=OPENROUTER size=LARGE)
[LLMActionPlayer] API call took 193 ms (model=OPENROUTER size=LARGE)
[LLMActionPlayer] API call took 214 ms (model=OPENROUTER size=LARGE)
[LLMActionPlayer] API call took 247 ms (model=OPENROUTER size=LARGE)
[LLMActionPlayer] API call took 190 ms (model=OPENROUTER size=LARGE)
[LLMActionPlayer] API call took 174 ms (model=OPENROUTER size=LARGE)
[LLMActionPlayer] API call took 239 ms (model=OPENROUTER size=LARGE)
[LLMActionPlayer] API call took 294 ms (model=OPENROUTER size=LARGE)
[LLMActionPlayer] API call took 201 ms (model=OPENROUTER size=LARGE)
[LLMActionPlayer] API call took 237 ms (model=OPENROUTER size=LARGE)
[LOSE_GAME,WIN_GAME,LOSE_GAME,LOSE_GAME]
[Poker_4P_1,Poker_4P_3,PhaseBasedEnsemblePlayer,Poker_4P_2]
[LLMActionPlayer] API call took 198 ms (model=OPENROUTER size=LARGE)
[LLMActionPlayer] API call took 240 ms (model=OPENROUTER size=LARGE)
[LLMActionPlayer] API call took 309 ms (model=OPENROUTER size=LARGE)
[LLMActionPlayer] API call took 197 ms (model=OPENROUTER size=LARGE)
[LLMActionPlayer] API call took 172 ms (model=OPENROUTER size=LARGE)
[LOSE_GAME,WIN_GAME,LOSE_GAME,LOSE_GAME]
[LLMActionPlayer] API call took 201 ms (model=OPENROUTER size=LARGE)
[LLMActionPlayer] API call took 171 ms (model=OPENROUTER size=LARGE)
[LLMActionPlayer] API call took 190 ms (model=OPENROUTER size=LARGE)
[LLMActionPlayer] API call took 242 ms (model=OPENROUTER size=LARGE)
[LLMActionPlayer] API call took 174 ms (model=OPENROUTER size=LARGE)
[LLMActionPlayer] API call took 288 ms (model=OPENROUTER size=LARGE)
[DRAW_GAME,DRAW_GAME,LOSE_GAME,LOSE_GAME]
[LLMActionPlayer] API call took 243 ms (model=OPENROUTER size=LARGE)
[LLMActionPlayer] API call took 217 ms (model=OPENROUTER size=LARGE)
[LLMActionPlayer] API call took 188 ms (model=OPENROUTER size=LARGE)
[LLMActionPlayer] API call took 228 ms (model=OPENROUTER size=LARGE)
[LOSE_GAME,LOSE_GAME,LOSE_GAME,WIN_GAME]
[LLMActionPlayer] API call took 248 ms (model=OPENROUTER size=LARGE)
[LLMActionPlayer] API call took 209 ms (model=OPENROUTER size=LARGE)
[LLMActionPlayer] API call took 161 ms (model=OPENROUTER size=LARGE)
[LLMActionPlayer] API call took 214 ms (model=OPENROUTER size=LARGE)
[LLMActionPlayer] API call took 406 ms (model=OPENROUTER size=LARGE)
[LLMActionPlayer] API call took 291 ms (model=OPENROUTER size=LARGE)
[LOSE_GAME,WIN_GAME,LOSE_GAME,LOSE_GAME]
[LLMActionPlayer] API call took 223 ms (model=OPENROUTER size=LARGE)
[LLMActionPlayer] API call took 192 ms (model=OPENROUTER size=LARGE)
[LLMActionPlayer] API call took 181 ms (model=OPENROUTER size=LARGE)
[LLMActionPlayer] API call took 247 ms (model=OPENROUTER size=LARGE)
[WIN_GAME,LOSE_GAME,LOSE_GAME,LOSE_GAME]
[LLMActionPlayer] API call took 312 ms (model=OPENROUTER size=LARGE)
[LLMActionPlayer] API call took 324 ms (model=OPENROUTER size=LARGE)
[LLMActionPlayer] API call took 2341 ms (model=OPENROUTER size=LARGE)
[LLMActionPlayer] API call took 371 ms (model=OPENROUTER size=LARGE)
[LLMActionPlayer] API call took 198 ms (model=OPENROUTER size=LARGE)
[LLMActionPlayer] API call took 184 ms (model=OPENROUTER size=LARGE)
[LLMActionPlayer] API call took 162 ms (model=OPENROUTER size=LARGE)
[LLMActionPlayer] API call took 144 ms (model=OPENROUTER size=LARGE)
[LLMActionPlayer] API call took 206 ms (model=OPENROUTER size=LARGE)
[LLMActionPlayer] API call took 271 ms (model=OPENROUTER size=LARGE)
[WIN_GAME,LOSE_GAME,LOSE_GAME,LOSE_GAME]
[LLMActionPlayer] API call took 255 ms (model=OPENROUTER size=LARGE)
[LLMActionPlayer] API call took 207 ms (model=OPENROUTER size=LARGE)
[LLMActionPlayer] API call took 194 ms (model=OPENROUTER size=LARGE)
[LLMActionPlayer] API call took 182 ms (model=OPENROUTER size=LARGE)
[LLMActionPlayer] API call took 441 ms (model=OPENROUTER size=LARGE)
[LOSE_GAME,WIN_GAME,LOSE_GAME,LOSE_GAME]
[LLMActionPlayer] API call took 232 ms (model=OPENROUTER size=LARGE)
[LLMActionPlayer] API call took 187 ms (model=OPENROUTER size=LARGE)
[LLMActionPlayer] API call took 175 ms (model=OPENROUTER size=LARGE)
[LLMActionPlayer] API call took 170 ms (model=OPENROUTER size=LARGE)
[LLMActionPlayer] API call took 228 ms (model=OPENROUTER size=LARGE)
[LLMActionPlayer] API call took 180 ms (model=OPENROUTER size=LARGE)
[LLMActionPlayer] API call took 171 ms (model=OPENROUTER size=LARGE)
[LLMActionPlayer] API call took 169 ms (model=OPENROUTER size=LARGE)
[LLMActionPlayer] API call took 277 ms (model=OPENROUTER size=LARGE)
[LLMActionPlayer] API call took 235 ms (model=OPENROUTER size=LARGE)
[LLMActionPlayer] API call took 270 ms (model=OPENROUTER size=LARGE)
[LLMActionPlayer] API call took 215 ms (model=OPENROUTER size=LARGE)
[LOSE_GAME,WIN_GAME,LOSE_GAME,LOSE_GAME]
[Poker_4P_1,Poker_4P_2,Poker_4P_3,PhaseBasedEnsemblePlayer]
[LLMActionPlayer] API call took 221 ms (model=OPENROUTER size=LARGE)
[LLMActionPlayer] API call took 246 ms (model=OPENROUTER size=LARGE)
[LLMActionPlayer] API call took 226 ms (model=OPENROUTER size=LARGE)
[LOSE_GAME,LOSE_GAME,WIN_GAME,LOSE_GAME]
[LLMActionPlayer] API call took 196 ms (model=OPENROUTER size=LARGE)
[LLMActionPlayer] API call took 341 ms (model=OPENROUTER size=LARGE)
[LLMActionPlayer] API call took 185 ms (model=OPENROUTER size=LARGE)
[LLMActionPlayer] API call took 234 ms (model=OPENROUTER size=LARGE)
[LOSE_GAME,WIN_GAME,LOSE_GAME,LOSE_GAME]
[LLMActionPlayer] API call took 415 ms (model=OPENROUTER size=LARGE)
[LLMActionPlayer] API call took 127 ms (model=OPENROUTER size=LARGE)
[LLMActionPlayer] API call took 744 ms (model=OPENROUTER size=LARGE)
[LLMActionPlayer] API call took 183 ms (model=OPENROUTER size=LARGE)
[LLMActionPlayer] API call took 198 ms (model=OPENROUTER size=LARGE)
[LLMActionPlayer] API call took 212 ms (model=OPENROUTER size=LARGE)
[LLMActionPlayer] API call took 241 ms (model=OPENROUTER size=LARGE)
[LLMActionPlayer] API call took 306 ms (model=OPENROUTER size=LARGE)
[LLMActionPlayer] API call took 261 ms (model=OPENROUTER size=LARGE)
[LLMActionPlayer] API call took 353 ms (model=OPENROUTER size=LARGE)
[LLMActionPlayer] API call took 244 ms (model=OPENROUTER size=LARGE)
[LLMActionPlayer] API call took 145 ms (model=OPENROUTER size=LARGE)
[LLMActionPlayer] API call took 278 ms (model=OPENROUTER size=LARGE)
[LOSE_GAME,LOSE_GAME,WIN_GAME,LOSE_GAME]
[LLMActionPlayer] API call took 253 ms (model=OPENROUTER size=LARGE)
[LLMActionPlayer] API call took 218 ms (model=OPENROUTER size=LARGE)
[LLMActionPlayer] API call took 203 ms (model=OPENROUTER size=LARGE)
[LLMActionPlayer] API call took 230 ms (model=OPENROUTER size=LARGE)
[LLMActionPlayer] API call took 209 ms (model=OPENROUTER size=LARGE)
[LLMActionPlayer] API call took 502 ms (model=OPENROUTER size=LARGE)
[LLMActionPlayer] API call took 293 ms (model=OPENROUTER size=LARGE)
[LLMActionPlayer] API call took 222 ms (model=OPENROUTER size=LARGE)
[LLMActionPlayer] API call took 216 ms (model=OPENROUTER size=LARGE)
[LLMActionPlayer] API call took 243 ms (model=OPENROUTER size=LARGE)
[LLMActionPlayer] API call took 458 ms (model=OPENROUTER size=LARGE)
[LLMActionPlayer] API call took 209 ms (model=OPENROUTER size=LARGE)
[LLMActionPlayer] API call took 329 ms (model=OPENROUTER size=LARGE)
[LLMActionPlayer] API call took 193 ms (model=OPENROUTER size=LARGE)
[LLMActionPlayer] API call took 174 ms (model=OPENROUTER size=LARGE)
[LOSE_GAME,LOSE_GAME,LOSE_GAME,WIN_GAME]
[LLMActionPlayer] API call took 250 ms (model=OPENROUTER size=LARGE)
[LLMActionPlayer] API call took 192 ms (model=OPENROUTER size=LARGE)
[LLMActionPlayer] API call took 493 ms (model=OPENROUTER size=LARGE)
[LLMActionPlayer] API call took 911 ms (model=OPENROUTER size=LARGE)
[LOSE_GAME,WIN_GAME,LOSE_GAME,LOSE_GAME]
[LLMActionPlayer] API call took 503 ms (model=OPENROUTER size=LARGE)
[LLMActionPlayer] API call took 251 ms (model=OPENROUTER size=LARGE)
[LLMActionPlayer] API call took 255 ms (model=OPENROUTER size=LARGE)
[LOSE_GAME,LOSE_GAME,WIN_GAME,LOSE_GAME]
[LLMActionPlayer] API call took 207 ms (model=OPENROUTER size=LARGE)
[LLMActionPlayer] API call took 221 ms (model=OPENROUTER size=LARGE)
[LLMActionPlayer] API call took 191 ms (model=OPENROUTER size=LARGE)
[LOSE_GAME,WIN_GAME,LOSE_GAME,LOSE_GAME]
[LLMActionPlayer] API call took 285 ms (model=OPENROUTER size=LARGE)
[LLMActionPlayer] API call took 254 ms (model=OPENROUTER size=LARGE)
[LLMActionPlayer] API call took 197 ms (model=OPENROUTER size=LARGE)
[LLMActionPlayer] API call took 461 ms (model=OPENROUTER size=LARGE)
[LLMActionPlayer] API call took 197 ms (model=OPENROUTER size=LARGE)
[LLMActionPlayer] API call took 376 ms (model=OPENROUTER size=LARGE)
[LLMActionPlayer] API call took 495 ms (model=OPENROUTER size=LARGE)
[LLMActionPlayer] API call took 195 ms (model=OPENROUTER size=LARGE)
[LLMActionPlayer] API call took 380 ms (model=OPENROUTER size=LARGE)
[LLMActionPlayer] API call took 253 ms (model=OPENROUTER size=LARGE)
[LLMActionPlayer] API call took 190 ms (model=OPENROUTER size=LARGE)
[LLMActionPlayer] API call took 836 ms (model=OPENROUTER size=LARGE)
[LLMActionPlayer] API call took 282 ms (model=OPENROUTER size=LARGE)
[LLMActionPlayer] API call took 1266 ms (model=OPENROUTER size=LARGE)
[LLMActionPlayer] API call took 201 ms (model=OPENROUTER size=LARGE)
[LOSE_GAME,WIN_GAME,LOSE_GAME,LOSE_GAME]
[Poker_4P_1,Poker_4P_2,PhaseBasedEnsemblePlayer,Poker_4P_3]
[LLMActionPlayer] API call took 220 ms (model=OPENROUTER size=LARGE)
[LLMActionPlayer] API call took 404 ms (model=OPENROUTER size=LARGE)
[LLMActionPlayer] API call took 654 ms (model=OPENROUTER size=LARGE)
[LLMActionPlayer] API call took 217 ms (model=OPENROUTER size=LARGE)
[LLMActionPlayer] API call took 213 ms (model=OPENROUTER size=LARGE)
[LLMActionPlayer] API call took 171 ms (model=OPENROUTER size=LARGE)
[LLMActionPlayer] API call took 296 ms (model=OPENROUTER size=LARGE)
[LLMActionPlayer] API call took 296 ms (model=OPENROUTER size=LARGE)
[LLMActionPlayer] API call took 194 ms (model=OPENROUTER size=LARGE)
[LLMActionPlayer] API call took 216 ms (model=OPENROUTER size=LARGE)
[LLMActionPlayer] API call took 431 ms (model=OPENROUTER size=LARGE)
[LLMActionPlayer] API call took 237 ms (model=OPENROUTER size=LARGE)
[LLMActionPlayer] API call took 192 ms (model=OPENROUTER size=LARGE)
[LLMActionPlayer] API call took 216 ms (model=OPENROUTER size=LARGE)
[LOSE_GAME,WIN_GAME,LOSE_GAME,LOSE_GAME]
[LLMActionPlayer] API call took 240 ms (model=OPENROUTER size=LARGE)
[LLMActionPlayer] API call took 273 ms (model=OPENROUTER size=LARGE)
[LLMActionPlayer] API call took 190 ms (model=OPENROUTER size=LARGE)
[LLMActionPlayer] API call took 617 ms (model=OPENROUTER size=LARGE)
[LLMActionPlayer] API call took 432 ms (model=OPENROUTER size=LARGE)
[LOSE_GAME,LOSE_GAME,LOSE_GAME,WIN_GAME]
[LLMActionPlayer] API call took 204 ms (model=OPENROUTER size=LARGE)
[LLMActionPlayer] API call took 213 ms (model=OPENROUTER size=LARGE)
[LLMActionPlayer] API call took 448 ms (model=OPENROUTER size=LARGE)
[LLMActionPlayer] API call took 245 ms (model=OPENROUTER size=LARGE)
[LLMActionPlayer] API call took 205 ms (model=OPENROUTER size=LARGE)
[WIN_GAME,LOSE_GAME,LOSE_GAME,LOSE_GAME]
[LLMActionPlayer] API call took 213 ms (model=OPENROUTER size=LARGE)
[LLMActionPlayer] API call took 162 ms (model=OPENROUTER size=LARGE)
[LLMActionPlayer] API call took 170 ms (model=OPENROUTER size=LARGE)
[LOSE_GAME,LOSE_GAME,LOSE_GAME,WIN_GAME]
[LLMActionPlayer] API call took 439 ms (model=OPENROUTER size=LARGE)
[LLMActionPlayer] API call took 450 ms (model=OPENROUTER size=LARGE)
[LLMActionPlayer] API call took 156 ms (model=OPENROUTER size=LARGE)
[LLMActionPlayer] API call took 608 ms (model=OPENROUTER size=LARGE)
[LLMActionPlayer] API call took 202 ms (model=OPENROUTER size=LARGE)
[LLMActionPlayer] API call took 2647 ms (model=OPENROUTER size=LARGE)
[LLMActionPlayer] API call took 2947 ms (model=OPENROUTER size=LARGE)
[LLMActionPlayer] API call took 271 ms (model=OPENROUTER size=LARGE)
[LLMActionPlayer] API call took 245 ms (model=OPENROUTER size=LARGE)
[LOSE_GAME,WIN_GAME,LOSE_GAME,LOSE_GAME]
[LLMActionPlayer] API call took 182 ms (model=OPENROUTER size=LARGE)
[LLMActionPlayer] API call took 783 ms (model=OPENROUTER size=LARGE)
[LLMActionPlayer] API call took 211 ms (model=OPENROUTER size=LARGE)
[LLMActionPlayer] API call took 247 ms (model=OPENROUTER size=LARGE)
[LLMActionPlayer] API call took 2203 ms (model=OPENROUTER size=LARGE)
[LLMActionPlayer] API call took 700 ms (model=OPENROUTER size=LARGE)
[WIN_GAME,LOSE_GAME,LOSE_GAME,LOSE_GAME]
[LLMActionPlayer] API call took 223 ms (model=OPENROUTER size=LARGE)
[LLMActionPlayer] API call took 208 ms (model=OPENROUTER size=LARGE)
[LLMActionPlayer] API call took 212 ms (model=OPENROUTER size=LARGE)
[LLMActionPlayer] API call took 184 ms (model=OPENROUTER size=LARGE)
[LLMActionPlayer] API call took 518 ms (model=OPENROUTER size=LARGE)
[LLMActionPlayer] API call took 259 ms (model=OPENROUTER size=LARGE)
[LLMActionPlayer] API call took 193 ms (model=OPENROUTER size=LARGE)
[LLMActionPlayer] API call took 269 ms (model=OPENROUTER size=LARGE)
[LLMActionPlayer] API call took 178 ms (model=OPENROUTER size=LARGE)
[LLMActionPlayer] API call took 283 ms (model=OPENROUTER size=LARGE)
[LLMActionPlayer] API call took 223 ms (model=OPENROUTER size=LARGE)
[LLMActionPlayer] API call took 2273 ms (model=OPENROUTER size=LARGE)
[LLMActionPlayer] API call took 267 ms (model=OPENROUTER size=LARGE)
[LOSE_GAME,LOSE_GAME,LOSE_GAME,WIN_GAME]
[LLMActionPlayer] API call took 184 ms (model=OPENROUTER size=LARGE)
[LLMActionPlayer] API call took 209 ms (model=OPENROUTER size=LARGE)
[LLMActionPlayer] API call took 497 ms (model=OPENROUTER size=LARGE)
[LLMActionPlayer] API call took 245 ms (model=OPENROUTER size=LARGE)
[LLMActionPlayer] API call took 439 ms (model=OPENROUTER size=LARGE)
[LLMActionPlayer] API call took 255 ms (model=OPENROUTER size=LARGE)
[LLMActionPlayer] API call took 154 ms (model=OPENROUTER size=LARGE)
[LLMActionPlayer] API call took 158 ms (model=OPENROUTER size=LARGE)
[LLMActionPlayer] API call took 242 ms (model=OPENROUTER size=LARGE)
[LLMActionPlayer] API call took 206 ms (model=OPENROUTER size=LARGE)
[LLMActionPlayer] API call took 250 ms (model=OPENROUTER size=LARGE)
[LLMActionPlayer] API call took 332 ms (model=OPENROUTER size=LARGE)
[LLMActionPlayer] API call took 202 ms (model=OPENROUTER size=LARGE)
[LOSE_GAME,LOSE_GAME,LOSE_GAME,WIN_GAME]
[Poker_4P_1,PhaseBasedEnsemblePlayer,Poker_4P_3,Poker_4P_2]
[LLMActionPlayer] API call took 190 ms (model=OPENROUTER size=LARGE)
[LLMActionPlayer] API call took 254 ms (model=OPENROUTER size=LARGE)
[WIN_GAME,LOSE_GAME,LOSE_GAME,LOSE_GAME]
[LLMActionPlayer] API call took 284 ms (model=OPENROUTER size=LARGE)
[LLMActionPlayer] API call took 193 ms (model=OPENROUTER size=LARGE)
[LLMActionPlayer] API call took 201 ms (model=OPENROUTER size=LARGE)
[LLMActionPlayer] API call took 223 ms (model=OPENROUTER size=LARGE)
[LLMActionPlayer] API call took 271 ms (model=OPENROUTER size=LARGE)
[LOSE_GAME,LOSE_GAME,WIN_GAME,LOSE_GAME]
[LLMActionPlayer] API call took 228 ms (model=OPENROUTER size=LARGE)
[LLMActionPlayer] API call took 194 ms (model=OPENROUTER size=LARGE)
[LOSE_GAME,LOSE_GAME,LOSE_GAME,WIN_GAME]
[LLMActionPlayer] API call took 287 ms (model=OPENROUTER size=LARGE)
[LLMActionPlayer] API call took 214 ms (model=OPENROUTER size=LARGE)
[LLMActionPlayer] API call took 257 ms (model=OPENROUTER size=LARGE)
[LLMActionPlayer] API call took 171 ms (model=OPENROUTER size=LARGE)
[LOSE_GAME,LOSE_GAME,WIN_GAME,LOSE_GAME]
[LLMActionPlayer] API call took 1028 ms (model=OPENROUTER size=LARGE)
[LLMActionPlayer] API call took 200 ms (model=OPENROUTER size=LARGE)
[LLMActionPlayer] API call took 251 ms (model=OPENROUTER size=LARGE)
[LLMActionPlayer] API call took 169 ms (model=OPENROUTER size=LARGE)
[LLMActionPlayer] API call took 201 ms (model=OPENROUTER size=LARGE)
[LLMActionPlayer] API call took 351 ms (model=OPENROUTER size=LARGE)
[LLMActionPlayer] API call took 449 ms (model=OPENROUTER size=LARGE)
[LLMActionPlayer] API call took 179 ms (model=OPENROUTER size=LARGE)
[LOSE_GAME,LOSE_GAME,WIN_GAME,LOSE_GAME]
[LLMActionPlayer] API call took 157 ms (model=OPENROUTER size=LARGE)
[LLMActionPlayer] API call took 242 ms (model=OPENROUTER size=LARGE)
[LLMActionPlayer] API call took 177 ms (model=OPENROUTER size=LARGE)
[LLMActionPlayer] API call took 213 ms (model=OPENROUTER size=LARGE)
[LLMActionPlayer] API call took 215 ms (model=OPENROUTER size=LARGE)
[LLMActionPlayer] API call took 189 ms (model=OPENROUTER size=LARGE)
[WIN_GAME,LOSE_GAME,LOSE_GAME,LOSE_GAME]
[LLMActionPlayer] API call took 159 ms (model=OPENROUTER size=LARGE)
[LLMActionPlayer] API call took 905 ms (model=OPENROUTER size=LARGE)
[LLMActionPlayer] API call took 678 ms (model=OPENROUTER size=LARGE)
[LLMActionPlayer] API call took 239 ms (model=OPENROUTER size=LARGE)
[LLMActionPlayer] API call took 178 ms (model=OPENROUTER size=LARGE)
[LLMActionPlayer] API call took 314 ms (model=OPENROUTER size=LARGE)
[WIN_GAME,LOSE_GAME,LOSE_GAME,LOSE_GAME]
[LLMActionPlayer] API call took 253 ms (model=OPENROUTER size=LARGE)
[LLMActionPlayer] API call took 176 ms (model=OPENROUTER size=LARGE)
[LLMActionPlayer] API call took 160 ms (model=OPENROUTER size=LARGE)
[LLMActionPlayer] API call took 252 ms (model=OPENROUTER size=LARGE)
[LLMActionPlayer] API call took 1594 ms (model=OPENROUTER size=LARGE)
[LLMActionPlayer] API call took 186 ms (model=OPENROUTER size=LARGE)
[LOSE_GAME,LOSE_GAME,LOSE_GAME,WIN_GAME]
[Poker_4P_1,PhaseBasedEnsemblePlayer,Poker_4P_2,Poker_4P_3]
[LLMActionPlayer] API call took 206 ms (model=OPENROUTER size=LARGE)
[LLMActionPlayer] API call took 229 ms (model=OPENROUTER size=LARGE)
[LLMActionPlayer] API call took 196 ms (model=OPENROUTER size=LARGE)
[LLMActionPlayer] API call took 266 ms (model=OPENROUTER size=LARGE)
[WIN_GAME,LOSE_GAME,LOSE_GAME,LOSE_GAME]
[LLMActionPlayer] API call took 193 ms (model=OPENROUTER size=LARGE)
[LLMActionPlayer] API call took 696 ms (model=OPENROUTER size=LARGE)
[LLMActionPlayer] API call took 145 ms (model=OPENROUTER size=LARGE)
[LLMActionPlayer] API call took 190 ms (model=OPENROUTER size=LARGE)
[LLMActionPlayer] API call took 207 ms (model=OPENROUTER size=LARGE)
[LLMActionPlayer] API call took 158 ms (model=OPENROUTER size=LARGE)
[LLMActionPlayer] API call took 187 ms (model=OPENROUTER size=LARGE)
[LLMActionPlayer] API call took 258 ms (model=OPENROUTER size=LARGE)
[LLMActionPlayer] API call took 279 ms (model=OPENROUTER size=LARGE)
[LLMActionPlayer] API call took 186 ms (model=OPENROUTER size=LARGE)
[WIN_GAME,LOSE_GAME,LOSE_GAME,LOSE_GAME]
[LLMActionPlayer] API call took 185 ms (model=OPENROUTER size=LARGE)
[LLMActionPlayer] API call took 220 ms (model=OPENROUTER size=LARGE)
[LLMActionPlayer] API call took 197 ms (model=OPENROUTER size=LARGE)
[LOSE_GAME,LOSE_GAME,WIN_GAME,LOSE_GAME]
[LLMActionPlayer] API call took 253 ms (model=OPENROUTER size=LARGE)
[LLMActionPlayer] API call took 204 ms (model=OPENROUTER size=LARGE)
[LLMActionPlayer] API call took 213 ms (model=OPENROUTER size=LARGE)
[LLMActionPlayer] API call took 335 ms (model=OPENROUTER size=LARGE)
[LLMActionPlayer] API call took 170 ms (model=OPENROUTER size=LARGE)
[LLMActionPlayer] API call took 205 ms (model=OPENROUTER size=LARGE)
[LLMActionPlayer] API call took 690 ms (model=OPENROUTER size=LARGE)
[LLMActionPlayer] API call took 669 ms (model=OPENROUTER size=LARGE)
[LLMActionPlayer] API call took 245 ms (model=OPENROUTER size=LARGE)
[LLMActionPlayer] API call took 164 ms (model=OPENROUTER size=LARGE)
[LLMActionPlayer] API call took 891 ms (model=OPENROUTER size=LARGE)
[LLMActionPlayer] API call took 279 ms (model=OPENROUTER size=LARGE)
[LLMActionPlayer] API call took 390 ms (model=OPENROUTER size=LARGE)
[LLMActionPlayer] API call took 478 ms (model=OPENROUTER size=LARGE)
[WIN_GAME,LOSE_GAME,LOSE_GAME,LOSE_GAME]
[LLMActionPlayer] API call took 200 ms (model=OPENROUTER size=LARGE)
[LLMActionPlayer] API call took 172 ms (model=OPENROUTER size=LARGE)
[LLMActionPlayer] API call took 171 ms (model=OPENROUTER size=LARGE)
[LLMActionPlayer] API call took 210 ms (model=OPENROUTER size=LARGE)
[LLMActionPlayer] API call took 199 ms (model=OPENROUTER size=LARGE)
[LLMActionPlayer] API call took 229 ms (model=OPENROUTER size=LARGE)
[LLMActionPlayer] API call took 249 ms (model=OPENROUTER size=LARGE)
[LLMActionPlayer] API call took 146 ms (model=OPENROUTER size=LARGE)
[LOSE_GAME,LOSE_GAME,WIN_GAME,LOSE_GAME]
[LLMActionPlayer] API call took 156 ms (model=OPENROUTER size=LARGE)
[WIN_GAME,LOSE_GAME,LOSE_GAME,LOSE_GAME]
[LLMActionPlayer] API call took 242 ms (model=OPENROUTER size=LARGE)
[LLMActionPlayer] API call took 206 ms (model=OPENROUTER size=LARGE)
[LLMActionPlayer] API call took 216 ms (model=OPENROUTER size=LARGE)
[LLMActionPlayer] API call took 210 ms (model=OPENROUTER size=LARGE)
[LLMActionPlayer] API call took 249 ms (model=OPENROUTER size=LARGE)
[LLMActionPlayer] API call took 217 ms (model=OPENROUTER size=LARGE)
[LLMActionPlayer] API call took 141 ms (model=OPENROUTER size=LARGE)
[LLMActionPlayer] API call took 248 ms (model=OPENROUTER size=LARGE)
[LLMActionPlayer] API call took 284 ms (model=OPENROUTER size=LARGE)
[LOSE_GAME,LOSE_GAME,LOSE_GAME,WIN_GAME]
[LLMActionPlayer] API call took 183 ms (model=OPENROUTER size=LARGE)
[LLMActionPlayer] API call took 183 ms (model=OPENROUTER size=LARGE)
[LOSE_GAME,LOSE_GAME,LOSE_GAME,WIN_GAME]
[Poker_4P_3,Poker_4P_1,Poker_4P_2,PhaseBasedEnsemblePlayer]
[LLMActionPlayer] API call took 222 ms (model=OPENROUTER size=LARGE)
[LLMActionPlayer] API call took 210 ms (model=OPENROUTER size=LARGE)
[LLMActionPlayer] API call took 215 ms (model=OPENROUTER size=LARGE)
[LLMActionPlayer] API call took 228 ms (model=OPENROUTER size=LARGE)
[LLMActionPlayer] API call took 215 ms (model=OPENROUTER size=LARGE)
[LOSE_GAME,LOSE_GAME,WIN_GAME,LOSE_GAME]
[LLMActionPlayer] API call took 227 ms (model=OPENROUTER size=LARGE)
[LLMActionPlayer] API call took 468 ms (model=OPENROUTER size=LARGE)
[LLMActionPlayer] API call took 564 ms (model=OPENROUTER size=LARGE)
[LLMActionPlayer] API call took 193 ms (model=OPENROUTER size=LARGE)
[LLMActionPlayer] API call took 212 ms (model=OPENROUTER size=LARGE)
[LLMActionPlayer] API call took 207 ms (model=OPENROUTER size=LARGE)
[LLMActionPlayer] API call took 768 ms (model=OPENROUTER size=LARGE)
[LLMActionPlayer] API call took 209 ms (model=OPENROUTER size=LARGE)
[LLMActionPlayer] API call took 207 ms (model=OPENROUTER size=LARGE)
[LOSE_GAME,WIN_GAME,LOSE_GAME,LOSE_GAME]
[LLMActionPlayer] API call took 278 ms (model=OPENROUTER size=LARGE)
[LLMActionPlayer] API call took 218 ms (model=OPENROUTER size=LARGE)
[LLMActionPlayer] API call took 283 ms (model=OPENROUTER size=LARGE)
[LLMActionPlayer] API call took 233 ms (model=OPENROUTER size=LARGE)
[LLMActionPlayer] API call took 185 ms (model=OPENROUTER size=LARGE)
[LLMActionPlayer] API call took 305 ms (model=OPENROUTER size=LARGE)
[LLMActionPlayer] API call took 1192 ms (model=OPENROUTER size=LARGE)
[LLMActionPlayer] API call took 208 ms (model=OPENROUTER size=LARGE)
[LLMActionPlayer] API call took 179 ms (model=OPENROUTER size=LARGE)
[LLMActionPlayer] API call took 269 ms (model=OPENROUTER size=LARGE)
[LLMActionPlayer] API call took 385 ms (model=OPENROUTER size=LARGE)
[LLMActionPlayer] API call took 206 ms (model=OPENROUTER size=LARGE)
[LLMActionPlayer] API call took 218 ms (model=OPENROUTER size=LARGE)
[LOSE_GAME,LOSE_GAME,LOSE_GAME,WIN_GAME]
[LLMActionPlayer] API call took 176 ms (model=OPENROUTER size=LARGE)
[LLMActionPlayer] API call took 424 ms (model=OPENROUTER size=LARGE)
[LLMActionPlayer] API call took 288 ms (model=OPENROUTER size=LARGE)
[LLMActionPlayer] API call took 409 ms (model=OPENROUTER size=LARGE)
[LLMActionPlayer] API call took 235 ms (model=OPENROUTER size=LARGE)
[LOSE_GAME,LOSE_GAME,WIN_GAME,LOSE_GAME]
[LLMActionPlayer] API call took 197 ms (model=OPENROUTER size=LARGE)
[LLMActionPlayer] API call took 198 ms (model=OPENROUTER size=LARGE)
[LLMActionPlayer] API call took 189 ms (model=OPENROUTER size=LARGE)
[LLMActionPlayer] API call took 205 ms (model=OPENROUTER size=LARGE)
[LLMActionPlayer] API call took 152 ms (model=OPENROUTER size=LARGE)
[LLMActionPlayer] API call took 254 ms (model=OPENROUTER size=LARGE)
[LLMActionPlayer] API call took 181 ms (model=OPENROUTER size=LARGE)
[LLMActionPlayer] API call took 165 ms (model=OPENROUTER size=LARGE)
[LOSE_GAME,LOSE_GAME,WIN_GAME,LOSE_GAME]
[LLMActionPlayer] API call took 290 ms (model=OPENROUTER size=LARGE)
[LLMActionPlayer] API call took 227 ms (model=OPENROUTER size=LARGE)
[LLMActionPlayer] API call took 472 ms (model=OPENROUTER size=LARGE)
[LLMActionPlayer] API call took 282 ms (model=OPENROUTER size=LARGE)
[LLMActionPlayer] API call took 191 ms (model=OPENROUTER size=LARGE)
[WIN_GAME,LOSE_GAME,LOSE_GAME,LOSE_GAME]
[LLMActionPlayer] API call took 183 ms (model=OPENROUTER size=LARGE)
[LLMActionPlayer] API call took 199 ms (model=OPENROUTER size=LARGE)
[LLMActionPlayer] API call took 472 ms (model=OPENROUTER size=LARGE)
[LLMActionPlayer] API call took 195 ms (model=OPENROUTER size=LARGE)
[LLMActionPlayer] API call took 226 ms (model=OPENROUTER size=LARGE)
[LLMActionPlayer] API call took 3162 ms (model=OPENROUTER size=LARGE)
[LLMActionPlayer] API call took 157 ms (model=OPENROUTER size=LARGE)
[LLMActionPlayer] API call took 214 ms (model=OPENROUTER size=LARGE)
[LLMActionPlayer] API call took 495 ms (model=OPENROUTER size=LARGE)
[LLMActionPlayer] API call took 188 ms (model=OPENROUTER size=LARGE)
[LLMActionPlayer] API call took 535 ms (model=OPENROUTER size=LARGE)
[LOSE_GAME,WIN_GAME,LOSE_GAME,LOSE_GAME]
[LLMActionPlayer] API call took 387 ms (model=OPENROUTER size=LARGE)
[LLMActionPlayer] API call took 247 ms (model=OPENROUTER size=LARGE)
[LLMActionPlayer] API call took 465 ms (model=OPENROUTER size=LARGE)
[LOSE_GAME,WIN_GAME,LOSE_GAME,LOSE_GAME]
[Poker_4P_3,Poker_4P_1,PhaseBasedEnsemblePlayer,Poker_4P_2]
[LLMActionPlayer] API call took 210 ms (model=OPENROUTER size=LARGE)
[LLMActionPlayer] API call took 187 ms (model=OPENROUTER size=LARGE)
[LLMActionPlayer] API call took 212 ms (model=OPENROUTER size=LARGE)
[LLMActionPlayer] API call took 173 ms (model=OPENROUTER size=LARGE)
[LLMActionPlayer] API call took 213 ms (model=OPENROUTER size=LARGE)
[LLMActionPlayer] API call took 218 ms (model=OPENROUTER size=LARGE)
[LOSE_GAME,WIN_GAME,LOSE_GAME,LOSE_GAME]
[LLMActionPlayer] API call took 227 ms (model=OPENROUTER size=LARGE)
[LLMActionPlayer] API call took 274 ms (model=OPENROUTER size=LARGE)
[LLMActionPlayer] API call took 207 ms (model=OPENROUTER size=LARGE)
[LLMActionPlayer] API call took 197 ms (model=OPENROUTER size=LARGE)
[LLMActionPlayer] API call took 211 ms (model=OPENROUTER size=LARGE)
[LLMActionPlayer] API call took 244 ms (model=OPENROUTER size=LARGE)
[LLMActionPlayer] API call took 450 ms (model=OPENROUTER size=LARGE)
[LLMActionPlayer] API call took 175 ms (model=OPENROUTER size=LARGE)
[LLMActionPlayer] API call took 211 ms (model=OPENROUTER size=LARGE)
[LLMActionPlayer] API call took 223 ms (model=OPENROUTER size=LARGE)
[LLMActionPlayer] API call took 373 ms (model=OPENROUTER size=LARGE)
[LOSE_GAME,WIN_GAME,LOSE_GAME,LOSE_GAME]
[LLMActionPlayer] API call took 214 ms (model=OPENROUTER size=LARGE)
[LLMActionPlayer] API call took 197 ms (model=OPENROUTER size=LARGE)
[LOSE_GAME,LOSE_GAME,LOSE_GAME,WIN_GAME]
[LLMActionPlayer] API call took 274 ms (model=OPENROUTER size=LARGE)
[LLMActionPlayer] API call took 499 ms (model=OPENROUTER size=LARGE)
[LLMActionPlayer] API call took 487 ms (model=OPENROUTER size=LARGE)
[LLMActionPlayer] API call took 273 ms (model=OPENROUTER size=LARGE)
[LLMActionPlayer] API call took 639 ms (model=OPENROUTER size=LARGE)
[LLMActionPlayer] API call took 172 ms (model=OPENROUTER size=LARGE)
[LOSE_GAME,WIN_GAME,LOSE_GAME,LOSE_GAME]
[LLMActionPlayer] API call took 306 ms (model=OPENROUTER size=LARGE)
[LLMActionPlayer] API call took 174 ms (model=OPENROUTER size=LARGE)
[LLMActionPlayer] API call took 259 ms (model=OPENROUTER size=LARGE)
[LLMActionPlayer] API call took 206 ms (model=OPENROUTER size=LARGE)
[LLMActionPlayer] API call took 234 ms (model=OPENROUTER size=LARGE)
[LOSE_GAME,WIN_GAME,LOSE_GAME,LOSE_GAME]
[LLMActionPlayer] API call took 184 ms (model=OPENROUTER size=LARGE)
[LLMActionPlayer] API call took 235 ms (model=OPENROUTER size=LARGE)
[LLMActionPlayer] API call took 228 ms (model=OPENROUTER size=LARGE)
[LLMActionPlayer] API call took 237 ms (model=OPENROUTER size=LARGE)
[LLMActionPlayer] API call took 216 ms (model=OPENROUTER size=LARGE)
[WIN_GAME,LOSE_GAME,LOSE_GAME,LOSE_GAME]
[LLMActionPlayer] API call took 335 ms (model=OPENROUTER size=LARGE)
[LLMActionPlayer] API call took 182 ms (model=OPENROUTER size=LARGE)
[LLMActionPlayer] API call took 186 ms (model=OPENROUTER size=LARGE)
[LLMActionPlayer] API call took 202 ms (model=OPENROUTER size=LARGE)
[LLMActionPlayer] API call took 172 ms (model=OPENROUTER size=LARGE)
[LLMActionPlayer] API call took 228 ms (model=OPENROUTER size=LARGE)
[LLMActionPlayer] API call took 260 ms (model=OPENROUTER size=LARGE)
[LLMActionPlayer] API call took 519 ms (model=OPENROUTER size=LARGE)
[WIN_GAME,LOSE_GAME,LOSE_GAME,LOSE_GAME]
[LLMActionPlayer] API call took 160 ms (model=OPENROUTER size=LARGE)
[LLMActionPlayer] API call took 218 ms (model=OPENROUTER size=LARGE)
[LLMActionPlayer] API call took 196 ms (model=OPENROUTER size=LARGE)
[LLMActionPlayer] API call took 2346 ms (model=OPENROUTER size=LARGE)
[LLMActionPlayer] API call took 197 ms (model=OPENROUTER size=LARGE)
[LLMActionPlayer] API call took 229 ms (model=OPENROUTER size=LARGE)
[LOSE_GAME,WIN_GAME,LOSE_GAME,LOSE_GAME]
[Poker_4P_3,Poker_4P_2,Poker_4P_1,PhaseBasedEnsemblePlayer]
[LLMActionPlayer] API call took 254 ms (model=OPENROUTER size=LARGE)
[LLMActionPlayer] API call took 839 ms (model=OPENROUTER size=LARGE)
[LLMActionPlayer] API call took 321 ms (model=OPENROUTER size=LARGE)
[LLMActionPlayer] API call took 168 ms (model=OPENROUTER size=LARGE)
[LLMActionPlayer] API call took 203 ms (model=OPENROUTER size=LARGE)
[LOSE_GAME,LOSE_GAME,WIN_GAME,LOSE_GAME]
[LLMActionPlayer] API call took 339 ms (model=OPENROUTER size=LARGE)
[LLMActionPlayer] API call took 167 ms (model=OPENROUTER size=LARGE)
[LLMActionPlayer] API call took 525 ms (model=OPENROUTER size=LARGE)
[LLMActionPlayer] API call took 154 ms (model=OPENROUTER size=LARGE)
[LLMActionPlayer] API call took 193 ms (model=OPENROUTER size=LARGE)
[LLMActionPlayer] API call took 240 ms (model=OPENROUTER size=LARGE)
[LLMActionPlayer] API call took 233 ms (model=OPENROUTER size=LARGE)
[LLMActionPlayer] API call took 151 ms (model=OPENROUTER size=LARGE)
[LLMActionPlayer] API call took 727 ms (model=OPENROUTER size=LARGE)
[LOSE_GAME,WIN_GAME,LOSE_GAME,LOSE_GAME]
[LLMActionPlayer] API call took 145 ms (model=OPENROUTER size=LARGE)
[LLMActionPlayer] API call took 250 ms (model=OPENROUTER size=LARGE)
[LLMActionPlayer] API call took 292 ms (model=OPENROUTER size=LARGE)
[LLMActionPlayer] API call took 211 ms (model=OPENROUTER size=LARGE)
[LLMActionPlayer] API call took 195 ms (model=OPENROUTER size=LARGE)
[LLMActionPlayer] API call took 220 ms (model=OPENROUTER size=LARGE)
[LLMActionPlayer] API call took 164 ms (model=OPENROUTER size=LARGE)
[LLMActionPlayer] API call took 261 ms (model=OPENROUTER size=LARGE)
[LLMActionPlayer] API call took 213 ms (model=OPENROUTER size=LARGE)
[LOSE_GAME,LOSE_GAME,WIN_GAME,LOSE_GAME]
[LLMActionPlayer] API call took 167 ms (model=OPENROUTER size=LARGE)
[LLMActionPlayer] API call took 175 ms (model=OPENROUTER size=LARGE)
[LLMActionPlayer] API call took 296 ms (model=OPENROUTER size=LARGE)
[LLMActionPlayer] API call took 255 ms (model=OPENROUTER size=LARGE)
[LLMActionPlayer] API call took 207 ms (model=OPENROUTER size=LARGE)
[LLMActionPlayer] API call took 269 ms (model=OPENROUTER size=LARGE)
[LLMActionPlayer] API call took 348 ms (model=OPENROUTER size=LARGE)
[LLMActionPlayer] API call took 195 ms (model=OPENROUTER size=LARGE)
[LLMActionPlayer] API call took 235 ms (model=OPENROUTER size=LARGE)
[LLMActionPlayer] API call took 168 ms (model=OPENROUTER size=LARGE)
[LLMActionPlayer] API call took 189 ms (model=OPENROUTER size=LARGE)
[WIN_GAME,LOSE_GAME,LOSE_GAME,LOSE_GAME]
[LLMActionPlayer] API call took 180 ms (model=OPENROUTER size=LARGE)
[LLMActionPlayer] API call took 209 ms (model=OPENROUTER size=LARGE)
[LLMActionPlayer] API call took 181 ms (model=OPENROUTER size=LARGE)
[LLMActionPlayer] API call took 186 ms (model=OPENROUTER size=LARGE)
[LLMActionPlayer] API call took 170 ms (model=OPENROUTER size=LARGE)
[LLMActionPlayer] API call took 298 ms (model=OPENROUTER size=LARGE)
[LLMActionPlayer] API call took 172 ms (model=OPENROUTER size=LARGE)
[LLMActionPlayer] API call took 613 ms (model=OPENROUTER size=LARGE)
[LLMActionPlayer] API call took 301 ms (model=OPENROUTER size=LARGE)
[LOSE_GAME,LOSE_GAME,WIN_GAME,LOSE_GAME]
[LLMActionPlayer] API call took 162 ms (model=OPENROUTER size=LARGE)
[LLMActionPlayer] API call took 271 ms (model=OPENROUTER size=LARGE)
[LLMActionPlayer] API call took 265 ms (model=OPENROUTER size=LARGE)
[WIN_GAME,LOSE_GAME,LOSE_GAME,LOSE_GAME]
[LLMActionPlayer] API call took 161 ms (model=OPENROUTER size=LARGE)
[LLMActionPlayer] API call took 152 ms (model=OPENROUTER size=LARGE)
[LLMActionPlayer] API call took 204 ms (model=OPENROUTER size=LARGE)
[LLMActionPlayer] API call took 196 ms (model=OPENROUTER size=LARGE)
[LLMActionPlayer] API call took 204 ms (model=OPENROUTER size=LARGE)
[LLMActionPlayer] API call took 225 ms (model=OPENROUTER size=LARGE)
[LLMActionPlayer] API call took 511 ms (model=OPENROUTER size=LARGE)
[LLMActionPlayer] API call took 197 ms (model=OPENROUTER size=LARGE)
[LLMActionPlayer] API call took 252 ms (model=OPENROUTER size=LARGE)
[LOSE_GAME,WIN_GAME,LOSE_GAME,LOSE_GAME]
[LLMActionPlayer] API call took 203 ms (model=OPENROUTER size=LARGE)
[LLMActionPlayer] API call took 157 ms (model=OPENROUTER size=LARGE)
[LLMActionPlayer] API call took 785 ms (model=OPENROUTER size=LARGE)
[LLMActionPlayer] API call took 780 ms (model=OPENROUTER size=LARGE)
[LLMActionPlayer] API call took 212 ms (model=OPENROUTER size=LARGE)
[LLMActionPlayer] API call took 199 ms (model=OPENROUTER size=LARGE)
[LLMActionPlayer] API call took 712 ms (model=OPENROUTER size=LARGE)
[LLMActionPlayer] API call took 197 ms (model=OPENROUTER size=LARGE)
[LLMActionPlayer] API call took 171 ms (model=OPENROUTER size=LARGE)
[LLMActionPlayer] API call took 701 ms (model=OPENROUTER size=LARGE)
[LLMActionPlayer] API call took 228 ms (model=OPENROUTER size=LARGE)
[LLMActionPlayer] API call took 426 ms (model=OPENROUTER size=LARGE)
[LOSE_GAME,WIN_GAME,LOSE_GAME,LOSE_GAME]
[Poker_4P_3,Poker_4P_2,PhaseBasedEnsemblePlayer,Poker_4P_1]
[LLMActionPlayer] API call took 291 ms (model=OPENROUTER size=LARGE)
[LLMActionPlayer] API call took 1195 ms (model=OPENROUTER size=LARGE)
[LLMActionPlayer] API call took 286 ms (model=OPENROUTER size=LARGE)
[LLMActionPlayer] API call took 575 ms (model=OPENROUTER size=LARGE)
[LLMActionPlayer] API call took 226 ms (model=OPENROUTER size=LARGE)
[LLMActionPlayer] API call took 212 ms (model=OPENROUTER size=LARGE)
[LLMActionPlayer] API call took 210 ms (model=OPENROUTER size=LARGE)
[LLMActionPlayer] API call took 327 ms (model=OPENROUTER size=LARGE)
[LLMActionPlayer] API call took 183 ms (model=OPENROUTER size=LARGE)
[LLMActionPlayer] API call took 250 ms (model=OPENROUTER size=LARGE)
[LLMActionPlayer] API call took 520 ms (model=OPENROUTER size=LARGE)
[LLMActionPlayer] API call took 224 ms (model=OPENROUTER size=LARGE)
[LLMActionPlayer] API call took 218 ms (model=OPENROUTER size=LARGE)
[LLMActionPlayer] API call took 174 ms (model=OPENROUTER size=LARGE)
[LLMActionPlayer] API call took 224 ms (model=OPENROUTER size=LARGE)
[LOSE_GAME,LOSE_GAME,WIN_GAME,LOSE_GAME]
[LLMActionPlayer] API call took 211 ms (model=OPENROUTER size=LARGE)
[LLMActionPlayer] API call took 725 ms (model=OPENROUTER size=LARGE)
[LLMActionPlayer] API call took 698 ms (model=OPENROUTER size=LARGE)
[LLMActionPlayer] API call took 431 ms (model=OPENROUTER size=LARGE)
[LLMActionPlayer] API call took 190 ms (model=OPENROUTER size=LARGE)
[LLMActionPlayer] API call took 157 ms (model=OPENROUTER size=LARGE)
[LLMActionPlayer] API call took 205 ms (model=OPENROUTER size=LARGE)
[LOSE_GAME,WIN_GAME,LOSE_GAME,LOSE_GAME]
[LLMActionPlayer] API call took 537 ms (model=OPENROUTER size=LARGE)
[LLMActionPlayer] API call took 234 ms (model=OPENROUTER size=LARGE)
[LLMActionPlayer] API call took 1482 ms (model=OPENROUTER size=LARGE)
[LLMActionPlayer] API call took 175 ms (model=OPENROUTER size=LARGE)
[LLMActionPlayer] API call took 174 ms (model=OPENROUTER size=LARGE)
[LLMActionPlayer] API call took 219 ms (model=OPENROUTER size=LARGE)
[WIN_GAME,LOSE_GAME,LOSE_GAME,LOSE_GAME]
[LLMActionPlayer] API call took 212 ms (model=OPENROUTER size=LARGE)
[LLMActionPlayer] API call took 209 ms (model=OPENROUTER size=LARGE)
[LLMActionPlayer] API call took 225 ms (model=OPENROUTER size=LARGE)
[LOSE_GAME,WIN_GAME,LOSE_GAME,LOSE_GAME]
[LLMActionPlayer] API call took 213 ms (model=OPENROUTER size=LARGE)
[LLMActionPlayer] API call took 176 ms (model=OPENROUTER size=LARGE)
[LLMActionPlayer] API call took 1753 ms (model=OPENROUTER size=LARGE)
[LLMActionPlayer] API call took 188 ms (model=OPENROUTER size=LARGE)
[LLMActionPlayer] API call took 159 ms (model=OPENROUTER size=LARGE)
[LOSE_GAME,WIN_GAME,LOSE_GAME,LOSE_GAME]
[LLMActionPlayer] API call took 237 ms (model=OPENROUTER size=LARGE)
[LLMActionPlayer] API call took 234 ms (model=OPENROUTER size=LARGE)
[LLMActionPlayer] API call took 257 ms (model=OPENROUTER size=LARGE)
[LLMActionPlayer] API call took 206 ms (model=OPENROUTER size=LARGE)
[LLMActionPlayer] API call took 690 ms (model=OPENROUTER size=LARGE)
[LLMActionPlayer] API call took 177 ms (model=OPENROUTER size=LARGE)
[LLMActionPlayer] API call took 253 ms (model=OPENROUTER size=LARGE)
[LLMActionPlayer] API call took 381 ms (model=OPENROUTER size=LARGE)
[LLMActionPlayer] API call took 256 ms (model=OPENROUTER size=LARGE)
[LLMActionPlayer] API call took 157 ms (model=OPENROUTER size=LARGE)
[LLMActionPlayer] API call took 401 ms (model=OPENROUTER size=LARGE)
[LLMActionPlayer] API call took 239 ms (model=OPENROUTER size=LARGE)
[LLMActionPlayer] API call took 247 ms (model=OPENROUTER size=LARGE)
[LLMActionPlayer] API call took 196 ms (model=OPENROUTER size=LARGE)
[LLMActionPlayer] API call took 407 ms (model=OPENROUTER size=LARGE)
[LLMActionPlayer] API call took 162 ms (model=OPENROUTER size=LARGE)
[LLMActionPlayer] API call took 214 ms (model=OPENROUTER size=LARGE)
[WIN_GAME,LOSE_GAME,LOSE_GAME,LOSE_GAME]
[LLMActionPlayer] API call took 219 ms (model=OPENROUTER size=LARGE)
[LLMActionPlayer] API call took 259 ms (model=OPENROUTER size=LARGE)
[LLMActionPlayer] API call took 588 ms (model=OPENROUTER size=LARGE)
[LLMActionPlayer] API call took 425 ms (model=OPENROUTER size=LARGE)
[LLMActionPlayer] API call took 234 ms (model=OPENROUTER size=LARGE)
[LLMActionPlayer] API call took 171 ms (model=OPENROUTER size=LARGE)
[LLMActionPlayer] API call took 170 ms (model=OPENROUTER size=LARGE)
[LLMActionPlayer] API call took 177 ms (model=OPENROUTER size=LARGE)
[LLMActionPlayer] API call took 344 ms (model=OPENROUTER size=LARGE)
[LLMActionPlayer] API call took 334 ms (model=OPENROUTER size=LARGE)
[LLMActionPlayer] API call took 183 ms (model=OPENROUTER size=LARGE)
[LOSE_GAME,WIN_GAME,LOSE_GAME,LOSE_GAME]
[LLMActionPlayer] API call took 181 ms (model=OPENROUTER size=LARGE)
[LLMActionPlayer] API call took 738 ms (model=OPENROUTER size=LARGE)
[LLMActionPlayer] API call took 193 ms (model=OPENROUTER size=LARGE)
[LLMActionPlayer] API call took 239 ms (model=OPENROUTER size=LARGE)
[LLMActionPlayer] API call took 533 ms (model=OPENROUTER size=LARGE)
[LLMActionPlayer] API call took 213 ms (model=OPENROUTER size=LARGE)
[LLMActionPlayer] API call took 255 ms (model=OPENROUTER size=LARGE)
[LLMActionPlayer] API call took 179 ms (model=OPENROUTER size=LARGE)
[LOSE_GAME,WIN_GAME,LOSE_GAME,LOSE_GAME]
[Poker_4P_3,PhaseBasedEnsemblePlayer,Poker_4P_1,Poker_4P_2]
[LLMActionPlayer] API call took 236 ms (model=OPENROUTER size=LARGE)
[LLMActionPlayer] API call took 231 ms (model=OPENROUTER size=LARGE)
[LLMActionPlayer] API call took 498 ms (model=OPENROUTER size=LARGE)
[LLMActionPlayer] API call took 180 ms (model=OPENROUTER size=LARGE)
[LLMActionPlayer] API call took 351 ms (model=OPENROUTER size=LARGE)
[WIN_GAME,LOSE_GAME,LOSE_GAME,LOSE_GAME]
[LLMActionPlayer] API call took 376 ms (model=OPENROUTER size=LARGE)
[LLMActionPlayer] API call took 218 ms (model=OPENROUTER size=LARGE)
[LLMActionPlayer] API call took 167 ms (model=OPENROUTER size=LARGE)
[LLMActionPlayer] API call took 194 ms (model=OPENROUTER size=LARGE)
[LLMActionPlayer] API call took 224 ms (model=OPENROUTER size=LARGE)
[LLMActionPlayer] API call took 394 ms (model=OPENROUTER size=LARGE)
[LOSE_GAME,LOSE_GAME,WIN_GAME,LOSE_GAME]
[LLMActionPlayer] API call took 366 ms (model=OPENROUTER size=LARGE)
[LLMActionPlayer] API call took 186 ms (model=OPENROUTER size=LARGE)
[LLMActionPlayer] API call took 186 ms (model=OPENROUTER size=LARGE)
[LLMActionPlayer] API call took 205 ms (model=OPENROUTER size=LARGE)
[LOSE_GAME,LOSE_GAME,WIN_GAME,LOSE_GAME]
[LLMActionPlayer] API call took 269 ms (model=OPENROUTER size=LARGE)
[LLMActionPlayer] API call took 235 ms (model=OPENROUTER size=LARGE)
[LLMActionPlayer] API call took 196 ms (model=OPENROUTER size=LARGE)
[LLMActionPlayer] API call took 404 ms (model=OPENROUTER size=LARGE)
[LLMActionPlayer] API call took 178 ms (model=OPENROUTER size=LARGE)
[LLMActionPlayer] API call took 157 ms (model=OPENROUTER size=LARGE)
[LLMActionPlayer] API call took 224 ms (model=OPENROUTER size=LARGE)
[WIN_GAME,LOSE_GAME,LOSE_GAME,LOSE_GAME]
[LLMActionPlayer] API call took 213 ms (model=OPENROUTER size=LARGE)
[LLMActionPlayer] API call took 252 ms (model=OPENROUTER size=LARGE)
[LLMActionPlayer] API call took 226 ms (model=OPENROUTER size=LARGE)
[LLMActionPlayer] API call took 328 ms (model=OPENROUTER size=LARGE)
[LLMActionPlayer] API call took 192 ms (model=OPENROUTER size=LARGE)
[LLMActionPlayer] API call took 618 ms (model=OPENROUTER size=LARGE)
[LLMActionPlayer] API call took 295 ms (model=OPENROUTER size=LARGE)
[LOSE_GAME,LOSE_GAME,LOSE_GAME,WIN_GAME]
[LLMActionPlayer] API call took 335 ms (model=OPENROUTER size=LARGE)
[LLMActionPlayer] API call took 195 ms (model=OPENROUTER size=LARGE)
[LLMActionPlayer] API call took 159 ms (model=OPENROUTER size=LARGE)
[LLMActionPlayer] API call took 292 ms (model=OPENROUTER size=LARGE)
[LLMActionPlayer] API call took 237 ms (model=OPENROUTER size=LARGE)
[LLMActionPlayer] API call took 163 ms (model=OPENROUTER size=LARGE)
[LLMActionPlayer] API call took 190 ms (model=OPENROUTER size=LARGE)
[LLMActionPlayer] API call took 404 ms (model=OPENROUTER size=LARGE)
[LLMActionPlayer] API call took 248 ms (model=OPENROUTER size=LARGE)
[LLMActionPlayer] API call took 171 ms (model=OPENROUTER size=LARGE)
[LLMActionPlayer] API call took 167 ms (model=OPENROUTER size=LARGE)
[LLMActionPlayer] API call took 244 ms (model=OPENROUTER size=LARGE)
[LLMActionPlayer] API call took 238 ms (model=OPENROUTER size=LARGE)
[LLMActionPlayer] API call took 192 ms (model=OPENROUTER size=LARGE)
[LLMActionPlayer] API call took 204 ms (model=OPENROUTER size=LARGE)
[LLMActionPlayer] API call took 266 ms (model=OPENROUTER size=LARGE)
[WIN_GAME,LOSE_GAME,LOSE_GAME,LOSE_GAME]
[LLMActionPlayer] API call took 222 ms (model=OPENROUTER size=LARGE)
[LLMActionPlayer] API call took 254 ms (model=OPENROUTER size=LARGE)
[LLMActionPlayer] API call took 209 ms (model=OPENROUTER size=LARGE)
[LLMActionPlayer] API call took 371 ms (model=OPENROUTER size=LARGE)
[LLMActionPlayer] API call took 166 ms (model=OPENROUTER size=LARGE)
[LLMActionPlayer] API call took 362 ms (model=OPENROUTER size=LARGE)
[LLMActionPlayer] API call took 219 ms (model=OPENROUTER size=LARGE)
[LLMActionPlayer] API call took 207 ms (model=OPENROUTER size=LARGE)
[LOSE_GAME,LOSE_GAME,LOSE_GAME,WIN_GAME]
[LLMActionPlayer] API call took 709 ms (model=OPENROUTER size=LARGE)
[LLMActionPlayer] API call took 213 ms (model=OPENROUTER size=LARGE)
[LLMActionPlayer] API call took 224 ms (model=OPENROUTER size=LARGE)
[LOSE_GAME,LOSE_GAME,LOSE_GAME,WIN_GAME]
[Poker_4P_3,PhaseBasedEnsemblePlayer,Poker_4P_2,Poker_4P_1]
[LLMActionPlayer] API call took 226 ms (model=OPENROUTER size=LARGE)
[LLMActionPlayer] API call took 528 ms (model=OPENROUTER size=LARGE)
[LLMActionPlayer] API call took 185 ms (model=OPENROUTER size=LARGE)
[LLMActionPlayer] API call took 203 ms (model=OPENROUTER size=LARGE)
[LLMActionPlayer] API call took 241 ms (model=OPENROUTER size=LARGE)
[LLMActionPlayer] API call took 174 ms (model=OPENROUTER size=LARGE)
[LLMActionPlayer] API call took 299 ms (model=OPENROUTER size=LARGE)
[LLMActionPlayer] API call took 142 ms (model=OPENROUTER size=LARGE)
[LLMActionPlayer] API call took 135 ms (model=OPENROUTER size=LARGE)
[LLMActionPlayer] API call took 220 ms (model=OPENROUTER size=LARGE)
[LLMActionPlayer] API call took 212 ms (model=OPENROUTER size=LARGE)
[LLMActionPlayer] API call took 172 ms (model=OPENROUTER size=LARGE)
[LLMActionPlayer] API call took 180 ms (model=OPENROUTER size=LARGE)
[WIN_GAME,LOSE_GAME,LOSE_GAME,LOSE_GAME]
[LLMActionPlayer] API call took 148 ms (model=OPENROUTER size=LARGE)
[LLMActionPlayer] API call took 736 ms (model=OPENROUTER size=LARGE)
[LLMActionPlayer] API call took 206 ms (model=OPENROUTER size=LARGE)
[LLMActionPlayer] API call took 233 ms (model=OPENROUTER size=LARGE)
[LLMActionPlayer] API call took 300 ms (model=OPENROUTER size=LARGE)
[LLMActionPlayer] API call took 210 ms (model=OPENROUTER size=LARGE)
[LLMActionPlayer] API call took 144 ms (model=OPENROUTER size=LARGE)
[LLMActionPlayer] API call took 419 ms (model=OPENROUTER size=LARGE)
[LOSE_GAME,WIN_GAME,LOSE_GAME,LOSE_GAME]
[LLMActionPlayer] API call took 179 ms (model=OPENROUTER size=LARGE)
[LLMActionPlayer] API call took 192 ms (model=OPENROUTER size=LARGE)
[LLMActionPlayer] API call took 220 ms (model=OPENROUTER size=LARGE)
[LOSE_GAME,LOSE_GAME,LOSE_GAME,WIN_GAME]
[LLMActionPlayer] API call took 226 ms (model=OPENROUTER size=LARGE)
[LLMActionPlayer] API call took 229 ms (model=OPENROUTER size=LARGE)
[LLMActionPlayer] API call took 224 ms (model=OPENROUTER size=LARGE)
[LLMActionPlayer] API call took 203 ms (model=OPENROUTER size=LARGE)
[LLMActionPlayer] API call took 183 ms (model=OPENROUTER size=LARGE)
[LLMActionPlayer] API call took 224 ms (model=OPENROUTER size=LARGE)
[LLMActionPlayer] API call took 190 ms (model=OPENROUTER size=LARGE)
[LOSE_GAME,LOSE_GAME,WIN_GAME,LOSE_GAME]
[LLMActionPlayer] API call took 207 ms (model=OPENROUTER size=LARGE)
[LLMActionPlayer] API call took 531 ms (model=OPENROUTER size=LARGE)
[LLMActionPlayer] API call took 189 ms (model=OPENROUTER size=LARGE)
[LLMActionPlayer] API call took 206 ms (model=OPENROUTER size=LARGE)
[LLMActionPlayer] API call took 335 ms (model=OPENROUTER size=LARGE)
[LLMActionPlayer] API call took 319 ms (model=OPENROUTER size=LARGE)
[LLMActionPlayer] API call took 306 ms (model=OPENROUTER size=LARGE)
[LOSE_GAME,LOSE_GAME,WIN_GAME,LOSE_GAME]
[LLMActionPlayer] API call took 177 ms (model=OPENROUTER size=LARGE)
[LLMActionPlayer] API call took 225 ms (model=OPENROUTER size=LARGE)
[LLMActionPlayer] API call took 317 ms (model=OPENROUTER size=LARGE)
[LLMActionPlayer] API call took 229 ms (model=OPENROUTER size=LARGE)
[LLMActionPlayer] API call took 199 ms (model=OPENROUTER size=LARGE)
[LLMActionPlayer] API call took 368 ms (model=OPENROUTER size=LARGE)
[LLMActionPlayer] API call took 216 ms (model=OPENROUTER size=LARGE)
[LLMActionPlayer] API call took 190 ms (model=OPENROUTER size=LARGE)
[LLMActionPlayer] API call took 237 ms (model=OPENROUTER size=LARGE)
[LLMActionPlayer] API call took 272 ms (model=OPENROUTER size=LARGE)
[LLMActionPlayer] API call took 588 ms (model=OPENROUTER size=LARGE)
[WIN_GAME,LOSE_GAME,LOSE_GAME,LOSE_GAME]
[LLMActionPlayer] API call took 208 ms (model=OPENROUTER size=LARGE)
[LLMActionPlayer] API call took 163 ms (model=OPENROUTER size=LARGE)
[LLMActionPlayer] API call took 281 ms (model=OPENROUTER size=LARGE)
[LLMActionPlayer] API call took 245 ms (model=OPENROUTER size=LARGE)
[WIN_GAME,LOSE_GAME,LOSE_GAME,LOSE_GAME]
[LLMActionPlayer] API call took 202 ms (model=OPENROUTER size=LARGE)
[LLMActionPlayer] API call took 161 ms (model=OPENROUTER size=LARGE)
[LLMActionPlayer] API call took 197 ms (model=OPENROUTER size=LARGE)
[LOSE_GAME,LOSE_GAME,LOSE_GAME,WIN_GAME]
[Poker_4P_2,Poker_4P_1,Poker_4P_3,PhaseBasedEnsemblePlayer]
[LLMActionPlayer] API call took 388 ms (model=OPENROUTER size=LARGE)
[LLMActionPlayer] API call took 219 ms (model=OPENROUTER size=LARGE)
[LLMActionPlayer] API call took 176 ms (model=OPENROUTER size=LARGE)
[LLMActionPlayer] API call took 225 ms (model=OPENROUTER size=LARGE)
[LLMActionPlayer] API call took 171 ms (model=OPENROUTER size=LARGE)
[LOSE_GAME,LOSE_GAME,WIN_GAME,LOSE_GAME]
[LLMActionPlayer] API call took 172 ms (model=OPENROUTER size=LARGE)
[LLMActionPlayer] API call took 185 ms (model=OPENROUTER size=LARGE)
[LLMActionPlayer] API call took 154 ms (model=OPENROUTER size=LARGE)
[LLMActionPlayer] API call took 235 ms (model=OPENROUTER size=LARGE)
[LLMActionPlayer] API call took 178 ms (model=OPENROUTER size=LARGE)
[LLMActionPlayer] API call took 245 ms (model=OPENROUTER size=LARGE)
[LLMActionPlayer] API call took 184 ms (model=OPENROUTER size=LARGE)
[LLMActionPlayer] API call took 195 ms (model=OPENROUTER size=LARGE)
[LLMActionPlayer] API call took 203 ms (model=OPENROUTER size=LARGE)
[LLMActionPlayer] API call took 187 ms (model=OPENROUTER size=LARGE)
[LOSE_GAME,WIN_GAME,LOSE_GAME,LOSE_GAME]
[LLMActionPlayer] API call took 185 ms (model=OPENROUTER size=LARGE)
[LLMActionPlayer] API call took 670 ms (model=OPENROUTER size=LARGE)
[LLMActionPlayer] API call took 477 ms (model=OPENROUTER size=LARGE)
[LLMActionPlayer] API call took 183 ms (model=OPENROUTER size=LARGE)
[LLMActionPlayer] API call took 244 ms (model=OPENROUTER size=LARGE)
[LLMActionPlayer] API call took 207 ms (model=OPENROUTER size=LARGE)
[LLMActionPlayer] API call took 430 ms (model=OPENROUTER size=LARGE)
[LLMActionPlayer] API call took 191 ms (model=OPENROUTER size=LARGE)
[LLMActionPlayer] API call took 259 ms (model=OPENROUTER size=LARGE)
[LLMActionPlayer] API call took 219 ms (model=OPENROUTER size=LARGE)
[LOSE_GAME,LOSE_GAME,WIN_GAME,LOSE_GAME]
[LLMActionPlayer] API call took 175 ms (model=OPENROUTER size=LARGE)
[LLMActionPlayer] API call took 226 ms (model=OPENROUTER size=LARGE)
[LLMActionPlayer] API call took 325 ms (model=OPENROUTER size=LARGE)
[LLMActionPlayer] API call took 186 ms (model=OPENROUTER size=LARGE)
[LLMActionPlayer] API call took 210 ms (model=OPENROUTER size=LARGE)
[LLMActionPlayer] API call took 219 ms (model=OPENROUTER size=LARGE)
[LLMActionPlayer] API call took 480 ms (model=OPENROUTER size=LARGE)
[LLMActionPlayer] API call took 196 ms (model=OPENROUTER size=LARGE)
[LLMActionPlayer] API call took 235 ms (model=OPENROUTER size=LARGE)
[LOSE_GAME,WIN_GAME,LOSE_GAME,LOSE_GAME]
[LLMActionPlayer] API call took 147 ms (model=OPENROUTER size=LARGE)
[LLMActionPlayer] API call took 270 ms (model=OPENROUTER size=LARGE)
[LLMActionPlayer] API call took 272 ms (model=OPENROUTER size=LARGE)
[LLMActionPlayer] API call took 231 ms (model=OPENROUTER size=LARGE)
[LLMActionPlayer] API call took 165 ms (model=OPENROUTER size=LARGE)
[LLMActionPlayer] API call took 204 ms (model=OPENROUTER size=LARGE)
[LLMActionPlayer] API call took 182 ms (model=OPENROUTER size=LARGE)
[LLMActionPlayer] API call took 247 ms (model=OPENROUTER size=LARGE)
[LLMActionPlayer] API call took 224 ms (model=OPENROUTER size=LARGE)
[LLMActionPlayer] API call took 276 ms (model=OPENROUTER size=LARGE)
[LLMActionPlayer] API call took 180 ms (model=OPENROUTER size=LARGE)
[LLMActionPlayer] API call took 171 ms (model=OPENROUTER size=LARGE)
[LLMActionPlayer] API call took 165 ms (model=OPENROUTER size=LARGE)
[LLMActionPlayer] API call took 228 ms (model=OPENROUTER size=LARGE)
[LLMActionPlayer] API call took 245 ms (model=OPENROUTER size=LARGE)
[LLMActionPlayer] API call took 198 ms (model=OPENROUTER size=LARGE)
[LOSE_GAME,WIN_GAME,LOSE_GAME,LOSE_GAME]
[LLMActionPlayer] API call took 244 ms (model=OPENROUTER size=LARGE)
[LLMActionPlayer] API call took 197 ms (model=OPENROUTER size=LARGE)
[LLMActionPlayer] API call took 735 ms (model=OPENROUTER size=LARGE)
[LLMActionPlayer] API call took 207 ms (model=OPENROUTER size=LARGE)
[LLMActionPlayer] API call took 182 ms (model=OPENROUTER size=LARGE)
[LLMActionPlayer] API call took 225 ms (model=OPENROUTER size=LARGE)
[LLMActionPlayer] API call took 723 ms (model=OPENROUTER size=LARGE)
[LLMActionPlayer] API call took 165 ms (model=OPENROUTER size=LARGE)
[LLMActionPlayer] API call took 176 ms (model=OPENROUTER size=LARGE)
[LLMActionPlayer] API call took 390 ms (model=OPENROUTER size=LARGE)
[LLMActionPlayer] API call took 239 ms (model=OPENROUTER size=LARGE)
[LLMActionPlayer] API call took 157 ms (model=OPENROUTER size=LARGE)
[LLMActionPlayer] API call took 219 ms (model=OPENROUTER size=LARGE)
[LLMActionPlayer] API call took 158 ms (model=OPENROUTER size=LARGE)
[LLMActionPlayer] API call took 249 ms (model=OPENROUTER size=LARGE)
[LLMActionPlayer] API call took 186 ms (model=OPENROUTER size=LARGE)
[WIN_GAME,LOSE_GAME,LOSE_GAME,LOSE_GAME]
[LLMActionPlayer] API call took 258 ms (model=OPENROUTER size=LARGE)
[LLMActionPlayer] API call took 1021 ms (model=OPENROUTER size=LARGE)
[LLMActionPlayer] API call took 178 ms (model=OPENROUTER size=LARGE)
[LLMActionPlayer] API call took 240 ms (model=OPENROUTER size=LARGE)
[LLMActionPlayer] API call took 290 ms (model=OPENROUTER size=LARGE)
[LLMActionPlayer] API call took 200 ms (model=OPENROUTER size=LARGE)
[LLMActionPlayer] API call took 220 ms (model=OPENROUTER size=LARGE)
[LLMActionPlayer] API call took 181 ms (model=OPENROUTER size=LARGE)
[LLMActionPlayer] API call took 212 ms (model=OPENROUTER size=LARGE)
[LLMActionPlayer] API call took 170 ms (model=OPENROUTER size=LARGE)
[LOSE_GAME,WIN_GAME,LOSE_GAME,LOSE_GAME]
[LLMActionPlayer] API call took 163 ms (model=OPENROUTER size=LARGE)
[LLMActionPlayer] API call took 173 ms (model=OPENROUTER size=LARGE)
[LLMActionPlayer] API call took 301 ms (model=OPENROUTER size=LARGE)
[LLMActionPlayer] API call took 279 ms (model=OPENROUTER size=LARGE)
[LLMActionPlayer] API call took 213 ms (model=OPENROUTER size=LARGE)
[LLMActionPlayer] API call took 484 ms (model=OPENROUTER size=LARGE)
[LLMActionPlayer] API call took 261 ms (model=OPENROUTER size=LARGE)
[LLMActionPlayer] API call took 254 ms (model=OPENROUTER size=LARGE)
[LLMActionPlayer] API call took 226 ms (model=OPENROUTER size=LARGE)
[LLMActionPlayer] API call took 240 ms (model=OPENROUTER size=LARGE)
[LLMActionPlayer] API call took 272 ms (model=OPENROUTER size=LARGE)
[LLMActionPlayer] API call took 184 ms (model=OPENROUTER size=LARGE)
[LLMActionPlayer] API call took 230 ms (model=OPENROUTER size=LARGE)
[WIN_GAME,LOSE_GAME,LOSE_GAME,LOSE_GAME]
[Poker_4P_2,Poker_4P_1,PhaseBasedEnsemblePlayer,Poker_4P_3]
[LLMActionPlayer] API call took 223 ms (model=OPENROUTER size=LARGE)
[LLMActionPlayer] API call took 210 ms (model=OPENROUTER size=LARGE)
[LLMActionPlayer] API call took 236 ms (model=OPENROUTER size=LARGE)
[LLMActionPlayer] API call took 216 ms (model=OPENROUTER size=LARGE)
[LLMActionPlayer] API call took 252 ms (model=OPENROUTER size=LARGE)
[LLMActionPlayer] API call took 137 ms (model=OPENROUTER size=LARGE)
[LLMActionPlayer] API call took 196 ms (model=OPENROUTER size=LARGE)
[LLMActionPlayer] API call took 223 ms (model=OPENROUTER size=LARGE)
[LLMActionPlayer] API call took 221 ms (model=OPENROUTER size=LARGE)
[LLMActionPlayer] API call took 200 ms (model=OPENROUTER size=LARGE)
[LLMActionPlayer] API call took 167 ms (model=OPENROUTER size=LARGE)
[LLMActionPlayer] API call took 435 ms (model=OPENROUTER size=LARGE)
[LLMActionPlayer] API call took 171 ms (model=OPENROUTER size=LARGE)
[LLMActionPlayer] API call took 310 ms (model=OPENROUTER size=LARGE)
[LOSE_GAME,LOSE_GAME,WIN_GAME,LOSE_GAME]
[LLMActionPlayer] API call took 193 ms (model=OPENROUTER size=LARGE)
[WIN_GAME,LOSE_GAME,LOSE_GAME,LOSE_GAME]
[LLMActionPlayer] API call took 262 ms (model=OPENROUTER size=LARGE)
[LLMActionPlayer] API call took 216 ms (model=OPENROUTER size=LARGE)
[LLMActionPlayer] API call took 183 ms (model=OPENROUTER size=LARGE)
[LLMActionPlayer] API call took 203 ms (model=OPENROUTER size=LARGE)
[LLMActionPlayer] API call took 151 ms (model=OPENROUTER size=LARGE)
[LLMActionPlayer] API call took 199 ms (model=OPENROUTER size=LARGE)
[LLMActionPlayer] API call took 290 ms (model=OPENROUTER size=LARGE)
[LOSE_GAME,LOSE_GAME,WIN_GAME,LOSE_GAME]
[LLMActionPlayer] API call took 287 ms (model=OPENROUTER size=LARGE)
[LLMActionPlayer] API call took 212 ms (model=OPENROUTER size=LARGE)
[LLMActionPlayer] API call took 184 ms (model=OPENROUTER size=LARGE)
[LLMActionPlayer] API call took 294 ms (model=OPENROUTER size=LARGE)
[LLMActionPlayer] API call took 198 ms (model=OPENROUTER size=LARGE)
[WIN_GAME,LOSE_GAME,LOSE_GAME,LOSE_GAME]
[LLMActionPlayer] API call took 206 ms (model=OPENROUTER size=LARGE)
[LLMActionPlayer] API call took 152 ms (model=OPENROUTER size=LARGE)
[LLMActionPlayer] API call took 158 ms (model=OPENROUTER size=LARGE)
[LLMActionPlayer] API call took 254 ms (model=OPENROUTER size=LARGE)
[LLMActionPlayer] API call took 258 ms (model=OPENROUTER size=LARGE)
[LLMActionPlayer] API call took 252 ms (model=OPENROUTER size=LARGE)
[LLMActionPlayer] API call took 197 ms (model=OPENROUTER size=LARGE)
[LLMActionPlayer] API call took 194 ms (model=OPENROUTER size=LARGE)
[LLMActionPlayer] API call took 213 ms (model=OPENROUTER size=LARGE)
[LLMActionPlayer] API call took 259 ms (model=OPENROUTER size=LARGE)
[LOSE_GAME,WIN_GAME,LOSE_GAME,LOSE_GAME]
[LLMActionPlayer] API call took 290 ms (model=OPENROUTER size=LARGE)
[LLMActionPlayer] API call took 310 ms (model=OPENROUTER size=LARGE)
[LLMActionPlayer] API call took 226 ms (model=OPENROUTER size=LARGE)
[LLMActionPlayer] API call took 197 ms (model=OPENROUTER size=LARGE)
[LLMActionPlayer] API call took 645 ms (model=OPENROUTER size=LARGE)
[LLMActionPlayer] API call took 238 ms (model=OPENROUTER size=LARGE)
[WIN_GAME,LOSE_GAME,LOSE_GAME,LOSE_GAME]
[LLMActionPlayer] API call took 232 ms (model=OPENROUTER size=LARGE)
[LLMActionPlayer] API call took 188 ms (model=OPENROUTER size=LARGE)
[LLMActionPlayer] API call took 178 ms (model=OPENROUTER size=LARGE)
[LLMActionPlayer] API call took 199 ms (model=OPENROUTER size=LARGE)
[LLMActionPlayer] API call took 204 ms (model=OPENROUTER size=LARGE)
[LLMActionPlayer] API call took 277 ms (model=OPENROUTER size=LARGE)
[LLMActionPlayer] API call took 164 ms (model=OPENROUTER size=LARGE)
[LLMActionPlayer] API call took 202 ms (model=OPENROUTER size=LARGE)
[LLMActionPlayer] API call took 334 ms (model=OPENROUTER size=LARGE)
[LLMActionPlayer] API call took 239 ms (model=OPENROUTER size=LARGE)
[LLMActionPlayer] API call took 214 ms (model=OPENROUTER size=LARGE)
[LLMActionPlayer] API call took 204 ms (model=OPENROUTER size=LARGE)
[LLMActionPlayer] API call took 212 ms (model=OPENROUTER size=LARGE)
[LLMActionPlayer] API call took 232 ms (model=OPENROUTER size=LARGE)
[LOSE_GAME,WIN_GAME,LOSE_GAME,LOSE_GAME]
[LLMActionPlayer] API call took 398 ms (model=OPENROUTER size=LARGE)
[LLMActionPlayer] API call took 205 ms (model=OPENROUTER size=LARGE)
[LLMActionPlayer] API call took 191 ms (model=OPENROUTER size=LARGE)
[LLMActionPlayer] API call took 208 ms (model=OPENROUTER size=LARGE)
[LOSE_GAME,WIN_GAME,LOSE_GAME,LOSE_GAME]
[Poker_4P_2,Poker_4P_3,Poker_4P_1,PhaseBasedEnsemblePlayer]
[LLMActionPlayer] API call took 426 ms (model=OPENROUTER size=LARGE)
[LLMActionPlayer] API call took 163 ms (model=OPENROUTER size=LARGE)
[LLMActionPlayer] API call took 197 ms (model=OPENROUTER size=LARGE)
[LLMActionPlayer] API call took 238 ms (model=OPENROUTER size=LARGE)
[LLMActionPlayer] API call took 215 ms (model=OPENROUTER size=LARGE)
[LLMActionPlayer] API call took 226 ms (model=OPENROUTER size=LARGE)
[LOSE_GAME,LOSE_GAME,WIN_GAME,LOSE_GAME]
[LLMActionPlayer] API call took 177 ms (model=OPENROUTER size=LARGE)
[LLMActionPlayer] API call took 425 ms (model=OPENROUTER size=LARGE)
[LLMActionPlayer] API call took 222 ms (model=OPENROUTER size=LARGE)
[LLMActionPlayer] API call took 243 ms (model=OPENROUTER size=LARGE)
[LLMActionPlayer] API call took 235 ms (model=OPENROUTER size=LARGE)
[LLMActionPlayer] API call took 284 ms (model=OPENROUTER size=LARGE)
[LLMActionPlayer] API call took 224 ms (model=OPENROUTER size=LARGE)
[LLMActionPlayer] API call took 799 ms (model=OPENROUTER size=LARGE)
[LLMActionPlayer] API call took 208 ms (model=OPENROUTER size=LARGE)
[LLMActionPlayer] API call took 263 ms (model=OPENROUTER size=LARGE)
[LLMActionPlayer] API call took 189 ms (model=OPENROUTER size=LARGE)
[LOSE_GAME,WIN_GAME,LOSE_GAME,LOSE_GAME]
[LLMActionPlayer] API call took 203 ms (model=OPENROUTER size=LARGE)
[LLMActionPlayer] API call took 247 ms (model=OPENROUTER size=LARGE)
[LLMActionPlayer] API call took 248 ms (model=OPENROUTER size=LARGE)
[LLMActionPlayer] API call took 263 ms (model=OPENROUTER size=LARGE)
[LLMActionPlayer] API call took 193 ms (model=OPENROUTER size=LARGE)
[LLMActionPlayer] API call took 286 ms (model=OPENROUTER size=LARGE)
[LOSE_GAME,LOSE_GAME,WIN_GAME,LOSE_GAME]
[LLMActionPlayer] API call took 247 ms (model=OPENROUTER size=LARGE)
[LLMActionPlayer] API call took 182 ms (model=OPENROUTER size=LARGE)
[LLMActionPlayer] API call took 612 ms (model=OPENROUTER size=LARGE)
[LLMActionPlayer] API call took 2068 ms (model=OPENROUTER size=LARGE)
[LLMActionPlayer] API call took 246 ms (model=OPENROUTER size=LARGE)
[LLMActionPlayer] API call took 234 ms (model=OPENROUTER size=LARGE)
[LLMActionPlayer] API call took 251 ms (model=OPENROUTER size=LARGE)
[LLMActionPlayer] API call took 224 ms (model=OPENROUTER size=LARGE)
[LLMActionPlayer] API call took 220 ms (model=OPENROUTER size=LARGE)
[LLMActionPlayer] API call took 238 ms (model=OPENROUTER size=LARGE)
[LLMActionPlayer] API call took 247 ms (model=OPENROUTER size=LARGE)
[LLMActionPlayer] API call took 239 ms (model=OPENROUTER size=LARGE)
[WIN_GAME,LOSE_GAME,LOSE_GAME,LOSE_GAME]
[LLMActionPlayer] API call took 215 ms (model=OPENROUTER size=LARGE)
[LLMActionPlayer] API call took 209 ms (model=OPENROUTER size=LARGE)
[LLMActionPlayer] API call took 214 ms (model=OPENROUTER size=LARGE)
[LLMActionPlayer] API call took 305 ms (model=OPENROUTER size=LARGE)
[LLMActionPlayer] API call took 949 ms (model=OPENROUTER size=LARGE)
[LOSE_GAME,WIN_GAME,LOSE_GAME,LOSE_GAME]
[LLMActionPlayer] API call took 199 ms (model=OPENROUTER size=LARGE)
[LLMActionPlayer] API call took 221 ms (model=OPENROUTER size=LARGE)
[LLMActionPlayer] API call took 303 ms (model=OPENROUTER size=LARGE)
[LLMActionPlayer] API call took 228 ms (model=OPENROUTER size=LARGE)
[LLMActionPlayer] API call took 156 ms (model=OPENROUTER size=LARGE)
[LOSE_GAME,LOSE_GAME,WIN_GAME,LOSE_GAME]
[LLMActionPlayer] API call took 1169 ms (model=OPENROUTER size=LARGE)
[LLMActionPlayer] API call took 222 ms (model=OPENROUTER size=LARGE)
[LLMActionPlayer] API call took 228 ms (model=OPENROUTER size=LARGE)
[LOSE_GAME,WIN_GAME,LOSE_GAME,LOSE_GAME]
[LLMActionPlayer] API call took 354 ms (model=OPENROUTER size=LARGE)
[LLMActionPlayer] API call took 182 ms (model=OPENROUTER size=LARGE)
[LLMActionPlayer] API call took 216 ms (model=OPENROUTER size=LARGE)
[LLMActionPlayer] API call took 239 ms (model=OPENROUTER size=LARGE)
[LLMActionPlayer] API call took 424 ms (model=OPENROUTER size=LARGE)
[LLMActionPlayer] API call took 238 ms (model=OPENROUTER size=LARGE)
[LLMActionPlayer] API call took 210 ms (model=OPENROUTER size=LARGE)
[LLMActionPlayer] API call took 308 ms (model=OPENROUTER size=LARGE)
[LLMActionPlayer] API call took 227 ms (model=OPENROUTER size=LARGE)
[LLMActionPlayer] API call took 263 ms (model=OPENROUTER size=LARGE)
[LLMActionPlayer] API call took 220 ms (model=OPENROUTER size=LARGE)
[LLMActionPlayer] API call took 214 ms (model=OPENROUTER size=LARGE)
[LOSE_GAME,LOSE_GAME,LOSE_GAME,WIN_GAME]
[Poker_4P_2,Poker_4P_3,PhaseBasedEnsemblePlayer,Poker_4P_1]
[LLMActionPlayer] API call took 441 ms (model=OPENROUTER size=LARGE)
[LLMActionPlayer] API call took 269 ms (model=OPENROUTER size=LARGE)
[LLMActionPlayer] API call took 168 ms (model=OPENROUTER size=LARGE)
[LLMActionPlayer] API call took 612 ms (model=OPENROUTER size=LARGE)
[LLMActionPlayer] API call took 336 ms (model=OPENROUTER size=LARGE)
[LLMActionPlayer] API call took 182 ms (model=OPENROUTER size=LARGE)
[LLMActionPlayer] API call took 201 ms (model=OPENROUTER size=LARGE)
[LLMActionPlayer] API call took 236 ms (model=OPENROUTER size=LARGE)
[LLMActionPlayer] API call took 266 ms (model=OPENROUTER size=LARGE)
[LLMActionPlayer] API call took 1461 ms (model=OPENROUTER size=LARGE)
[LLMActionPlayer] API call took 264 ms (model=OPENROUTER size=LARGE)
[LLMActionPlayer] API call took 149 ms (model=OPENROUTER size=LARGE)
[LLMActionPlayer] API call took 174 ms (model=OPENROUTER size=LARGE)
[LOSE_GAME,WIN_GAME,LOSE_GAME,LOSE_GAME]
[LLMActionPlayer] API call took 271 ms (model=OPENROUTER size=LARGE)
[LLMActionPlayer] API call took 3391 ms (model=OPENROUTER size=LARGE)
[LLMActionPlayer] API call took 238 ms (model=OPENROUTER size=LARGE)
[LLMActionPlayer] API call took 172 ms (model=OPENROUTER size=LARGE)
[LLMActionPlayer] API call took 260 ms (model=OPENROUTER size=LARGE)
[LLMActionPlayer] API call took 811 ms (model=OPENROUTER size=LARGE)
[WIN_GAME,LOSE_GAME,LOSE_GAME,LOSE_GAME]
[LLMActionPlayer] API call took 283 ms (model=OPENROUTER size=LARGE)
[LLMActionPlayer] API call took 210 ms (model=OPENROUTER size=LARGE)
[LLMActionPlayer] API call took 203 ms (model=OPENROUTER size=LARGE)
[LOSE_GAME,LOSE_GAME,LOSE_GAME,WIN_GAME]
[LLMActionPlayer] API call took 350 ms (model=OPENROUTER size=LARGE)
[LLMActionPlayer] API call took 178 ms (model=OPENROUTER size=LARGE)
[LLMActionPlayer] API call took 293 ms (model=OPENROUTER size=LARGE)
[LLMActionPlayer] API call took 228 ms (model=OPENROUTER size=LARGE)
[LLMActionPlayer] API call took 185 ms (model=OPENROUTER size=LARGE)
[LLMActionPlayer] API call took 248 ms (model=OPENROUTER size=LARGE)
[LOSE_GAME,WIN_GAME,LOSE_GAME,LOSE_GAME]
[LLMActionPlayer] API call took 223 ms (model=OPENROUTER size=LARGE)
[LLMActionPlayer] API call took 171 ms (model=OPENROUTER size=LARGE)
[LLMActionPlayer] API call took 205 ms (model=OPENROUTER size=LARGE)
[LLMActionPlayer] API call took 213 ms (model=OPENROUTER size=LARGE)
[LLMActionPlayer] API call took 264 ms (model=OPENROUTER size=LARGE)
[LLMActionPlayer] API call took 279 ms (model=OPENROUTER size=LARGE)
[LLMActionPlayer] API call took 642 ms (model=OPENROUTER size=LARGE)
[LLMActionPlayer] API call took 153 ms (model=OPENROUTER size=LARGE)
[LLMActionPlayer] API call took 183 ms (model=OPENROUTER size=LARGE)
[LLMActionPlayer] API call took 308 ms (model=OPENROUTER size=LARGE)
[LOSE_GAME,WIN_GAME,LOSE_GAME,LOSE_GAME]
[LLMActionPlayer] API call took 205 ms (model=OPENROUTER size=LARGE)
[LLMActionPlayer] API call took 1080 ms (model=OPENROUTER size=LARGE)
[LLMActionPlayer] API call took 193 ms (model=OPENROUTER size=LARGE)
[LLMActionPlayer] API call took 228 ms (model=OPENROUTER size=LARGE)
[LLMActionPlayer] API call took 289 ms (model=OPENROUTER size=LARGE)
[LLMActionPlayer] API call took 200 ms (model=OPENROUTER size=LARGE)
[WIN_GAME,LOSE_GAME,LOSE_GAME,LOSE_GAME]
[LLMActionPlayer] API call took 202 ms (model=OPENROUTER size=LARGE)
[LLMActionPlayer] API call took 276 ms (model=OPENROUTER size=LARGE)
[LLMActionPlayer] API call took 223 ms (model=OPENROUTER size=LARGE)
[LLMActionPlayer] API call took 202 ms (model=OPENROUTER size=LARGE)
[LLMActionPlayer] API call took 154 ms (model=OPENROUTER size=LARGE)
[LLMActionPlayer] API call took 334 ms (model=OPENROUTER size=LARGE)
[LLMActionPlayer] API call took 248 ms (model=OPENROUTER size=LARGE)
[LLMActionPlayer] API call took 420 ms (model=OPENROUTER size=LARGE)
[LLMActionPlayer] API call took 208 ms (model=OPENROUTER size=LARGE)
[LLMActionPlayer] API call took 240 ms (model=OPENROUTER size=LARGE)
[WIN_GAME,LOSE_GAME,LOSE_GAME,LOSE_GAME]
[LLMActionPlayer] API call took 410 ms (model=OPENROUTER size=LARGE)
[LLMActionPlayer] API call took 847 ms (model=OPENROUTER size=LARGE)
[LLMActionPlayer] API call took 153 ms (model=OPENROUTER size=LARGE)
[LLMActionPlayer] API call took 205 ms (model=OPENROUTER size=LARGE)
[LLMActionPlayer] API call took 230 ms (model=OPENROUTER size=LARGE)
[LOSE_GAME,WIN_GAME,LOSE_GAME,LOSE_GAME]
[Poker_4P_2,PhaseBasedEnsemblePlayer,Poker_4P_1,Poker_4P_3]
[LLMActionPlayer] API call took 205 ms (model=OPENROUTER size=LARGE)
[LLMActionPlayer] API call took 219 ms (model=OPENROUTER size=LARGE)
[LLMActionPlayer] API call took 493 ms (model=OPENROUTER size=LARGE)
[LLMActionPlayer] API call took 570 ms (model=OPENROUTER size=LARGE)
[LLMActionPlayer] API call took 182 ms (model=OPENROUTER size=LARGE)
[WIN_GAME,LOSE_GAME,LOSE_GAME,LOSE_GAME]
[LLMActionPlayer] API call took 187 ms (model=OPENROUTER size=LARGE)
[LLMActionPlayer] API call took 279 ms (model=OPENROUTER size=LARGE)
[LLMActionPlayer] API call took 636 ms (model=OPENROUTER size=LARGE)
[LLMActionPlayer] API call took 175 ms (model=OPENROUTER size=LARGE)
[LLMActionPlayer] API call took 284 ms (model=OPENROUTER size=LARGE)
[LLMActionPlayer] API call took 245 ms (model=OPENROUTER size=LARGE)
[LLMActionPlayer] API call took 195 ms (model=OPENROUTER size=LARGE)
[LLMActionPlayer] API call took 266 ms (model=OPENROUTER size=LARGE)
[LLMActionPlayer] API call took 261 ms (model=OPENROUTER size=LARGE)
[LLMActionPlayer] API call took 197 ms (model=OPENROUTER size=LARGE)
[LLMActionPlayer] API call took 197 ms (model=OPENROUTER size=LARGE)
[WIN_GAME,LOSE_GAME,LOSE_GAME,LOSE_GAME]
[LLMActionPlayer] API call took 217 ms (model=OPENROUTER size=LARGE)
[LLMActionPlayer] API call took 168 ms (model=OPENROUTER size=LARGE)
[LLMActionPlayer] API call took 166 ms (model=OPENROUTER size=LARGE)
[LOSE_GAME,LOSE_GAME,LOSE_GAME,WIN_GAME]
[LLMActionPlayer] API call took 288 ms (model=OPENROUTER size=LARGE)
[LLMActionPlayer] API call took 238 ms (model=OPENROUTER size=LARGE)
[LLMActionPlayer] API call took 1517 ms (model=OPENROUTER size=LARGE)
[LLMActionPlayer] API call took 211 ms (model=OPENROUTER size=LARGE)
[LLMActionPlayer] API call took 229 ms (model=OPENROUTER size=LARGE)
[LLMActionPlayer] API call took 239 ms (model=OPENROUTER size=LARGE)
[LLMActionPlayer] API call took 159 ms (model=OPENROUTER size=LARGE)
[LLMActionPlayer] API call took 250 ms (model=OPENROUTER size=LARGE)
[LLMActionPlayer] API call took 179 ms (model=OPENROUTER size=LARGE)
[LLMActionPlayer] API call took 574 ms (model=OPENROUTER size=LARGE)
[LOSE_GAME,LOSE_GAME,LOSE_GAME,WIN_GAME]
[LLMActionPlayer] API call took 274 ms (model=OPENROUTER size=LARGE)
[LLMActionPlayer] API call took 167 ms (model=OPENROUTER size=LARGE)
[LLMActionPlayer] API call took 198 ms (model=OPENROUTER size=LARGE)
[LLMActionPlayer] API call took 277 ms (model=OPENROUTER size=LARGE)
[LLMActionPlayer] API call took 218 ms (model=OPENROUTER size=LARGE)
[LLMActionPlayer] API call took 159 ms (model=OPENROUTER size=LARGE)
[LLMActionPlayer] API call took 168 ms (model=OPENROUTER size=LARGE)
[LLMActionPlayer] API call took 186 ms (model=OPENROUTER size=LARGE)
[LLMActionPlayer] API call took 169 ms (model=OPENROUTER size=LARGE)
[LOSE_GAME,LOSE_GAME,LOSE_GAME,WIN_GAME]
[LLMActionPlayer] API call took 226 ms (model=OPENROUTER size=LARGE)
[LLMActionPlayer] API call took 966 ms (model=OPENROUTER size=LARGE)
[LLMActionPlayer] API call took 212 ms (model=OPENROUTER size=LARGE)
[LLMActionPlayer] API call took 246 ms (model=OPENROUTER size=LARGE)
[LLMActionPlayer] API call took 236 ms (model=OPENROUTER size=LARGE)
[LLMActionPlayer] API call took 191 ms (model=OPENROUTER size=LARGE)
[LLMActionPlayer] API call took 260 ms (model=OPENROUTER size=LARGE)
[LLMActionPlayer] API call took 134 ms (model=OPENROUTER size=LARGE)
[LLMActionPlayer] API call took 179 ms (model=OPENROUTER size=LARGE)
[LLMActionPlayer] API call took 144 ms (model=OPENROUTER size=LARGE)
[LLMActionPlayer] API call took 241 ms (model=OPENROUTER size=LARGE)
[LLMActionPlayer] API call took 243 ms (model=OPENROUTER size=LARGE)
[LOSE_GAME,WIN_GAME,LOSE_GAME,LOSE_GAME]
[LLMActionPlayer] API call took 221 ms (model=OPENROUTER size=LARGE)
[LLMActionPlayer] API call took 287 ms (model=OPENROUTER size=LARGE)
[LLMActionPlayer] API call took 204 ms (model=OPENROUTER size=LARGE)
[LLMActionPlayer] API call took 212 ms (model=OPENROUTER size=LARGE)
[LLMActionPlayer] API call took 942 ms (model=OPENROUTER size=LARGE)
[LLMActionPlayer] API call took 885 ms (model=OPENROUTER size=LARGE)
[WIN_GAME,LOSE_GAME,LOSE_GAME,LOSE_GAME]
[LLMActionPlayer] API call took 284 ms (model=OPENROUTER size=LARGE)
[LLMActionPlayer] API call took 178 ms (model=OPENROUTER size=LARGE)
[LLMActionPlayer] API call took 156 ms (model=OPENROUTER size=LARGE)
[LLMActionPlayer] API call took 254 ms (model=OPENROUTER size=LARGE)
[LLMActionPlayer] API call took 237 ms (model=OPENROUTER size=LARGE)
[LLMActionPlayer] API call took 219 ms (model=OPENROUTER size=LARGE)
[LLMActionPlayer] API call took 651 ms (model=OPENROUTER size=LARGE)
[LLMActionPlayer] API call took 182 ms (model=OPENROUTER size=LARGE)
[LOSE_GAME,LOSE_GAME,LOSE_GAME,WIN_GAME]
[Poker_4P_2,PhaseBasedEnsemblePlayer,Poker_4P_3,Poker_4P_1]
[LLMActionPlayer] API call took 221 ms (model=OPENROUTER size=LARGE)
[LLMActionPlayer] API call took 193 ms (model=OPENROUTER size=LARGE)
[LLMActionPlayer] API call took 195 ms (model=OPENROUTER size=LARGE)
[LLMActionPlayer] API call took 164 ms (model=OPENROUTER size=LARGE)
[LLMActionPlayer] API call took 280 ms (model=OPENROUTER size=LARGE)
[WIN_GAME,LOSE_GAME,LOSE_GAME,LOSE_GAME]
[LLMActionPlayer] API call took 184 ms (model=OPENROUTER size=LARGE)
[LLMActionPlayer] API call took 203 ms (model=OPENROUTER size=LARGE)
[LLMActionPlayer] API call took 156 ms (model=OPENROUTER size=LARGE)
[LLMActionPlayer] API call took 500 ms (model=OPENROUTER size=LARGE)
[LLMActionPlayer] API call took 253 ms (model=OPENROUTER size=LARGE)
[LOSE_GAME,LOSE_GAME,WIN_GAME,LOSE_GAME]
[LLMActionPlayer] API call took 210 ms (model=OPENROUTER size=LARGE)
[LLMActionPlayer] API call took 214 ms (model=OPENROUTER size=LARGE)
[LLMActionPlayer] API call took 358 ms (model=OPENROUTER size=LARGE)
[LLMActionPlayer] API call took 735 ms (model=OPENROUTER size=LARGE)
[LOSE_GAME,LOSE_GAME,WIN_GAME,LOSE_GAME]
[LLMActionPlayer] API call took 216 ms (model=OPENROUTER size=LARGE)
[LLMActionPlayer] API call took 171 ms (model=OPENROUTER size=LARGE)
[LLMActionPlayer] API call took 216 ms (model=OPENROUTER size=LARGE)
[LLMActionPlayer] API call took 200 ms (model=OPENROUTER size=LARGE)
[LLMActionPlayer] API call took 151 ms (model=OPENROUTER size=LARGE)
[LLMActionPlayer] API call took 218 ms (model=OPENROUTER size=LARGE)
[LLMActionPlayer] API call took 481 ms (model=OPENROUTER size=LARGE)
[LOSE_GAME,LOSE_GAME,WIN_GAME,LOSE_GAME]
[LLMActionPlayer] API call took 228 ms (model=OPENROUTER size=LARGE)
[LLMActionPlayer] API call took 200 ms (model=OPENROUTER size=LARGE)
[LLMActionPlayer] API call took 197 ms (model=OPENROUTER size=LARGE)
[LLMActionPlayer] API call took 243 ms (model=OPENROUTER size=LARGE)
[LLMActionPlayer] API call took 367 ms (model=OPENROUTER size=LARGE)
[LLMActionPlayer] API call took 242 ms (model=OPENROUTER size=LARGE)
[LLMActionPlayer] API call took 274 ms (model=OPENROUTER size=LARGE)
[WIN_GAME,LOSE_GAME,LOSE_GAME,LOSE_GAME]
[LLMActionPlayer] API call took 252 ms (model=OPENROUTER size=LARGE)
[LLMActionPlayer] API call took 228 ms (model=OPENROUTER size=LARGE)
[LLMActionPlayer] API call took 230 ms (model=OPENROUTER size=LARGE)
[LLMActionPlayer] API call took 293 ms (model=OPENROUTER size=LARGE)
[LLMActionPlayer] API call took 178 ms (model=OPENROUTER size=LARGE)
[LLMActionPlayer] API call took 176 ms (model=OPENROUTER size=LARGE)
[LLMActionPlayer] API call took 220 ms (model=OPENROUTER size=LARGE)
[LLMActionPlayer] API call took 168 ms (model=OPENROUTER size=LARGE)
[LLMActionPlayer] API call took 259 ms (model=OPENROUTER size=LARGE)
[LLMActionPlayer] API call took 255 ms (model=OPENROUTER size=LARGE)
[LLMActionPlayer] API call took 1644 ms (model=OPENROUTER size=LARGE)
[LLMActionPlayer] API call took 220 ms (model=OPENROUTER size=LARGE)
[WIN_GAME,LOSE_GAME,LOSE_GAME,LOSE_GAME]
[LLMActionPlayer] API call took 260 ms (model=OPENROUTER size=LARGE)
[LLMActionPlayer] API call took 230 ms (model=OPENROUTER size=LARGE)
[LLMActionPlayer] API call took 163 ms (model=OPENROUTER size=LARGE)
[LLMActionPlayer] API call took 146 ms (model=OPENROUTER size=LARGE)
[LOSE_GAME,LOSE_GAME,LOSE_GAME,WIN_GAME]
[LLMActionPlayer] API call took 239 ms (model=OPENROUTER size=LARGE)
[LOSE_GAME,LOSE_GAME,LOSE_GAME,WIN_GAME]
[PhaseBasedEnsemblePlayer,Poker_4P_1,Poker_4P_3,Poker_4P_2]
[LLMActionPlayer] API call took 244 ms (model=OPENROUTER size=LARGE)
[LLMActionPlayer] API call took 227 ms (model=OPENROUTER size=LARGE)
[LLMActionPlayer] API call took 194 ms (model=OPENROUTER size=LARGE)
[LOSE_GAME,LOSE_GAME,WIN_GAME,LOSE_GAME]
[LLMActionPlayer] API call took 3616 ms (model=OPENROUTER size=LARGE)
[LLMActionPlayer] API call took 229 ms (model=OPENROUTER size=LARGE)
[LLMActionPlayer] API call took 209 ms (model=OPENROUTER size=LARGE)
[LLMActionPlayer] API call took 351 ms (model=OPENROUTER size=LARGE)
[LOSE_GAME,LOSE_GAME,LOSE_GAME,WIN_GAME]
[LLMActionPlayer] API call took 285 ms (model=OPENROUTER size=LARGE)
[LLMActionPlayer] API call took 240 ms (model=OPENROUTER size=LARGE)
[LLMActionPlayer] API call took 205 ms (model=OPENROUTER size=LARGE)
[LOSE_GAME,LOSE_GAME,WIN_GAME,LOSE_GAME]
[LLMActionPlayer] API call took 186 ms (model=OPENROUTER size=LARGE)
[LLMActionPlayer] API call took 789 ms (model=OPENROUTER size=LARGE)
[LLMActionPlayer] API call took 225 ms (model=OPENROUTER size=LARGE)
[LLMActionPlayer] API call took 253 ms (model=OPENROUTER size=LARGE)
[LLMActionPlayer] API call took 145 ms (model=OPENROUTER size=LARGE)
[LLMActionPlayer] API call took 261 ms (model=OPENROUTER size=LARGE)
[LOSE_GAME,LOSE_GAME,LOSE_GAME,WIN_GAME]
[LLMActionPlayer] API call took 231 ms (model=OPENROUTER size=LARGE)
[LLMActionPlayer] API call took 206 ms (model=OPENROUTER size=LARGE)
[LOSE_GAME,WIN_GAME,LOSE_GAME,LOSE_GAME]
[LLMActionPlayer] API call took 220 ms (model=OPENROUTER size=LARGE)
[LLMActionPlayer] API call took 377 ms (model=OPENROUTER size=LARGE)
[LLMActionPlayer] API call took 276 ms (model=OPENROUTER size=LARGE)
[LLMActionPlayer] API call took 177 ms (model=OPENROUTER size=LARGE)
[LOSE_GAME,LOSE_GAME,WIN_GAME,LOSE_GAME]
[LLMActionPlayer] API call took 207 ms (model=OPENROUTER size=LARGE)
[LLMActionPlayer] API call took 211 ms (model=OPENROUTER size=LARGE)
[LLMActionPlayer] API call took 267 ms (model=OPENROUTER size=LARGE)
[LLMActionPlayer] API call took 226 ms (model=OPENROUTER size=LARGE)
[LLMActionPlayer] API call took 172 ms (model=OPENROUTER size=LARGE)
[LOSE_GAME,LOSE_GAME,LOSE_GAME,WIN_GAME]
[LLMActionPlayer] API call took 155 ms (model=OPENROUTER size=LARGE)
[LLMActionPlayer] API call took 251 ms (model=OPENROUTER size=LARGE)
[LLMActionPlayer] API call took 224 ms (model=OPENROUTER size=LARGE)
[LLMActionPlayer] API call took 246 ms (model=OPENROUTER size=LARGE)
[LLMActionPlayer] API call took 173 ms (model=OPENROUTER size=LARGE)
[LLMActionPlayer] API call took 200 ms (model=OPENROUTER size=LARGE)
[LLMActionPlayer] API call took 219 ms (model=OPENROUTER size=LARGE)
[LOSE_GAME,LOSE_GAME,WIN_GAME,LOSE_GAME]
[PhaseBasedEnsemblePlayer,Poker_4P_1,Poker_4P_2,Poker_4P_3]
[LLMActionPlayer] API call took 201 ms (model=OPENROUTER size=LARGE)
[LLMActionPlayer] API call took 251 ms (model=OPENROUTER size=LARGE)
[LOSE_GAME,WIN_GAME,LOSE_GAME,LOSE_GAME]
[LLMActionPlayer] API call took 212 ms (model=OPENROUTER size=LARGE)
[LLMActionPlayer] API call took 910 ms (model=OPENROUTER size=LARGE)
[LLMActionPlayer] API call took 203 ms (model=OPENROUTER size=LARGE)
[LLMActionPlayer] API call took 191 ms (model=OPENROUTER size=LARGE)
[LLMActionPlayer] API call took 267 ms (model=OPENROUTER size=LARGE)
[LLMActionPlayer] API call took 225 ms (model=OPENROUTER size=LARGE)
[LLMActionPlayer] API call took 253 ms (model=OPENROUTER size=LARGE)
[LLMActionPlayer] API call took 186 ms (model=OPENROUTER size=LARGE)
[LLMActionPlayer] API call took 264 ms (model=OPENROUTER size=LARGE)
[LLMActionPlayer] API call took 186 ms (model=OPENROUTER size=LARGE)
[LLMActionPlayer] API call took 175 ms (model=OPENROUTER size=LARGE)
[LLMActionPlayer] API call took 619 ms (model=OPENROUTER size=LARGE)
[LLMActionPlayer] API call took 257 ms (model=OPENROUTER size=LARGE)
[LLMActionPlayer] API call took 180 ms (model=OPENROUTER size=LARGE)
[LLMActionPlayer] API call took 145 ms (model=OPENROUTER size=LARGE)
[LLMActionPlayer] API call took 211 ms (model=OPENROUTER size=LARGE)
[LOSE_GAME,WIN_GAME,LOSE_GAME,LOSE_GAME]
[LLMActionPlayer] API call took 646 ms (model=OPENROUTER size=LARGE)
[LLMActionPlayer] API call took 241 ms (model=OPENROUTER size=LARGE)
[LLMActionPlayer] API call took 782 ms (model=OPENROUTER size=LARGE)
[LLMActionPlayer] API call took 312 ms (model=OPENROUTER size=LARGE)
[LLMActionPlayer] API call took 329 ms (model=OPENROUTER size=LARGE)
[LOSE_GAME,LOSE_GAME,LOSE_GAME,WIN_GAME]
[LLMActionPlayer] API call took 274 ms (model=OPENROUTER size=LARGE)
[LLMActionPlayer] API call took 153 ms (model=OPENROUTER size=LARGE)
[LLMActionPlayer] API call took 179 ms (model=OPENROUTER size=LARGE)
[LLMActionPlayer] API call took 204 ms (model=OPENROUTER size=LARGE)
[LOSE_GAME,LOSE_GAME,LOSE_GAME,WIN_GAME]
[LLMActionPlayer] API call took 244 ms (model=OPENROUTER size=LARGE)
[LLMActionPlayer] API call took 917 ms (model=OPENROUTER size=LARGE)
[LLMActionPlayer] API call took 200 ms (model=OPENROUTER size=LARGE)
[LOSE_GAME,LOSE_GAME,WIN_GAME,LOSE_GAME]
[LLMActionPlayer] API call took 242 ms (model=OPENROUTER size=LARGE)
[LLMActionPlayer] API call took 228 ms (model=OPENROUTER size=LARGE)
[LLMActionPlayer] API call took 226 ms (model=OPENROUTER size=LARGE)
[LLMActionPlayer] API call took 381 ms (model=OPENROUTER size=LARGE)
[LLMActionPlayer] API call took 169 ms (model=OPENROUTER size=LARGE)
[LLMActionPlayer] API call took 193 ms (model=OPENROUTER size=LARGE)
[LLMActionPlayer] API call took 189 ms (model=OPENROUTER size=LARGE)
[LLMActionPlayer] API call took 153 ms (model=OPENROUTER size=LARGE)
[LLMActionPlayer] API call took 179 ms (model=OPENROUTER size=LARGE)
[LLMActionPlayer] API call took 178 ms (model=OPENROUTER size=LARGE)
[LLMActionPlayer] API call took 205 ms (model=OPENROUTER size=LARGE)
[LLMActionPlayer] API call took 255 ms (model=OPENROUTER size=LARGE)
[LLMActionPlayer] API call took 188 ms (model=OPENROUTER size=LARGE)
[LLMActionPlayer] API call took 308 ms (model=OPENROUTER size=LARGE)
[LLMActionPlayer] API call took 451 ms (model=OPENROUTER size=LARGE)
[WIN_GAME,LOSE_GAME,LOSE_GAME,LOSE_GAME]
[LLMActionPlayer] API call took 160 ms (model=OPENROUTER size=LARGE)
[LLMActionPlayer] API call took 354 ms (model=OPENROUTER size=LARGE)
[LOSE_GAME,LOSE_GAME,LOSE_GAME,WIN_GAME]
[LLMActionPlayer] API call took 250 ms (model=OPENROUTER size=LARGE)
[LLMActionPlayer] API call took 236 ms (model=OPENROUTER size=LARGE)
[LLMActionPlayer] API call took 217 ms (model=OPENROUTER size=LARGE)
[LLMActionPlayer] API call took 189 ms (model=OPENROUTER size=LARGE)
[LLMActionPlayer] API call took 268 ms (model=OPENROUTER size=LARGE)
[LLMActionPlayer] API call took 205 ms (model=OPENROUTER size=LARGE)
[LOSE_GAME,LOSE_GAME,LOSE_GAME,WIN_GAME]
[PhaseBasedEnsemblePlayer,Poker_4P_3,Poker_4P_1,Poker_4P_2]
[LLMActionPlayer] API call took 183 ms (model=OPENROUTER size=LARGE)
[LLMActionPlayer] API call took 150 ms (model=OPENROUTER size=LARGE)
[LLMActionPlayer] API call took 178 ms (model=OPENROUTER size=LARGE)
[LOSE_GAME,LOSE_GAME,WIN_GAME,LOSE_GAME]
[LLMActionPlayer] API call took 256 ms (model=OPENROUTER size=LARGE)
[LLMActionPlayer] API call took 249 ms (model=OPENROUTER size=LARGE)
[LLMActionPlayer] API call took 179 ms (model=OPENROUTER size=LARGE)
[LLMActionPlayer] API call took 545 ms (model=OPENROUTER size=LARGE)
[LLMActionPlayer] API call took 254 ms (model=OPENROUTER size=LARGE)
[LLMActionPlayer] API call took 433 ms (model=OPENROUTER size=LARGE)
[LLMActionPlayer] API call took 237 ms (model=OPENROUTER size=LARGE)
[LLMActionPlayer] API call took 202 ms (model=OPENROUTER size=LARGE)
[LLMActionPlayer] API call took 238 ms (model=OPENROUTER size=LARGE)
[LLMActionPlayer] API call took 176 ms (model=OPENROUTER size=LARGE)
[LLMActionPlayer] API call took 251 ms (model=OPENROUTER size=LARGE)
[LLMActionPlayer] API call took 482 ms (model=OPENROUTER size=LARGE)
[LLMActionPlayer] API call took 176 ms (model=OPENROUTER size=LARGE)
[LLMActionPlayer] API call took 308 ms (model=OPENROUTER size=LARGE)
[LLMActionPlayer] API call took 176 ms (model=OPENROUTER size=LARGE)
[LOSE_GAME,WIN_GAME,LOSE_GAME,LOSE_GAME]
[LLMActionPlayer] API call took 227 ms (model=OPENROUTER size=LARGE)
[LLMActionPlayer] API call took 217 ms (model=OPENROUTER size=LARGE)
[LLMActionPlayer] API call took 1015 ms (model=OPENROUTER size=LARGE)
[LLMActionPlayer] API call took 420 ms (model=OPENROUTER size=LARGE)
[LOSE_GAME,LOSE_GAME,LOSE_GAME,WIN_GAME]
[LLMActionPlayer] API call took 418 ms (model=OPENROUTER size=LARGE)
[LLMActionPlayer] API call took 223 ms (model=OPENROUTER size=LARGE)
[LLMActionPlayer] API call took 186 ms (model=OPENROUTER size=LARGE)
[LLMActionPlayer] API call took 321 ms (model=OPENROUTER size=LARGE)
[LOSE_GAME,LOSE_GAME,LOSE_GAME,WIN_GAME]
[LLMActionPlayer] API call took 158 ms (model=OPENROUTER size=LARGE)
[LLMActionPlayer] API call took 155 ms (model=OPENROUTER size=LARGE)
[LOSE_GAME,WIN_GAME,LOSE_GAME,LOSE_GAME]
[LLMActionPlayer] API call took 224 ms (model=OPENROUTER size=LARGE)
[LLMActionPlayer] API call took 180 ms (model=OPENROUTER size=LARGE)
[LLMActionPlayer] API call took 180 ms (model=OPENROUTER size=LARGE)
[LLMActionPlayer] API call took 176 ms (model=OPENROUTER size=LARGE)
[LLMActionPlayer] API call took 193 ms (model=OPENROUTER size=LARGE)
[LLMActionPlayer] API call took 546 ms (model=OPENROUTER size=LARGE)
[LLMActionPlayer] API call took 231 ms (model=OPENROUTER size=LARGE)
[LLMActionPlayer] API call took 350 ms (model=OPENROUTER size=LARGE)
[LLMActionPlayer] API call took 190 ms (model=OPENROUTER size=LARGE)
[LLMActionPlayer] API call took 247 ms (model=OPENROUTER size=LARGE)
[LLMActionPlayer] API call took 215 ms (model=OPENROUTER size=LARGE)
[LLMActionPlayer] API call took 184 ms (model=OPENROUTER size=LARGE)
[LLMActionPlayer] API call took 193 ms (model=OPENROUTER size=LARGE)
[LLMActionPlayer] API call took 226 ms (model=OPENROUTER size=LARGE)
[LOSE_GAME,WIN_GAME,LOSE_GAME,LOSE_GAME]
[LLMActionPlayer] API call took 153 ms (model=OPENROUTER size=LARGE)
[LLMActionPlayer] API call took 228 ms (model=OPENROUTER size=LARGE)
[LLMActionPlayer] API call took 169 ms (model=OPENROUTER size=LARGE)
[LOSE_GAME,LOSE_GAME,LOSE_GAME,WIN_GAME]
[LLMActionPlayer] API call took 859 ms (model=OPENROUTER size=LARGE)
[LLMActionPlayer] API call took 222 ms (model=OPENROUTER size=LARGE)
[LLMActionPlayer] API call took 223 ms (model=OPENROUTER size=LARGE)
[LLMActionPlayer] API call took 491 ms (model=OPENROUTER size=LARGE)
[LLMActionPlayer] API call took 197 ms (model=OPENROUTER size=LARGE)
[LLMActionPlayer] API call took 143 ms (model=OPENROUTER size=LARGE)
[LLMActionPlayer] API call took 2142 ms (model=OPENROUTER size=LARGE)
[LLMActionPlayer] API call took 171 ms (model=OPENROUTER size=LARGE)
[LLMActionPlayer] API call took 261 ms (model=OPENROUTER size=LARGE)
[LLMActionPlayer] API call took 231 ms (model=OPENROUTER size=LARGE)
[LLMActionPlayer] API call took 243 ms (model=OPENROUTER size=LARGE)
[LLMActionPlayer] API call took 224 ms (model=OPENROUTER size=LARGE)
[WIN_GAME,LOSE_GAME,LOSE_GAME,LOSE_GAME]
[PhaseBasedEnsemblePlayer,Poker_4P_3,Poker_4P_2,Poker_4P_1]
[LLMActionPlayer] API call took 315 ms (model=OPENROUTER size=LARGE)
[LLMActionPlayer] API call took 229 ms (model=OPENROUTER size=LARGE)
[LLMActionPlayer] API call took 311 ms (model=OPENROUTER size=LARGE)
[LOSE_GAME,LOSE_GAME,WIN_GAME,LOSE_GAME]
[LLMActionPlayer] API call took 199 ms (model=OPENROUTER size=LARGE)
[LLMActionPlayer] API call took 139 ms (model=OPENROUTER size=LARGE)
[LLMActionPlayer] API call took 289 ms (model=OPENROUTER size=LARGE)
[LLMActionPlayer] API call took 178 ms (model=OPENROUTER size=LARGE)
[LLMActionPlayer] API call took 303 ms (model=OPENROUTER size=LARGE)
[LLMActionPlayer] API call took 248 ms (model=OPENROUTER size=LARGE)
[LLMActionPlayer] API call took 245 ms (model=OPENROUTER size=LARGE)
[LLMActionPlayer] API call took 689 ms (model=OPENROUTER size=LARGE)
[LLMActionPlayer] API call took 167 ms (model=OPENROUTER size=LARGE)
[LLMActionPlayer] API call took 449 ms (model=OPENROUTER size=LARGE)
[LLMActionPlayer] API call took 187 ms (model=OPENROUTER size=LARGE)
[LLMActionPlayer] API call took 264 ms (model=OPENROUTER size=LARGE)
[LLMActionPlayer] API call took 218 ms (model=OPENROUTER size=LARGE)
[LLMActionPlayer] API call took 262 ms (model=OPENROUTER size=LARGE)
[LLMActionPlayer] API call took 139 ms (model=OPENROUTER size=LARGE)
[LLMActionPlayer] API call took 210 ms (model=OPENROUTER size=LARGE)
[LLMActionPlayer] API call took 166 ms (model=OPENROUTER size=LARGE)
[LLMActionPlayer] API call took 175 ms (model=OPENROUTER size=LARGE)
[LLMActionPlayer] API call took 229 ms (model=OPENROUTER size=LARGE)
[LOSE_GAME,WIN_GAME,LOSE_GAME,LOSE_GAME]
[LLMActionPlayer] API call took 320 ms (model=OPENROUTER size=LARGE)
[LLMActionPlayer] API call took 219 ms (model=OPENROUTER size=LARGE)
[LLMActionPlayer] API call took 166 ms (model=OPENROUTER size=LARGE)
[LOSE_GAME,LOSE_GAME,WIN_GAME,LOSE_GAME]
[LLMActionPlayer] API call took 227 ms (model=OPENROUTER size=LARGE)
[LLMActionPlayer] API call took 159 ms (model=OPENROUTER size=LARGE)
[LLMActionPlayer] API call took 178 ms (model=OPENROUTER size=LARGE)
[LLMActionPlayer] API call took 515 ms (model=OPENROUTER size=LARGE)
[LLMActionPlayer] API call took 168 ms (model=OPENROUTER size=LARGE)
[LLMActionPlayer] API call took 212 ms (model=OPENROUTER size=LARGE)
[LLMActionPlayer] API call took 214 ms (model=OPENROUTER size=LARGE)
[LLMActionPlayer] API call took 251 ms (model=OPENROUTER size=LARGE)
[LLMActionPlayer] API call took 181 ms (model=OPENROUTER size=LARGE)
[LLMActionPlayer] API call took 316 ms (model=OPENROUTER size=LARGE)
[LLMActionPlayer] API call took 604 ms (model=OPENROUTER size=LARGE)
[LLMActionPlayer] API call took 503 ms (model=OPENROUTER size=LARGE)
[LOSE_GAME,WIN_GAME,LOSE_GAME,LOSE_GAME]
[LLMActionPlayer] API call took 214 ms (model=OPENROUTER size=LARGE)
[LLMActionPlayer] API call took 177 ms (model=OPENROUTER size=LARGE)
[LOSE_GAME,WIN_GAME,LOSE_GAME,LOSE_GAME]
[LLMActionPlayer] API call took 178 ms (model=OPENROUTER size=LARGE)
[LLMActionPlayer] API call took 198 ms (model=OPENROUTER size=LARGE)
[LLMActionPlayer] API call took 209 ms (model=OPENROUTER size=LARGE)
[LLMActionPlayer] API call took 183 ms (model=OPENROUTER size=LARGE)
[LLMActionPlayer] API call took 227 ms (model=OPENROUTER size=LARGE)
[LLMActionPlayer] API call took 181 ms (model=OPENROUTER size=LARGE)
[LLMActionPlayer] API call took 403 ms (model=OPENROUTER size=LARGE)
[LLMActionPlayer] API call took 185 ms (model=OPENROUTER size=LARGE)
[LLMActionPlayer] API call took 784 ms (model=OPENROUTER size=LARGE)
[LLMActionPlayer] API call took 232 ms (model=OPENROUTER size=LARGE)
[LLMActionPlayer] API call took 187 ms (model=OPENROUTER size=LARGE)
[LLMActionPlayer] API call took 185 ms (model=OPENROUTER size=LARGE)
[WIN_GAME,LOSE_GAME,LOSE_GAME,LOSE_GAME]
[LLMActionPlayer] API call took 240 ms (model=OPENROUTER size=LARGE)
[LLMActionPlayer] API call took 224 ms (model=OPENROUTER size=LARGE)
[LLMActionPlayer] API call took 181 ms (model=OPENROUTER size=LARGE)
[LOSE_GAME,WIN_GAME,LOSE_GAME,LOSE_GAME]
[LLMActionPlayer] API call took 235 ms (model=OPENROUTER size=LARGE)
[LLMActionPlayer] API call took 282 ms (model=OPENROUTER size=LARGE)
[LLMActionPlayer] API call took 242 ms (model=OPENROUTER size=LARGE)
[LLMActionPlayer] API call took 354 ms (model=OPENROUTER size=LARGE)
[LLMActionPlayer] API call took 161 ms (model=OPENROUTER size=LARGE)
[LLMActionPlayer] API call took 246 ms (model=OPENROUTER size=LARGE)
[LLMActionPlayer] API call took 399 ms (model=OPENROUTER size=LARGE)
[LLMActionPlayer] API call took 148 ms (model=OPENROUTER size=LARGE)
[LLMActionPlayer] API call took 461 ms (model=OPENROUTER size=LARGE)
[LOSE_GAME,LOSE_GAME,LOSE_GAME,WIN_GAME]
[PhaseBasedEnsemblePlayer,Poker_4P_2,Poker_4P_1,Poker_4P_3]
[LLMActionPlayer] API call took 249 ms (model=OPENROUTER size=LARGE)
[LLMActionPlayer] API call took 151 ms (model=OPENROUTER size=LARGE)
[LLMActionPlayer] API call took 219 ms (model=OPENROUTER size=LARGE)
[LOSE_GAME,LOSE_GAME,WIN_GAME,LOSE_GAME]
[LLMActionPlayer] API call took 151 ms (model=OPENROUTER size=LARGE)
[LLMActionPlayer] API call took 207 ms (model=OPENROUTER size=LARGE)
[LLMActionPlayer] API call took 190 ms (model=OPENROUTER size=LARGE)
[LLMActionPlayer] API call took 242 ms (model=OPENROUTER size=LARGE)
[LLMActionPlayer] API call took 195 ms (model=OPENROUTER size=LARGE)
[LLMActionPlayer] API call took 169 ms (model=OPENROUTER size=LARGE)
[LLMActionPlayer] API call took 176 ms (model=OPENROUTER size=LARGE)
[LLMActionPlayer] API call took 266 ms (model=OPENROUTER size=LARGE)
[LLMActionPlayer] API call took 383 ms (model=OPENROUTER size=LARGE)
[LLMActionPlayer] API call took 378 ms (model=OPENROUTER size=LARGE)
[LLMActionPlayer] API call took 786 ms (model=OPENROUTER size=LARGE)
[LLMActionPlayer] API call took 210 ms (model=OPENROUTER size=LARGE)
[LLMActionPlayer] API call took 158 ms (model=OPENROUTER size=LARGE)
[LLMActionPlayer] API call took 249 ms (model=OPENROUTER size=LARGE)
[LLMActionPlayer] API call took 170 ms (model=OPENROUTER size=LARGE)
[LLMActionPlayer] API call took 539 ms (model=OPENROUTER size=LARGE)
[LLMActionPlayer] API call took 250 ms (model=OPENROUTER size=LARGE)
[LLMActionPlayer] API call took 142 ms (model=OPENROUTER size=LARGE)
[LLMActionPlayer] API call took 242 ms (model=OPENROUTER size=LARGE)
[LLMActionPlayer] API call took 789 ms (model=OPENROUTER size=LARGE)
[LLMActionPlayer] API call took 257 ms (model=OPENROUTER size=LARGE)
[LOSE_GAME,WIN_GAME,LOSE_GAME,LOSE_GAME]
[LLMActionPlayer] API call took 255 ms (model=OPENROUTER size=LARGE)
[LLMActionPlayer] API call took 331 ms (model=OPENROUTER size=LARGE)
[LLMActionPlayer] API call took 166 ms (model=OPENROUTER size=LARGE)
[LOSE_GAME,LOSE_GAME,LOSE_GAME,WIN_GAME]
[LLMActionPlayer] API call took 389 ms (model=OPENROUTER size=LARGE)
[LLMActionPlayer] API call took 281 ms (model=OPENROUTER size=LARGE)
[LLMActionPlayer] API call took 217 ms (model=OPENROUTER size=LARGE)
[LLMActionPlayer] API call took 204 ms (model=OPENROUTER size=LARGE)
[LOSE_GAME,LOSE_GAME,LOSE_GAME,WIN_GAME]
[LLMActionPlayer] API call took 145 ms (model=OPENROUTER size=LARGE)
[LLMActionPlayer] API call took 203 ms (model=OPENROUTER size=LARGE)
[LOSE_GAME,WIN_GAME,LOSE_GAME,LOSE_GAME]
[LLMActionPlayer] API call took 260 ms (model=OPENROUTER size=LARGE)
[LLMActionPlayer] API call took 178 ms (model=OPENROUTER size=LARGE)
[LLMActionPlayer] API call took 414 ms (model=OPENROUTER size=LARGE)
[LLMActionPlayer] API call took 309 ms (model=OPENROUTER size=LARGE)
[LOSE_GAME,LOSE_GAME,WIN_GAME,LOSE_GAME]
[LLMActionPlayer] API call took 424 ms (model=OPENROUTER size=LARGE)
[LLMActionPlayer] API call took 216 ms (model=OPENROUTER size=LARGE)
[LLMActionPlayer] API call took 225 ms (model=OPENROUTER size=LARGE)
[LLMActionPlayer] API call took 254 ms (model=OPENROUTER size=LARGE)
[LLMActionPlayer] API call took 219 ms (model=OPENROUTER size=LARGE)
[LLMActionPlayer] API call took 230 ms (model=OPENROUTER size=LARGE)
[LLMActionPlayer] API call took 173 ms (model=OPENROUTER size=LARGE)
[LLMActionPlayer] API call took 240 ms (model=OPENROUTER size=LARGE)
[LOSE_GAME,WIN_GAME,LOSE_GAME,LOSE_GAME]
[LLMActionPlayer] API call took 216 ms (model=OPENROUTER size=LARGE)
[LLMActionPlayer] API call took 300 ms (model=OPENROUTER size=LARGE)
[LLMActionPlayer] API call took 225 ms (model=OPENROUTER size=LARGE)
[LLMActionPlayer] API call took 204 ms (model=OPENROUTER size=LARGE)
[LLMActionPlayer] API call took 731 ms (model=OPENROUTER size=LARGE)
[LLMActionPlayer] API call took 171 ms (model=OPENROUTER size=LARGE)
[LLMActionPlayer] API call took 440 ms (model=OPENROUTER size=LARGE)
[LLMActionPlayer] API call took 246 ms (model=OPENROUTER size=LARGE)
[LLMActionPlayer] API call took 192 ms (model=OPENROUTER size=LARGE)
[LLMActionPlayer] API call took 206 ms (model=OPENROUTER size=LARGE)
[LLMActionPlayer] API call took 243 ms (model=OPENROUTER size=LARGE)
[LOSE_GAME,WIN_GAME,LOSE_GAME,LOSE_GAME]
[PhaseBasedEnsemblePlayer,Poker_4P_2,Poker_4P_3,Poker_4P_1]
[LLMActionPlayer] API call took 269 ms (model=OPENROUTER size=LARGE)
[LLMActionPlayer] API call took 195 ms (model=OPENROUTER size=LARGE)
[LOSE_GAME,WIN_GAME,LOSE_GAME,LOSE_GAME]
[LLMActionPlayer] API call took 314 ms (model=OPENROUTER size=LARGE)
[LLMActionPlayer] API call took 185 ms (model=OPENROUTER size=LARGE)
[LLMActionPlayer] API call took 209 ms (model=OPENROUTER size=LARGE)
[LLMActionPlayer] API call took 181 ms (model=OPENROUTER size=LARGE)
[LLMActionPlayer] API call took 267 ms (model=OPENROUTER size=LARGE)
[LOSE_GAME,LOSE_GAME,LOSE_GAME,WIN_GAME]
[LLMActionPlayer] API call took 223 ms (model=OPENROUTER size=LARGE)
[LLMActionPlayer] API call took 235 ms (model=OPENROUTER size=LARGE)
[LLMActionPlayer] API call took 262 ms (model=OPENROUTER size=LARGE)
[LOSE_GAME,LOSE_GAME,LOSE_GAME,WIN_GAME]
[LLMActionPlayer] API call took 237 ms (model=OPENROUTER size=LARGE)
[LLMActionPlayer] API call took 625 ms (model=OPENROUTER size=LARGE)
[LLMActionPlayer] API call took 172 ms (model=OPENROUTER size=LARGE)
[LLMActionPlayer] API call took 235 ms (model=OPENROUTER size=LARGE)
[LLMActionPlayer] API call took 441 ms (model=OPENROUTER size=LARGE)
[LLMActionPlayer] API call took 205 ms (model=OPENROUTER size=LARGE)
[LLMActionPlayer] API call took 179 ms (model=OPENROUTER size=LARGE)
[LLMActionPlayer] API call took 193 ms (model=OPENROUTER size=LARGE)
[LLMActionPlayer] API call took 173 ms (model=OPENROUTER size=LARGE)
[LLMActionPlayer] API call took 243 ms (model=OPENROUTER size=LARGE)
[LLMActionPlayer] API call took 205 ms (model=OPENROUTER size=LARGE)
[LLMActionPlayer] API call took 246 ms (model=OPENROUTER size=LARGE)
[LLMActionPlayer] API call took 245 ms (model=OPENROUTER size=LARGE)
[LOSE_GAME,WIN_GAME,LOSE_GAME,LOSE_GAME]
[LLMActionPlayer] API call took 203 ms (model=OPENROUTER size=LARGE)
[LLMActionPlayer] API call took 225 ms (model=OPENROUTER size=LARGE)
[LOSE_GAME,WIN_GAME,LOSE_GAME,LOSE_GAME]
[LLMActionPlayer] API call took 168 ms (model=OPENROUTER size=LARGE)
[LLMActionPlayer] API call took 246 ms (model=OPENROUTER size=LARGE)
[LLMActionPlayer] API call took 205 ms (model=OPENROUTER size=LARGE)
[LLMActionPlayer] API call took 210 ms (model=OPENROUTER size=LARGE)
[LLMActionPlayer] API call took 2898 ms (model=OPENROUTER size=LARGE)
[LLMActionPlayer] API call took 169 ms (model=OPENROUTER size=LARGE)
[LLMActionPlayer] API call took 491 ms (model=OPENROUTER size=LARGE)
[LLMActionPlayer] API call took 253 ms (model=OPENROUTER size=LARGE)
[LLMActionPlayer] API call took 257 ms (model=OPENROUTER size=LARGE)
[LLMActionPlayer] API call took 272 ms (model=OPENROUTER size=LARGE)
[LLMActionPlayer] API call took 262 ms (model=OPENROUTER size=LARGE)
[LLMActionPlayer] API call took 201 ms (model=OPENROUTER size=LARGE)
[LLMActionPlayer] API call took 227 ms (model=OPENROUTER size=LARGE)
[LOSE_GAME,WIN_GAME,LOSE_GAME,LOSE_GAME]
[LLMActionPlayer] API call took 136 ms (model=OPENROUTER size=LARGE)
[LLMActionPlayer] API call took 270 ms (model=OPENROUTER size=LARGE)
[LLMActionPlayer] API call took 189 ms (model=OPENROUTER size=LARGE)
[LLMActionPlayer] API call took 221 ms (model=OPENROUTER size=LARGE)
[LLMActionPlayer] API call took 365 ms (model=OPENROUTER size=LARGE)
[LLMActionPlayer] API call took 147 ms (model=OPENROUTER size=LARGE)
[LLMActionPlayer] API call took 620 ms (model=OPENROUTER size=LARGE)
[LOSE_GAME,LOSE_GAME,LOSE_GAME,WIN_GAME]
[LLMActionPlayer] API call took 469 ms (model=OPENROUTER size=LARGE)
[LLMActionPlayer] API call took 207 ms (model=OPENROUTER size=LARGE)
[LLMActionPlayer] API call took 241 ms (model=OPENROUTER size=LARGE)
[LLMActionPlayer] API call took 201 ms (model=OPENROUTER size=LARGE)
[LLMActionPlayer] API call took 252 ms (model=OPENROUTER size=LARGE)
[LLMActionPlayer] API call took 151 ms (model=OPENROUTER size=LARGE)
[LOSE_GAME,LOSE_GAME,LOSE_GAME,WIN_GAME]
============= Poker - 192 games played ============= 
Poker_4P_1 got 53.50 points. Poker_4P_1 won 27.6% of the 192 games of the tournament. Poker_4P_1 won 27.6% of the 192 games it played during the tournament.
Poker_4P_1 got a mean score of 56.43.
Poker_4P_1 won 27.6% of the 192 games against Poker_4P_3.
Poker_4P_1 won 27.6% of the 192 games against Poker_4P_2.
Poker_4P_1 won 27.6% of the 192 games against PhaseBasedEnsemblePlayer.

Poker_4P_3 got 66.50 points. Poker_4P_3 won 34.4% of the 192 games of the tournament. Poker_4P_3 won 34.4% of the 192 games it played during the tournament.
Poker_4P_3 got a mean score of 65.91.
Poker_4P_3 won 34.4% of the 192 games against Poker_4P_1.
Poker_4P_3 won 34.4% of the 192 games against Poker_4P_2.
Poker_4P_3 won 34.4% of the 192 games against PhaseBasedEnsemblePlayer.

Poker_4P_2 got 61.00 points. Poker_4P_2 won 31.8% of the 192 games of the tournament. Poker_4P_2 won 31.8% of the 192 games it played during the tournament.
Poker_4P_2 got a mean score of 62.06.
Poker_4P_2 won 31.8% of the 192 games against Poker_4P_1.
Poker_4P_2 won 31.8% of the 192 games against Poker_4P_3.
Poker_4P_2 won 31.8% of the 192 games against PhaseBasedEnsemblePlayer.

PhaseBasedEnsemblePlayer got 11.00 points. PhaseBasedEnsemblePlayer won 5.7% of the 192 games of the tournament. PhaseBasedEnsemblePlayer won 5.7% of the 192 games it played during the tournament.
PhaseBasedEnsemblePlayer got a mean score of 15.60.
PhaseBasedEnsemblePlayer won 5.7% of the 192 games against Poker_4P_1.
PhaseBasedEnsemblePlayer won 5.7% of the 192 games against Poker_4P_3.
PhaseBasedEnsemblePlayer won 5.7% of the 192 games against Poker_4P_2.

---- Ranking ---- (+/- are standard errors on the mean calculated using a Normal approximation) 
Poker_4P_3: Win rate 0.35 +/- 0.034	Mean Ordinal 1.82 +/- 0.05
Poker_4P_2: Win rate 0.32 +/- 0.034	Mean Ordinal 1.84 +/- 0.05
Poker_4P_1: Win rate 0.28 +/- 0.032	Mean Ordinal 1.95 +/- 0.05
PhaseBasedEnsemblePlayer: Win rate 0.06 +/- 0.017	Mean Ordinal 2.30 +/- 0.04
