Using command line value for config of json/experiments/TournoumentConfigs/Non-Fair/Catan_TradeSurplus_3P_200_LLAMA_NonFair.json
Game: Catan, Players: 3
Game: Catan, Players: 3, Mode: EXHAUSTIVE, TotalGames: 198, GamesPerMatchup: 33
WARNING: A terminally deprecated method in sun.misc.Unsafe has been called
WARNING: sun.misc.Unsafe::invokeCleaner has been called by nonapi.io.github.classgraph.utils.FileUtils (file:/Users/denizgencoatilla/TabletopGames/target/TAG.jar)
WARNING: Please consider reporting this to the maintainers of class nonapi.io.github.classgraph.utils.FileUtils
WARNING: sun.misc.Unsafe::invokeCleaner will be removed in a future release
Playing Catan
[Catan_1,Catan_2,PhaseBasedEnsemblePlayer]
[LLMActionPlayer] Creating LLMAccess: model=OPENROUTER size=LARGE
[LLMActionPlayer] API call took 495 ms (model=OPENROUTER size=LARGE)
[LLMActionPlayer] API call took 213 ms (model=OPENROUTER size=LARGE)
[LLMActionPlayer] API call took 183 ms (model=OPENROUTER size=LARGE)
[LLMActionPlayer] API call took 198 ms (model=OPENROUTER size=LARGE)
[LLMActionPlayer] API call took 175 ms (model=OPENROUTER size=LARGE)
[LLMActionPlayer] API call took 211 ms (model=OPENROUTER size=LARGE)
[LLMActionPlayer] API call took 142 ms (model=OPENROUTER size=LARGE)
[LLMActionPlayer] API call took 444 ms (model=OPENROUTER size=LARGE)
[LLMActionPlayer] API call took 166 ms (model=OPENROUTER size=LARGE)
[LLMActionPlayer] API call took 494 ms (model=OPENROUTER size=LARGE)
[LLMActionPlayer] API call took 429 ms (model=OPENROUTER size=LARGE)
[LLMActionPlayer] API call took 220 ms (model=OPENROUTER size=LARGE)
[LLMActionPlayer] API call took 970 ms (model=OPENROUTER size=LARGE)
[LLMActionPlayer] API call took 892 ms (model=OPENROUTER size=LARGE)
[LLMActionPlayer] API call took 592 ms (model=OPENROUTER size=LARGE)
[LLMActionPlayer] API call took 311 ms (model=OPENROUTER size=LARGE)
[LLMActionPlayer] API call took 427 ms (model=OPENROUTER size=LARGE)
[LLMActionPlayer] API call took 687 ms (model=OPENROUTER size=LARGE)
[LLMActionPlayer] API call took 261 ms (model=OPENROUTER size=LARGE)
[LLMActionPlayer] API call took 177 ms (model=OPENROUTER size=LARGE)
[LLMActionPlayer] API call took 337 ms (model=OPENROUTER size=LARGE)
[LLMActionPlayer] API call took 432 ms (model=OPENROUTER size=LARGE)
[LLMActionPlayer] API call took 179 ms (model=OPENROUTER size=LARGE)
[LLMActionPlayer] API call took 323 ms (model=OPENROUTER size=LARGE)
[LLMActionPlayer] API call took 628 ms (model=OPENROUTER size=LARGE)
[LLMActionPlayer] API call took 650 ms (model=OPENROUTER size=LARGE)
[LLMActionPlayer] API call took 205 ms (model=OPENROUTER size=LARGE)
[LLMActionPlayer] API call took 466 ms (model=OPENROUTER size=LARGE)
[LLMActionPlayer] API call took 495 ms (model=OPENROUTER size=LARGE)
[LLMActionPlayer] API call took 191 ms (model=OPENROUTER size=LARGE)
[LLMActionPlayer] API call took 247 ms (model=OPENROUTER size=LARGE)
[LLMActionPlayer] API call took 158 ms (model=OPENROUTER size=LARGE)
[LLMActionPlayer] API call took 449 ms (model=OPENROUTER size=LARGE)
[LLMActionPlayer] API call took 431 ms (model=OPENROUTER size=LARGE)
[LLMActionPlayer] API call took 245 ms (model=OPENROUTER size=LARGE)
[LLMActionPlayer] API call took 498 ms (model=OPENROUTER size=LARGE)
[LLMActionPlayer] API call took 480 ms (model=OPENROUTER size=LARGE)
[LLMActionPlayer] API call took 687 ms (model=OPENROUTER size=LARGE)
[LLMActionPlayer] API call took 417 ms (model=OPENROUTER size=LARGE)
[LLMActionPlayer] API call took 390 ms (model=OPENROUTER size=LARGE)
[LLMActionPlayer] API call took 415 ms (model=OPENROUTER size=LARGE)
[LLMActionPlayer] API call took 252 ms (model=OPENROUTER size=LARGE)
[LLMActionPlayer] API call took 368 ms (model=OPENROUTER size=LARGE)
[LLMActionPlayer] API call took 394 ms (model=OPENROUTER size=LARGE)
[LLMActionPlayer] API call took 213 ms (model=OPENROUTER size=LARGE)
[LLMActionPlayer] API call took 407 ms (model=OPENROUTER size=LARGE)
[LLMActionPlayer] API call took 489 ms (model=OPENROUTER size=LARGE)
[LLMActionPlayer] API call took 612 ms (model=OPENROUTER size=LARGE)
[LLMActionPlayer] API call took 625 ms (model=OPENROUTER size=LARGE)
[LLMActionPlayer] API call took 540 ms (model=OPENROUTER size=LARGE)
[LLMActionPlayer] API call took 751 ms (model=OPENROUTER size=LARGE)
[LLMActionPlayer] API call took 460 ms (model=OPENROUTER size=LARGE)
[LLMActionPlayer] API call took 709 ms (model=OPENROUTER size=LARGE)
[LLMActionPlayer] API call took 388 ms (model=OPENROUTER size=LARGE)
[WIN_GAME,LOSE_GAME,LOSE_GAME]
[LLMActionPlayer] API call took 200 ms (model=OPENROUTER size=LARGE)
[LLMActionPlayer] API call took 242 ms (model=OPENROUTER size=LARGE)
[LLMActionPlayer] API call took 257 ms (model=OPENROUTER size=LARGE)
[LLMActionPlayer] API call took 213 ms (model=OPENROUTER size=LARGE)
[LLMActionPlayer] API call took 208 ms (model=OPENROUTER size=LARGE)
[LLMActionPlayer] API call took 297 ms (model=OPENROUTER size=LARGE)
[LLMActionPlayer] API call took 315 ms (model=OPENROUTER size=LARGE)
[LLMActionPlayer] API call took 475 ms (model=OPENROUTER size=LARGE)
[LLMActionPlayer] API call took 184 ms (model=OPENROUTER size=LARGE)
[LLMActionPlayer] API call took 458 ms (model=OPENROUTER size=LARGE)
[LLMActionPlayer] API call took 357 ms (model=OPENROUTER size=LARGE)
[LLMActionPlayer] API call took 195 ms (model=OPENROUTER size=LARGE)
[LLMActionPlayer] API call took 175 ms (model=OPENROUTER size=LARGE)
[LLMActionPlayer] API call took 172 ms (model=OPENROUTER size=LARGE)
[LLMActionPlayer] API call took 404 ms (model=OPENROUTER size=LARGE)
[LLMActionPlayer] API call took 265 ms (model=OPENROUTER size=LARGE)
[LLMActionPlayer] API call took 378 ms (model=OPENROUTER size=LARGE)
[WIN_GAME,LOSE_GAME,LOSE_GAME]
[LLMActionPlayer] API call took 1048 ms (model=OPENROUTER size=LARGE)
[LLMActionPlayer] API call took 667 ms (model=OPENROUTER size=LARGE)
[LLMActionPlayer] API call took 208 ms (model=OPENROUTER size=LARGE)
[LLMActionPlayer] API call took 510 ms (model=OPENROUTER size=LARGE)
[LLMActionPlayer] API call took 540 ms (model=OPENROUTER size=LARGE)
[LLMActionPlayer] API call took 352 ms (model=OPENROUTER size=LARGE)
[LLMActionPlayer] API call took 239 ms (model=OPENROUTER size=LARGE)
[LLMActionPlayer] API call took 406 ms (model=OPENROUTER size=LARGE)
[LLMActionPlayer] API call took 415 ms (model=OPENROUTER size=LARGE)
[LLMActionPlayer] API call took 335 ms (model=OPENROUTER size=LARGE)
[LLMActionPlayer] API call took 199 ms (model=OPENROUTER size=LARGE)
[LLMActionPlayer] API call took 315 ms (model=OPENROUTER size=LARGE)
[LLMActionPlayer] API call took 229 ms (model=OPENROUTER size=LARGE)
[LLMActionPlayer] API call took 741 ms (model=OPENROUTER size=LARGE)
[LLMActionPlayer] API call took 264 ms (model=OPENROUTER size=LARGE)
[LLMActionPlayer] API call took 453 ms (model=OPENROUTER size=LARGE)
[LLMActionPlayer] API call took 230 ms (model=OPENROUTER size=LARGE)
[LLMActionPlayer] API call took 201 ms (model=OPENROUTER size=LARGE)
[LLMActionPlayer] API call took 257 ms (model=OPENROUTER size=LARGE)
[LLMActionPlayer] API call took 443 ms (model=OPENROUTER size=LARGE)
[LLMActionPlayer] API call took 413 ms (model=OPENROUTER size=LARGE)
[LLMActionPlayer] API call took 345 ms (model=OPENROUTER size=LARGE)
[LLMActionPlayer] API call took 459 ms (model=OPENROUTER size=LARGE)
[LLMActionPlayer] API call took 406 ms (model=OPENROUTER size=LARGE)
[LLMActionPlayer] API call took 395 ms (model=OPENROUTER size=LARGE)
[LLMActionPlayer] API call took 394 ms (model=OPENROUTER size=LARGE)
[LLMActionPlayer] API call took 376 ms (model=OPENROUTER size=LARGE)
[LLMActionPlayer] API call took 545 ms (model=OPENROUTER size=LARGE)
[LLMActionPlayer] API call took 557 ms (model=OPENROUTER size=LARGE)
[LLMActionPlayer] API call took 429 ms (model=OPENROUTER size=LARGE)
[LLMActionPlayer] API call took 347 ms (model=OPENROUTER size=LARGE)
[LLMActionPlayer] API call took 267 ms (model=OPENROUTER size=LARGE)
[LLMActionPlayer] API call took 216 ms (model=OPENROUTER size=LARGE)
[LLMActionPlayer] API call took 420 ms (model=OPENROUTER size=LARGE)
[LLMActionPlayer] API call took 306 ms (model=OPENROUTER size=LARGE)
[LLMActionPlayer] API call took 1207 ms (model=OPENROUTER size=LARGE)
[LLMActionPlayer] API call took 434 ms (model=OPENROUTER size=LARGE)
[LLMActionPlayer] API call took 232 ms (model=OPENROUTER size=LARGE)
[LLMActionPlayer] API call took 185 ms (model=OPENROUTER size=LARGE)
[LLMActionPlayer] API call took 1053 ms (model=OPENROUTER size=LARGE)
[LLMActionPlayer] API call took 539 ms (model=OPENROUTER size=LARGE)
[LLMActionPlayer] API call took 202 ms (model=OPENROUTER size=LARGE)
[LLMActionPlayer] API call took 231 ms (model=OPENROUTER size=LARGE)
[LLMActionPlayer] API call took 162 ms (model=OPENROUTER size=LARGE)
[LOSE_GAME,LOSE_GAME,WIN_GAME]
[LLMActionPlayer] API call took 195 ms (model=OPENROUTER size=LARGE)
[LLMActionPlayer] API call took 177 ms (model=OPENROUTER size=LARGE)
[LLMActionPlayer] API call took 174 ms (model=OPENROUTER size=LARGE)
[LLMActionPlayer] API call took 179 ms (model=OPENROUTER size=LARGE)
[LLMActionPlayer] API call took 215 ms (model=OPENROUTER size=LARGE)
[LLMActionPlayer] API call took 141 ms (model=OPENROUTER size=LARGE)
[LLMActionPlayer] API call took 331 ms (model=OPENROUTER size=LARGE)
[LLMActionPlayer] API call took 322 ms (model=OPENROUTER size=LARGE)
[LLMActionPlayer] API call took 267 ms (model=OPENROUTER size=LARGE)
[LLMActionPlayer] API call took 219 ms (model=OPENROUTER size=LARGE)
[LLMActionPlayer] API call took 278 ms (model=OPENROUTER size=LARGE)
[LLMActionPlayer] API call took 182 ms (model=OPENROUTER size=LARGE)
[LLMActionPlayer] API call took 405 ms (model=OPENROUTER size=LARGE)
[LLMActionPlayer] API call took 446 ms (model=OPENROUTER size=LARGE)
[LLMActionPlayer] API call took 208 ms (model=OPENROUTER size=LARGE)
[LLMActionPlayer] API call took 429 ms (model=OPENROUTER size=LARGE)
[LLMActionPlayer] API call took 339 ms (model=OPENROUTER size=LARGE)
[LLMActionPlayer] API call took 864 ms (model=OPENROUTER size=LARGE)
[LLMActionPlayer] API call took 201 ms (model=OPENROUTER size=LARGE)
[LLMActionPlayer] API call took 382 ms (model=OPENROUTER size=LARGE)
[LLMActionPlayer] API call took 800 ms (model=OPENROUTER size=LARGE)
[LLMActionPlayer] API call took 203 ms (model=OPENROUTER size=LARGE)
[LLMActionPlayer] API call took 204 ms (model=OPENROUTER size=LARGE)
[LLMActionPlayer] API call took 364 ms (model=OPENROUTER size=LARGE)
[LLMActionPlayer] API call took 639 ms (model=OPENROUTER size=LARGE)
[LLMActionPlayer] API call took 147 ms (model=OPENROUTER size=LARGE)
[LLMActionPlayer] API call took 506 ms (model=OPENROUTER size=LARGE)
[LLMActionPlayer] API call took 478 ms (model=OPENROUTER size=LARGE)
[LLMActionPlayer] API call took 205 ms (model=OPENROUTER size=LARGE)
[LLMActionPlayer] API call took 615 ms (model=OPENROUTER size=LARGE)
[LLMActionPlayer] API call took 447 ms (model=OPENROUTER size=LARGE)
[LLMActionPlayer] API call took 484 ms (model=OPENROUTER size=LARGE)
[LLMActionPlayer] API call took 457 ms (model=OPENROUTER size=LARGE)
[LLMActionPlayer] API call took 172 ms (model=OPENROUTER size=LARGE)
[WIN_GAME,LOSE_GAME,LOSE_GAME]
[LLMActionPlayer] API call took 200 ms (model=OPENROUTER size=LARGE)
[LLMActionPlayer] API call took 150 ms (model=OPENROUTER size=LARGE)
[LLMActionPlayer] API call took 179 ms (model=OPENROUTER size=LARGE)
[LLMActionPlayer] API call took 599 ms (model=OPENROUTER size=LARGE)
[LLMActionPlayer] API call took 301 ms (model=OPENROUTER size=LARGE)
[LLMActionPlayer] API call took 186 ms (model=OPENROUTER size=LARGE)
[LLMActionPlayer] API call took 313 ms (model=OPENROUTER size=LARGE)
[LLMActionPlayer] API call took 391 ms (model=OPENROUTER size=LARGE)
[LLMActionPlayer] API call took 225 ms (model=OPENROUTER size=LARGE)
[LLMActionPlayer] API call took 366 ms (model=OPENROUTER size=LARGE)
[LLMActionPlayer] API call took 159 ms (model=OPENROUTER size=LARGE)
[LLMActionPlayer] API call took 197 ms (model=OPENROUTER size=LARGE)
[LLMActionPlayer] API call took 517 ms (model=OPENROUTER size=LARGE)
[LLMActionPlayer] API call took 293 ms (model=OPENROUTER size=LARGE)
[LLMActionPlayer] API call took 346 ms (model=OPENROUTER size=LARGE)
[LLMActionPlayer] API call took 1000 ms (model=OPENROUTER size=LARGE)
[LLMActionPlayer] API call took 659 ms (model=OPENROUTER size=LARGE)
[LLMActionPlayer] API call took 391 ms (model=OPENROUTER size=LARGE)
[LLMActionPlayer] API call took 485 ms (model=OPENROUTER size=LARGE)
[LLMActionPlayer] API call took 294 ms (model=OPENROUTER size=LARGE)
[LLMActionPlayer] API call took 150 ms (model=OPENROUTER size=LARGE)
[LLMActionPlayer] API call took 442 ms (model=OPENROUTER size=LARGE)
[LLMActionPlayer] API call took 418 ms (model=OPENROUTER size=LARGE)
[LLMActionPlayer] API call took 177 ms (model=OPENROUTER size=LARGE)
[LLMActionPlayer] API call took 331 ms (model=OPENROUTER size=LARGE)
[LLMActionPlayer] API call took 292 ms (model=OPENROUTER size=LARGE)
[LLMActionPlayer] API call took 214 ms (model=OPENROUTER size=LARGE)
[LLMActionPlayer] API call took 359 ms (model=OPENROUTER size=LARGE)
[LLMActionPlayer] API call took 777 ms (model=OPENROUTER size=LARGE)
[LLMActionPlayer] API call took 309 ms (model=OPENROUTER size=LARGE)
[LLMActionPlayer] API call took 382 ms (model=OPENROUTER size=LARGE)
[LLMActionPlayer] API call took 235 ms (model=OPENROUTER size=LARGE)
[LLMActionPlayer] API call took 213 ms (model=OPENROUTER size=LARGE)
[LLMActionPlayer] API call took 378 ms (model=OPENROUTER size=LARGE)
[LLMActionPlayer] API call took 413 ms (model=OPENROUTER size=LARGE)
[LLMActionPlayer] API call took 162 ms (model=OPENROUTER size=LARGE)
[LLMActionPlayer] API call took 448 ms (model=OPENROUTER size=LARGE)
[LLMActionPlayer] API call took 331 ms (model=OPENROUTER size=LARGE)
[LLMActionPlayer] API call took 450 ms (model=OPENROUTER size=LARGE)
[LLMActionPlayer] API call took 330 ms (model=OPENROUTER size=LARGE)
[LLMActionPlayer] API call took 199 ms (model=OPENROUTER size=LARGE)
[LLMActionPlayer] API call took 328 ms (model=OPENROUTER size=LARGE)
[LLMActionPlayer] API call took 450 ms (model=OPENROUTER size=LARGE)
[LLMActionPlayer] API call took 195 ms (model=OPENROUTER size=LARGE)
[LLMActionPlayer] API call took 154 ms (model=OPENROUTER size=LARGE)
[LLMActionPlayer] API call took 359 ms (model=OPENROUTER size=LARGE)
[LLMActionPlayer] API call took 369 ms (model=OPENROUTER size=LARGE)
[WIN_GAME,LOSE_GAME,LOSE_GAME]
[LLMActionPlayer] API call took 295 ms (model=OPENROUTER size=LARGE)
[LLMActionPlayer] API call took 816 ms (model=OPENROUTER size=LARGE)
[LLMActionPlayer] API call took 320 ms (model=OPENROUTER size=LARGE)
[LLMActionPlayer] API call took 197 ms (model=OPENROUTER size=LARGE)
[LLMActionPlayer] API call took 580 ms (model=OPENROUTER size=LARGE)
[LLMActionPlayer] API call took 373 ms (model=OPENROUTER size=LARGE)
[LLMActionPlayer] API call took 482 ms (model=OPENROUTER size=LARGE)
[LLMActionPlayer] API call took 432 ms (model=OPENROUTER size=LARGE)
[LLMActionPlayer] API call took 258 ms (model=OPENROUTER size=LARGE)
[LLMActionPlayer] API call took 163 ms (model=OPENROUTER size=LARGE)
[LLMActionPlayer] API call took 259 ms (model=OPENROUTER size=LARGE)
[LLMActionPlayer] API call took 274 ms (model=OPENROUTER size=LARGE)
[LLMActionPlayer] API call took 218 ms (model=OPENROUTER size=LARGE)
[LLMActionPlayer] API call took 403 ms (model=OPENROUTER size=LARGE)
[LLMActionPlayer] API call took 389 ms (model=OPENROUTER size=LARGE)
[LLMActionPlayer] API call took 472 ms (model=OPENROUTER size=LARGE)
[LLMActionPlayer] API call took 696 ms (model=OPENROUTER size=LARGE)
[LLMActionPlayer] API call took 213 ms (model=OPENROUTER size=LARGE)
[LLMActionPlayer] API call took 192 ms (model=OPENROUTER size=LARGE)
[LLMActionPlayer] API call took 238 ms (model=OPENROUTER size=LARGE)
[LLMActionPlayer] API call took 223 ms (model=OPENROUTER size=LARGE)
[LLMActionPlayer] API call took 400 ms (model=OPENROUTER size=LARGE)
[LLMActionPlayer] API call took 439 ms (model=OPENROUTER size=LARGE)
[LLMActionPlayer] API call took 322 ms (model=OPENROUTER size=LARGE)
[LLMActionPlayer] API call took 461 ms (model=OPENROUTER size=LARGE)
[LLMActionPlayer] API call took 188 ms (model=OPENROUTER size=LARGE)
[LLMActionPlayer] API call took 445 ms (model=OPENROUTER size=LARGE)
[LLMActionPlayer] API call took 449 ms (model=OPENROUTER size=LARGE)
[LLMActionPlayer] API call took 186 ms (model=OPENROUTER size=LARGE)
[LLMActionPlayer] API call took 649 ms (model=OPENROUTER size=LARGE)
[LLMActionPlayer] API call took 378 ms (model=OPENROUTER size=LARGE)
[LLMActionPlayer] API call took 309 ms (model=OPENROUTER size=LARGE)
[WIN_GAME,LOSE_GAME,LOSE_GAME]
[LLMActionPlayer] API call took 268 ms (model=OPENROUTER size=LARGE)
[LLMActionPlayer] API call took 187 ms (model=OPENROUTER size=LARGE)
[LLMActionPlayer] API call took 183 ms (model=OPENROUTER size=LARGE)
[LLMActionPlayer] API call took 212 ms (model=OPENROUTER size=LARGE)
[LLMActionPlayer] API call took 437 ms (model=OPENROUTER size=LARGE)
[LLMActionPlayer] API call took 342 ms (model=OPENROUTER size=LARGE)
[LLMActionPlayer] API call took 322 ms (model=OPENROUTER size=LARGE)
[LLMActionPlayer] API call took 397 ms (model=OPENROUTER size=LARGE)
[LLMActionPlayer] API call took 212 ms (model=OPENROUTER size=LARGE)
[LLMActionPlayer] API call took 168 ms (model=OPENROUTER size=LARGE)
[LLMActionPlayer] API call took 193 ms (model=OPENROUTER size=LARGE)
[LLMActionPlayer] API call took 268 ms (model=OPENROUTER size=LARGE)
[LLMActionPlayer] API call took 217 ms (model=OPENROUTER size=LARGE)
[LLMActionPlayer] API call took 202 ms (model=OPENROUTER size=LARGE)
[LLMActionPlayer] API call took 328 ms (model=OPENROUTER size=LARGE)
[LLMActionPlayer] API call took 185 ms (model=OPENROUTER size=LARGE)
[LLMActionPlayer] API call took 206 ms (model=OPENROUTER size=LARGE)
[LLMActionPlayer] API call took 293 ms (model=OPENROUTER size=LARGE)
[LLMActionPlayer] API call took 438 ms (model=OPENROUTER size=LARGE)
[LLMActionPlayer] API call took 459 ms (model=OPENROUTER size=LARGE)
[LLMActionPlayer] API call took 244 ms (model=OPENROUTER size=LARGE)
[LLMActionPlayer] API call took 568 ms (model=OPENROUTER size=LARGE)
[LLMActionPlayer] API call took 2478 ms (model=OPENROUTER size=LARGE)
[LLMActionPlayer] API call took 812 ms (model=OPENROUTER size=LARGE)
[LLMActionPlayer] API call took 460 ms (model=OPENROUTER size=LARGE)
[LLMActionPlayer] API call took 206 ms (model=OPENROUTER size=LARGE)
[LLMActionPlayer] API call took 417 ms (model=OPENROUTER size=LARGE)
[LLMActionPlayer] API call took 474 ms (model=OPENROUTER size=LARGE)
[WIN_GAME,LOSE_GAME,LOSE_GAME]
[LLMActionPlayer] API call took 208 ms (model=OPENROUTER size=LARGE)
[LLMActionPlayer] API call took 181 ms (model=OPENROUTER size=LARGE)
[LLMActionPlayer] API call took 192 ms (model=OPENROUTER size=LARGE)
[LLMActionPlayer] API call took 257 ms (model=OPENROUTER size=LARGE)
[LLMActionPlayer] API call took 510 ms (model=OPENROUTER size=LARGE)
[LLMActionPlayer] API call took 417 ms (model=OPENROUTER size=LARGE)
[LLMActionPlayer] API call took 267 ms (model=OPENROUTER size=LARGE)
[LLMActionPlayer] API call took 153 ms (model=OPENROUTER size=LARGE)
[LLMActionPlayer] API call took 209 ms (model=OPENROUTER size=LARGE)
[LLMActionPlayer] API call took 453 ms (model=OPENROUTER size=LARGE)
[LLMActionPlayer] API call took 437 ms (model=OPENROUTER size=LARGE)
[LLMActionPlayer] API call took 178 ms (model=OPENROUTER size=LARGE)
[LLMActionPlayer] API call took 439 ms (model=OPENROUTER size=LARGE)
[LLMActionPlayer] API call took 351 ms (model=OPENROUTER size=LARGE)
[LLMActionPlayer] API call took 223 ms (model=OPENROUTER size=LARGE)
[LLMActionPlayer] API call took 355 ms (model=OPENROUTER size=LARGE)
[LLMActionPlayer] API call took 926 ms (model=OPENROUTER size=LARGE)
[LLMActionPlayer] API call took 326 ms (model=OPENROUTER size=LARGE)
[LLMActionPlayer] API call took 338 ms (model=OPENROUTER size=LARGE)
[LLMActionPlayer] API call took 188 ms (model=OPENROUTER size=LARGE)
[LLMActionPlayer] API call took 442 ms (model=OPENROUTER size=LARGE)
[LLMActionPlayer] API call took 243 ms (model=OPENROUTER size=LARGE)
[LLMActionPlayer] API call took 403 ms (model=OPENROUTER size=LARGE)
[LLMActionPlayer] API call took 555 ms (model=OPENROUTER size=LARGE)
[LLMActionPlayer] API call took 362 ms (model=OPENROUTER size=LARGE)
[LLMActionPlayer] API call took 293 ms (model=OPENROUTER size=LARGE)
[LLMActionPlayer] API call took 913 ms (model=OPENROUTER size=LARGE)
[LLMActionPlayer] API call took 453 ms (model=OPENROUTER size=LARGE)
[LLMActionPlayer] API call took 415 ms (model=OPENROUTER size=LARGE)
[LLMActionPlayer] API call took 389 ms (model=OPENROUTER size=LARGE)
[LLMActionPlayer] API call took 316 ms (model=OPENROUTER size=LARGE)
[LLMActionPlayer] API call took 248 ms (model=OPENROUTER size=LARGE)
[LLMActionPlayer] API call took 192 ms (model=OPENROUTER size=LARGE)
[LLMActionPlayer] API call took 186 ms (model=OPENROUTER size=LARGE)
[LLMActionPlayer] API call took 566 ms (model=OPENROUTER size=LARGE)
[LLMActionPlayer] API call took 714 ms (model=OPENROUTER size=LARGE)
[LLMActionPlayer] API call took 180 ms (model=OPENROUTER size=LARGE)
[LLMActionPlayer] API call took 252 ms (model=OPENROUTER size=LARGE)
[LLMActionPlayer] API call took 219 ms (model=OPENROUTER size=LARGE)
[LLMActionPlayer] API call took 326 ms (model=OPENROUTER size=LARGE)
[LLMActionPlayer] API call took 476 ms (model=OPENROUTER size=LARGE)
[LLMActionPlayer] API call took 431 ms (model=OPENROUTER size=LARGE)
[LLMActionPlayer] API call took 224 ms (model=OPENROUTER size=LARGE)
[LLMActionPlayer] API call took 581 ms (model=OPENROUTER size=LARGE)
[LLMActionPlayer] API call took 246 ms (model=OPENROUTER size=LARGE)
[LLMActionPlayer] API call took 572 ms (model=OPENROUTER size=LARGE)
[LLMActionPlayer] API call took 562 ms (model=OPENROUTER size=LARGE)
[LLMActionPlayer] API call took 370 ms (model=OPENROUTER size=LARGE)
[LLMActionPlayer] API call took 491 ms (model=OPENROUTER size=LARGE)
[LLMActionPlayer] API call took 197 ms (model=OPENROUTER size=LARGE)
[LLMActionPlayer] API call took 176 ms (model=OPENROUTER size=LARGE)
[LLMActionPlayer] API call took 477 ms (model=OPENROUTER size=LARGE)
[LLMActionPlayer] API call took 325 ms (model=OPENROUTER size=LARGE)
[LLMActionPlayer] API call took 219 ms (model=OPENROUTER size=LARGE)
[LLMActionPlayer] API call took 211 ms (model=OPENROUTER size=LARGE)
[LLMActionPlayer] API call took 389 ms (model=OPENROUTER size=LARGE)
[LLMActionPlayer] API call took 428 ms (model=OPENROUTER size=LARGE)
[LLMActionPlayer] API call took 210 ms (model=OPENROUTER size=LARGE)
[LLMActionPlayer] API call took 190 ms (model=OPENROUTER size=LARGE)
[LLMActionPlayer] API call took 349 ms (model=OPENROUTER size=LARGE)
[LLMActionPlayer] API call took 288 ms (model=OPENROUTER size=LARGE)
[LLMActionPlayer] API call took 220 ms (model=OPENROUTER size=LARGE)
[LLMActionPlayer] API call took 541 ms (model=OPENROUTER size=LARGE)
[LLMActionPlayer] API call took 385 ms (model=OPENROUTER size=LARGE)
[LLMActionPlayer] API call took 185 ms (model=OPENROUTER size=LARGE)
[LLMActionPlayer] API call took 199 ms (model=OPENROUTER size=LARGE)
[LOSE_GAME,LOSE_GAME,WIN_GAME]
[LLMActionPlayer] API call took 5274 ms (model=OPENROUTER size=LARGE)
[LLMActionPlayer] API call took 218 ms (model=OPENROUTER size=LARGE)
[LLMActionPlayer] API call took 320 ms (model=OPENROUTER size=LARGE)
[LLMActionPlayer] API call took 178 ms (model=OPENROUTER size=LARGE)
[LLMActionPlayer] API call took 204 ms (model=OPENROUTER size=LARGE)
[LLMActionPlayer] API call took 230 ms (model=OPENROUTER size=LARGE)
[LLMActionPlayer] API call took 216 ms (model=OPENROUTER size=LARGE)
[LLMActionPlayer] API call took 265 ms (model=OPENROUTER size=LARGE)
[LLMActionPlayer] API call took 183 ms (model=OPENROUTER size=LARGE)
[LLMActionPlayer] API call took 388 ms (model=OPENROUTER size=LARGE)
[LLMActionPlayer] API call took 300 ms (model=OPENROUTER size=LARGE)
[LLMActionPlayer] API call took 425 ms (model=OPENROUTER size=LARGE)
[LLMActionPlayer] API call took 403 ms (model=OPENROUTER size=LARGE)
[LLMActionPlayer] API call took 501 ms (model=OPENROUTER size=LARGE)
[LLMActionPlayer] API call took 210 ms (model=OPENROUTER size=LARGE)
[LLMActionPlayer] API call took 336 ms (model=OPENROUTER size=LARGE)
[LLMActionPlayer] API call took 699 ms (model=OPENROUTER size=LARGE)
[LLMActionPlayer] API call took 588 ms (model=OPENROUTER size=LARGE)
[LLMActionPlayer] API call took 208 ms (model=OPENROUTER size=LARGE)
[LLMActionPlayer] API call took 411 ms (model=OPENROUTER size=LARGE)
[LLMActionPlayer] API call took 595 ms (model=OPENROUTER size=LARGE)
[LLMActionPlayer] API call took 520 ms (model=OPENROUTER size=LARGE)
[LLMActionPlayer] API call took 668 ms (model=OPENROUTER size=LARGE)
[LLMActionPlayer] API call took 363 ms (model=OPENROUTER size=LARGE)
[LLMActionPlayer] API call took 432 ms (model=OPENROUTER size=LARGE)
[LLMActionPlayer] API call took 430 ms (model=OPENROUTER size=LARGE)
[LLMActionPlayer] API call took 436 ms (model=OPENROUTER size=LARGE)
[LLMActionPlayer] API call took 676 ms (model=OPENROUTER size=LARGE)
[LLMActionPlayer] API call took 203 ms (model=OPENROUTER size=LARGE)
[LLMActionPlayer] API call took 415 ms (model=OPENROUTER size=LARGE)
[LLMActionPlayer] API call took 577 ms (model=OPENROUTER size=LARGE)
[LLMActionPlayer] API call took 426 ms (model=OPENROUTER size=LARGE)
[LLMActionPlayer] API call took 425 ms (model=OPENROUTER size=LARGE)
[LLMActionPlayer] API call took 463 ms (model=OPENROUTER size=LARGE)
[LLMActionPlayer] API call took 338 ms (model=OPENROUTER size=LARGE)
[LLMActionPlayer] API call took 560 ms (model=OPENROUTER size=LARGE)
[LLMActionPlayer] API call took 224 ms (model=OPENROUTER size=LARGE)
[LLMActionPlayer] API call took 396 ms (model=OPENROUTER size=LARGE)
[LLMActionPlayer] API call took 415 ms (model=OPENROUTER size=LARGE)
[LLMActionPlayer] API call took 431 ms (model=OPENROUTER size=LARGE)
[LLMActionPlayer] API call took 277 ms (model=OPENROUTER size=LARGE)
[LLMActionPlayer] API call took 432 ms (model=OPENROUTER size=LARGE)
[LLMActionPlayer] API call took 439 ms (model=OPENROUTER size=LARGE)
[LLMActionPlayer] API call took 329 ms (model=OPENROUTER size=LARGE)
[LLMActionPlayer] API call took 363 ms (model=OPENROUTER size=LARGE)
[LLMActionPlayer] API call took 200 ms (model=OPENROUTER size=LARGE)
[LLMActionPlayer] API call took 237 ms (model=OPENROUTER size=LARGE)
[LLMActionPlayer] API call took 240 ms (model=OPENROUTER size=LARGE)
[LLMActionPlayer] API call took 716 ms (model=OPENROUTER size=LARGE)
[LLMActionPlayer] API call took 412 ms (model=OPENROUTER size=LARGE)
[LLMActionPlayer] API call took 366 ms (model=OPENROUTER size=LARGE)
[LOSE_GAME,LOSE_GAME,WIN_GAME]
[LLMActionPlayer] API call took 344 ms (model=OPENROUTER size=LARGE)
[LLMActionPlayer] API call took 644 ms (model=OPENROUTER size=LARGE)
[LLMActionPlayer] API call took 1391 ms (model=OPENROUTER size=LARGE)
[LLMActionPlayer] API call took 177 ms (model=OPENROUTER size=LARGE)
[LLMActionPlayer] API call took 191 ms (model=OPENROUTER size=LARGE)
[LLMActionPlayer] API call took 319 ms (model=OPENROUTER size=LARGE)
[LLMActionPlayer] API call took 159 ms (model=OPENROUTER size=LARGE)
[LLMActionPlayer] API call took 157 ms (model=OPENROUTER size=LARGE)
[LLMActionPlayer] API call took 178 ms (model=OPENROUTER size=LARGE)
[LLMActionPlayer] API call took 380 ms (model=OPENROUTER size=LARGE)
[LLMActionPlayer] API call took 368 ms (model=OPENROUTER size=LARGE)
[LLMActionPlayer] API call took 270 ms (model=OPENROUTER size=LARGE)
[LLMActionPlayer] API call took 213 ms (model=OPENROUTER size=LARGE)
[LLMActionPlayer] API call took 394 ms (model=OPENROUTER size=LARGE)
[LLMActionPlayer] API call took 391 ms (model=OPENROUTER size=LARGE)
[LLMActionPlayer] API call took 730 ms (model=OPENROUTER size=LARGE)
[LLMActionPlayer] API call took 452 ms (model=OPENROUTER size=LARGE)
[LLMActionPlayer] API call took 167 ms (model=OPENROUTER size=LARGE)
[LLMActionPlayer] API call took 532 ms (model=OPENROUTER size=LARGE)
[LLMActionPlayer] API call took 450 ms (model=OPENROUTER size=LARGE)
[LLMActionPlayer] API call took 477 ms (model=OPENROUTER size=LARGE)
[LLMActionPlayer] API call took 448 ms (model=OPENROUTER size=LARGE)
[LLMActionPlayer] API call took 204 ms (model=OPENROUTER size=LARGE)
[LLMActionPlayer] API call took 603 ms (model=OPENROUTER size=LARGE)
[LLMActionPlayer] API call took 778 ms (model=OPENROUTER size=LARGE)
[LLMActionPlayer] API call took 540 ms (model=OPENROUTER size=LARGE)
[LLMActionPlayer] API call took 564 ms (model=OPENROUTER size=LARGE)
[LLMActionPlayer] API call took 883 ms (model=OPENROUTER size=LARGE)
[LLMActionPlayer] API call took 176 ms (model=OPENROUTER size=LARGE)
[LLMActionPlayer] API call took 241 ms (model=OPENROUTER size=LARGE)
[LLMActionPlayer] API call took 411 ms (model=OPENROUTER size=LARGE)
[LLMActionPlayer] API call took 489 ms (model=OPENROUTER size=LARGE)
[LLMActionPlayer] API call took 753 ms (model=OPENROUTER size=LARGE)
[LLMActionPlayer] API call took 536 ms (model=OPENROUTER size=LARGE)
[LLMActionPlayer] API call took 356 ms (model=OPENROUTER size=LARGE)
[LLMActionPlayer] API call took 249 ms (model=OPENROUTER size=LARGE)
[LLMActionPlayer] API call took 510 ms (model=OPENROUTER size=LARGE)
[LLMActionPlayer] API call took 414 ms (model=OPENROUTER size=LARGE)
[LLMActionPlayer] API call took 444 ms (model=OPENROUTER size=LARGE)
[LLMActionPlayer] API call took 375 ms (model=OPENROUTER size=LARGE)
[LLMActionPlayer] API call took 211 ms (model=OPENROUTER size=LARGE)
[LLMActionPlayer] API call took 817 ms (model=OPENROUTER size=LARGE)
[LLMActionPlayer] API call took 689 ms (model=OPENROUTER size=LARGE)
[LLMActionPlayer] API call took 174 ms (model=OPENROUTER size=LARGE)
[LLMActionPlayer] API call took 167 ms (model=OPENROUTER size=LARGE)
[LLMActionPlayer] API call took 480 ms (model=OPENROUTER size=LARGE)
[LLMActionPlayer] API call took 909 ms (model=OPENROUTER size=LARGE)
[LLMActionPlayer] API call took 175 ms (model=OPENROUTER size=LARGE)
[LLMActionPlayer] API call took 433 ms (model=OPENROUTER size=LARGE)
[LLMActionPlayer] API call took 438 ms (model=OPENROUTER size=LARGE)
[LLMActionPlayer] API call took 164 ms (model=OPENROUTER size=LARGE)
[LLMActionPlayer] API call took 195 ms (model=OPENROUTER size=LARGE)
[LLMActionPlayer] API call took 311 ms (model=OPENROUTER size=LARGE)
[LLMActionPlayer] API call took 525 ms (model=OPENROUTER size=LARGE)
[LLMActionPlayer] API call took 466 ms (model=OPENROUTER size=LARGE)
[LLMActionPlayer] API call took 346 ms (model=OPENROUTER size=LARGE)
[LLMActionPlayer] API call took 382 ms (model=OPENROUTER size=LARGE)
[LLMActionPlayer] API call took 223 ms (model=OPENROUTER size=LARGE)
[LLMActionPlayer] API call took 470 ms (model=OPENROUTER size=LARGE)
[LLMActionPlayer] API call took 399 ms (model=OPENROUTER size=LARGE)
[LLMActionPlayer] API call took 710 ms (model=OPENROUTER size=LARGE)
[LLMActionPlayer] API call took 215 ms (model=OPENROUTER size=LARGE)
[LLMActionPlayer] API call took 827 ms (model=OPENROUTER size=LARGE)
[LLMActionPlayer] API call took 480 ms (model=OPENROUTER size=LARGE)
[LLMActionPlayer] API call took 427 ms (model=OPENROUTER size=LARGE)
[LOSE_GAME,LOSE_GAME,WIN_GAME]
[LLMActionPlayer] API call took 153 ms (model=OPENROUTER size=LARGE)
[LLMActionPlayer] API call took 247 ms (model=OPENROUTER size=LARGE)
[LLMActionPlayer] API call took 408 ms (model=OPENROUTER size=LARGE)
[LLMActionPlayer] API call took 411 ms (model=OPENROUTER size=LARGE)
[LLMActionPlayer] API call took 194 ms (model=OPENROUTER size=LARGE)
[LLMActionPlayer] API call took 876 ms (model=OPENROUTER size=LARGE)
[LLMActionPlayer] API call took 357 ms (model=OPENROUTER size=LARGE)
[LLMActionPlayer] API call took 518 ms (model=OPENROUTER size=LARGE)
[LLMActionPlayer] API call took 416 ms (model=OPENROUTER size=LARGE)
[LLMActionPlayer] API call took 417 ms (model=OPENROUTER size=LARGE)
[LLMActionPlayer] API call took 331 ms (model=OPENROUTER size=LARGE)
[LLMActionPlayer] API call took 282 ms (model=OPENROUTER size=LARGE)
[LLMActionPlayer] API call took 366 ms (model=OPENROUTER size=LARGE)
[LLMActionPlayer] API call took 445 ms (model=OPENROUTER size=LARGE)
[LLMActionPlayer] API call took 658 ms (model=OPENROUTER size=LARGE)
[LLMActionPlayer] API call took 206 ms (model=OPENROUTER size=LARGE)
[LLMActionPlayer] API call took 492 ms (model=OPENROUTER size=LARGE)
[LLMActionPlayer] API call took 338 ms (model=OPENROUTER size=LARGE)
[LLMActionPlayer] API call took 433 ms (model=OPENROUTER size=LARGE)
[LLMActionPlayer] API call took 313 ms (model=OPENROUTER size=LARGE)
[LLMActionPlayer] API call took 393 ms (model=OPENROUTER size=LARGE)
[LLMActionPlayer] API call took 452 ms (model=OPENROUTER size=LARGE)
[LLMActionPlayer] API call took 902 ms (model=OPENROUTER size=LARGE)
[LLMActionPlayer] API call took 128 ms (model=OPENROUTER size=LARGE)
[LLMActionPlayer] API call took 903 ms (model=OPENROUTER size=LARGE)
[LLMActionPlayer] API call took 820 ms (model=OPENROUTER size=LARGE)
[LLMActionPlayer] API call took 421 ms (model=OPENROUTER size=LARGE)
[LLMActionPlayer] API call took 502 ms (model=OPENROUTER size=LARGE)
[LLMActionPlayer] API call took 398 ms (model=OPENROUTER size=LARGE)
[LLMActionPlayer] API call took 180 ms (model=OPENROUTER size=LARGE)
[LLMActionPlayer] API call took 509 ms (model=OPENROUTER size=LARGE)
[LLMActionPlayer] API call took 512 ms (model=OPENROUTER size=LARGE)
[LLMActionPlayer] API call took 363 ms (model=OPENROUTER size=LARGE)
[LLMActionPlayer] API call took 357 ms (model=OPENROUTER size=LARGE)
[LLMActionPlayer] API call took 200 ms (model=OPENROUTER size=LARGE)
[LLMActionPlayer] API call took 287 ms (model=OPENROUTER size=LARGE)
[LLMActionPlayer] API call took 355 ms (model=OPENROUTER size=LARGE)
[LLMActionPlayer] API call took 585 ms (model=OPENROUTER size=LARGE)
[LLMActionPlayer] API call took 626 ms (model=OPENROUTER size=LARGE)
[LLMActionPlayer] API call took 521 ms (model=OPENROUTER size=LARGE)
[LLMActionPlayer] API call took 550 ms (model=OPENROUTER size=LARGE)
[LLMActionPlayer] API call took 896 ms (model=OPENROUTER size=LARGE)
[LLMActionPlayer] API call took 435 ms (model=OPENROUTER size=LARGE)
[LLMActionPlayer] API call took 397 ms (model=OPENROUTER size=LARGE)
[LLMActionPlayer] API call took 392 ms (model=OPENROUTER size=LARGE)
[LLMActionPlayer] API call took 519 ms (model=OPENROUTER size=LARGE)
[LLMActionPlayer] API call took 496 ms (model=OPENROUTER size=LARGE)
[LLMActionPlayer] API call took 411 ms (model=OPENROUTER size=LARGE)
[LLMActionPlayer] API call took 525 ms (model=OPENROUTER size=LARGE)
[LOSE_GAME,LOSE_GAME,WIN_GAME]
[LLMActionPlayer] API call took 347 ms (model=OPENROUTER size=LARGE)
[LLMActionPlayer] API call took 328 ms (model=OPENROUTER size=LARGE)
[LLMActionPlayer] API call took 311 ms (model=OPENROUTER size=LARGE)
[LLMActionPlayer] API call took 203 ms (model=OPENROUTER size=LARGE)
[LLMActionPlayer] API call took 1499 ms (model=OPENROUTER size=LARGE)
[LLMActionPlayer] API call took 837 ms (model=OPENROUTER size=LARGE)
[LLMActionPlayer] API call took 306 ms (model=OPENROUTER size=LARGE)
[LLMActionPlayer] API call took 281 ms (model=OPENROUTER size=LARGE)
[LLMActionPlayer] API call took 261 ms (model=OPENROUTER size=LARGE)
[LLMActionPlayer] API call took 205 ms (model=OPENROUTER size=LARGE)
[LLMActionPlayer] API call took 213 ms (model=OPENROUTER size=LARGE)
[LLMActionPlayer] API call took 234 ms (model=OPENROUTER size=LARGE)
[LLMActionPlayer] API call took 241 ms (model=OPENROUTER size=LARGE)
[LLMActionPlayer] API call took 334 ms (model=OPENROUTER size=LARGE)
[LLMActionPlayer] API call took 340 ms (model=OPENROUTER size=LARGE)
[LLMActionPlayer] API call took 373 ms (model=OPENROUTER size=LARGE)
[LLMActionPlayer] API call took 418 ms (model=OPENROUTER size=LARGE)
[LLMActionPlayer] API call took 447 ms (model=OPENROUTER size=LARGE)
[LLMActionPlayer] API call took 375 ms (model=OPENROUTER size=LARGE)
[LLMActionPlayer] API call took 220 ms (model=OPENROUTER size=LARGE)
[LLMActionPlayer] API call took 493 ms (model=OPENROUTER size=LARGE)
[LLMActionPlayer] API call took 495 ms (model=OPENROUTER size=LARGE)
[LLMActionPlayer] API call took 210 ms (model=OPENROUTER size=LARGE)
[LLMActionPlayer] API call took 384 ms (model=OPENROUTER size=LARGE)
[LLMActionPlayer] API call took 476 ms (model=OPENROUTER size=LARGE)
[LLMActionPlayer] API call took 389 ms (model=OPENROUTER size=LARGE)
[LLMActionPlayer] API call took 350 ms (model=OPENROUTER size=LARGE)
[LLMActionPlayer] API call took 488 ms (model=OPENROUTER size=LARGE)
[WIN_GAME,LOSE_GAME,LOSE_GAME]
[LLMActionPlayer] API call took 181 ms (model=OPENROUTER size=LARGE)
[LLMActionPlayer] API call took 161 ms (model=OPENROUTER size=LARGE)
[LLMActionPlayer] API call took 320 ms (model=OPENROUTER size=LARGE)
[LLMActionPlayer] API call took 385 ms (model=OPENROUTER size=LARGE)
[LLMActionPlayer] API call took 378 ms (model=OPENROUTER size=LARGE)
[LLMActionPlayer] API call took 233 ms (model=OPENROUTER size=LARGE)
[LLMActionPlayer] API call took 209 ms (model=OPENROUTER size=LARGE)
[LLMActionPlayer] API call took 168 ms (model=OPENROUTER size=LARGE)
[LLMActionPlayer] API call took 168 ms (model=OPENROUTER size=LARGE)
[LLMActionPlayer] API call took 245 ms (model=OPENROUTER size=LARGE)
[LLMActionPlayer] API call took 407 ms (model=OPENROUTER size=LARGE)
[LLMActionPlayer] API call took 170 ms (model=OPENROUTER size=LARGE)
[LLMActionPlayer] API call took 317 ms (model=OPENROUTER size=LARGE)
[LLMActionPlayer] API call took 929 ms (model=OPENROUTER size=LARGE)
[LLMActionPlayer] API call took 212 ms (model=OPENROUTER size=LARGE)
[LLMActionPlayer] API call took 214 ms (model=OPENROUTER size=LARGE)
[LLMActionPlayer] API call took 558 ms (model=OPENROUTER size=LARGE)
[LLMActionPlayer] API call took 485 ms (model=OPENROUTER size=LARGE)
[LLMActionPlayer] API call took 195 ms (model=OPENROUTER size=LARGE)
[LLMActionPlayer] API call took 179 ms (model=OPENROUTER size=LARGE)
[LLMActionPlayer] API call took 302 ms (model=OPENROUTER size=LARGE)
[LLMActionPlayer] API call took 343 ms (model=OPENROUTER size=LARGE)
[LLMActionPlayer] API call took 271 ms (model=OPENROUTER size=LARGE)
[LLMActionPlayer] API call took 166 ms (model=OPENROUTER size=LARGE)
[LLMActionPlayer] API call took 502 ms (model=OPENROUTER size=LARGE)
[LLMActionPlayer] API call took 378 ms (model=OPENROUTER size=LARGE)
[LLMActionPlayer] API call took 353 ms (model=OPENROUTER size=LARGE)
[LLMActionPlayer] API call took 249 ms (model=OPENROUTER size=LARGE)
[LLMActionPlayer] API call took 426 ms (model=OPENROUTER size=LARGE)
[LLMActionPlayer] API call took 799 ms (model=OPENROUTER size=LARGE)
[LLMActionPlayer] API call took 202 ms (model=OPENROUTER size=LARGE)
[LLMActionPlayer] API call took 216 ms (model=OPENROUTER size=LARGE)
[LLMActionPlayer] API call took 373 ms (model=OPENROUTER size=LARGE)
[LLMActionPlayer] API call took 352 ms (model=OPENROUTER size=LARGE)
[LLMActionPlayer] API call took 219 ms (model=OPENROUTER size=LARGE)
[LLMActionPlayer] API call took 325 ms (model=OPENROUTER size=LARGE)
[LLMActionPlayer] API call took 674 ms (model=OPENROUTER size=LARGE)
[LLMActionPlayer] API call took 243 ms (model=OPENROUTER size=LARGE)
[LLMActionPlayer] API call took 429 ms (model=OPENROUTER size=LARGE)
[LLMActionPlayer] API call took 454 ms (model=OPENROUTER size=LARGE)
[LLMActionPlayer] API call took 611 ms (model=OPENROUTER size=LARGE)
[LLMActionPlayer] API call took 400 ms (model=OPENROUTER size=LARGE)
[LLMActionPlayer] API call took 874 ms (model=OPENROUTER size=LARGE)
[LLMActionPlayer] API call took 507 ms (model=OPENROUTER size=LARGE)
[LLMActionPlayer] API call took 332 ms (model=OPENROUTER size=LARGE)
[LLMActionPlayer] API call took 382 ms (model=OPENROUTER size=LARGE)
[LLMActionPlayer] API call took 327 ms (model=OPENROUTER size=LARGE)
[LLMActionPlayer] API call took 366 ms (model=OPENROUTER size=LARGE)
[LLMActionPlayer] API call took 266 ms (model=OPENROUTER size=LARGE)
[LLMActionPlayer] API call took 424 ms (model=OPENROUTER size=LARGE)
[LLMActionPlayer] API call took 821 ms (model=OPENROUTER size=LARGE)
[LLMActionPlayer] API call took 240 ms (model=OPENROUTER size=LARGE)
[LLMActionPlayer] API call took 422 ms (model=OPENROUTER size=LARGE)
[LLMActionPlayer] API call took 457 ms (model=OPENROUTER size=LARGE)
[LLMActionPlayer] API call took 291 ms (model=OPENROUTER size=LARGE)
[LLMActionPlayer] API call took 278 ms (model=OPENROUTER size=LARGE)
[LLMActionPlayer] API call took 895 ms (model=OPENROUTER size=LARGE)
[LLMActionPlayer] API call took 192 ms (model=OPENROUTER size=LARGE)
[LLMActionPlayer] API call took 212 ms (model=OPENROUTER size=LARGE)
[LOSE_GAME,DRAW_GAME,DRAW_GAME]
[LLMActionPlayer] API call took 317 ms (model=OPENROUTER size=LARGE)
[LLMActionPlayer] API call took 197 ms (model=OPENROUTER size=LARGE)
[LLMActionPlayer] API call took 202 ms (model=OPENROUTER size=LARGE)
[LLMActionPlayer] API call took 406 ms (model=OPENROUTER size=LARGE)
[LLMActionPlayer] API call took 302 ms (model=OPENROUTER size=LARGE)
[LLMActionPlayer] API call took 583 ms (model=OPENROUTER size=LARGE)
[LLMActionPlayer] API call took 188 ms (model=OPENROUTER size=LARGE)
[LLMActionPlayer] API call took 448 ms (model=OPENROUTER size=LARGE)
[LLMActionPlayer] API call took 430 ms (model=OPENROUTER size=LARGE)
[LLMActionPlayer] API call took 493 ms (model=OPENROUTER size=LARGE)
[LLMActionPlayer] API call took 489 ms (model=OPENROUTER size=LARGE)
[LLMActionPlayer] API call took 944 ms (model=OPENROUTER size=LARGE)
[LLMActionPlayer] API call took 424 ms (model=OPENROUTER size=LARGE)
[LLMActionPlayer] API call took 921 ms (model=OPENROUTER size=LARGE)
[LLMActionPlayer] API call took 381 ms (model=OPENROUTER size=LARGE)
[LLMActionPlayer] API call took 445 ms (model=OPENROUTER size=LARGE)
[LLMActionPlayer] API call took 338 ms (model=OPENROUTER size=LARGE)
[LLMActionPlayer] API call took 329 ms (model=OPENROUTER size=LARGE)
[LLMActionPlayer] API call took 407 ms (model=OPENROUTER size=LARGE)
[LLMActionPlayer] API call took 197 ms (model=OPENROUTER size=LARGE)
[LLMActionPlayer] API call took 348 ms (model=OPENROUTER size=LARGE)
[LLMActionPlayer] API call took 241 ms (model=OPENROUTER size=LARGE)
[LLMActionPlayer] API call took 161 ms (model=OPENROUTER size=LARGE)
[LLMActionPlayer] API call took 511 ms (model=OPENROUTER size=LARGE)
[LLMActionPlayer] API call took 417 ms (model=OPENROUTER size=LARGE)
[LLMActionPlayer] API call took 223 ms (model=OPENROUTER size=LARGE)
[LLMActionPlayer] API call took 468 ms (model=OPENROUTER size=LARGE)
[LLMActionPlayer] API call took 386 ms (model=OPENROUTER size=LARGE)
[LLMActionPlayer] API call took 179 ms (model=OPENROUTER size=LARGE)
[LLMActionPlayer] API call took 274 ms (model=OPENROUTER size=LARGE)
[LLMActionPlayer] API call took 665 ms (model=OPENROUTER size=LARGE)
[LLMActionPlayer] API call took 531 ms (model=OPENROUTER size=LARGE)
[LLMActionPlayer] API call took 464 ms (model=OPENROUTER size=LARGE)
[WIN_GAME,LOSE_GAME,LOSE_GAME]
[LLMActionPlayer] API call took 944 ms (model=OPENROUTER size=LARGE)
[LLMActionPlayer] API call took 252 ms (model=OPENROUTER size=LARGE)
[LLMActionPlayer] API call took 211 ms (model=OPENROUTER size=LARGE)
[LLMActionPlayer] API call took 410 ms (model=OPENROUTER size=LARGE)
[LLMActionPlayer] API call took 385 ms (model=OPENROUTER size=LARGE)
[LLMActionPlayer] API call took 299 ms (model=OPENROUTER size=LARGE)
[LLMActionPlayer] API call took 363 ms (model=OPENROUTER size=LARGE)
[LLMActionPlayer] API call took 495 ms (model=OPENROUTER size=LARGE)
[LLMActionPlayer] API call took 422 ms (model=OPENROUTER size=LARGE)
[LLMActionPlayer] API call took 478 ms (model=OPENROUTER size=LARGE)
[LLMActionPlayer] API call took 207 ms (model=OPENROUTER size=LARGE)
[LLMActionPlayer] API call took 372 ms (model=OPENROUTER size=LARGE)
[LLMActionPlayer] API call took 193 ms (model=OPENROUTER size=LARGE)
[LLMActionPlayer] API call took 199 ms (model=OPENROUTER size=LARGE)
[LLMActionPlayer] API call took 800 ms (model=OPENROUTER size=LARGE)
[LLMActionPlayer] API call took 358 ms (model=OPENROUTER size=LARGE)
[LLMActionPlayer] API call took 250 ms (model=OPENROUTER size=LARGE)
[LLMActionPlayer] API call took 256 ms (model=OPENROUTER size=LARGE)
[LLMActionPlayer] API call took 282 ms (model=OPENROUTER size=LARGE)
[LLMActionPlayer] API call took 157 ms (model=OPENROUTER size=LARGE)
[LLMActionPlayer] API call took 305 ms (model=OPENROUTER size=LARGE)
[LLMActionPlayer] API call took 480 ms (model=OPENROUTER size=LARGE)
[LLMActionPlayer] API call took 288 ms (model=OPENROUTER size=LARGE)
[LLMActionPlayer] API call took 404 ms (model=OPENROUTER size=LARGE)
[LLMActionPlayer] API call took 199 ms (model=OPENROUTER size=LARGE)
[LLMActionPlayer] API call took 221 ms (model=OPENROUTER size=LARGE)
[LLMActionPlayer] API call took 314 ms (model=OPENROUTER size=LARGE)
[LLMActionPlayer] API call took 353 ms (model=OPENROUTER size=LARGE)
[WIN_GAME,LOSE_GAME,LOSE_GAME]
[LLMActionPlayer] API call took 431 ms (model=OPENROUTER size=LARGE)
[LLMActionPlayer] API call took 431 ms (model=OPENROUTER size=LARGE)
[LLMActionPlayer] API call took 459 ms (model=OPENROUTER size=LARGE)
[LLMActionPlayer] API call took 178 ms (model=OPENROUTER size=LARGE)
[LLMActionPlayer] API call took 303 ms (model=OPENROUTER size=LARGE)
[LLMActionPlayer] API call took 405 ms (model=OPENROUTER size=LARGE)
[LLMActionPlayer] API call took 314 ms (model=OPENROUTER size=LARGE)
[LLMActionPlayer] API call took 259 ms (model=OPENROUTER size=LARGE)
[LLMActionPlayer] API call took 199 ms (model=OPENROUTER size=LARGE)
[LLMActionPlayer] API call took 244 ms (model=OPENROUTER size=LARGE)
[WIN_GAME,LOSE_GAME,LOSE_GAME]
[LLMActionPlayer] API call took 154 ms (model=OPENROUTER size=LARGE)
[LLMActionPlayer] API call took 191 ms (model=OPENROUTER size=LARGE)
[LLMActionPlayer] API call took 177 ms (model=OPENROUTER size=LARGE)
[LLMActionPlayer] API call took 725 ms (model=OPENROUTER size=LARGE)
[LLMActionPlayer] API call took 211 ms (model=OPENROUTER size=LARGE)
[LLMActionPlayer] API call took 187 ms (model=OPENROUTER size=LARGE)
[LLMActionPlayer] API call took 243 ms (model=OPENROUTER size=LARGE)
[LLMActionPlayer] API call took 250 ms (model=OPENROUTER size=LARGE)
[LLMActionPlayer] API call took 1088 ms (model=OPENROUTER size=LARGE)
[LLMActionPlayer] API call took 593 ms (model=OPENROUTER size=LARGE)
[LLMActionPlayer] API call took 573 ms (model=OPENROUTER size=LARGE)
[LLMActionPlayer] API call took 571 ms (model=OPENROUTER size=LARGE)
[LLMActionPlayer] API call took 245 ms (model=OPENROUTER size=LARGE)
[LLMActionPlayer] API call took 224 ms (model=OPENROUTER size=LARGE)
[LLMActionPlayer] API call took 173 ms (model=OPENROUTER size=LARGE)
[LLMActionPlayer] API call took 351 ms (model=OPENROUTER size=LARGE)
[LLMActionPlayer] API call took 414 ms (model=OPENROUTER size=LARGE)
[LLMActionPlayer] API call took 1300 ms (model=OPENROUTER size=LARGE)
[LLMActionPlayer] API call took 424 ms (model=OPENROUTER size=LARGE)
[LLMActionPlayer] API call took 206 ms (model=OPENROUTER size=LARGE)
[LLMActionPlayer] API call took 818 ms (model=OPENROUTER size=LARGE)
[LLMActionPlayer] API call took 286 ms (model=OPENROUTER size=LARGE)
[LLMActionPlayer] API call took 386 ms (model=OPENROUTER size=LARGE)
[LLMActionPlayer] API call took 392 ms (model=OPENROUTER size=LARGE)
[LLMActionPlayer] API call took 711 ms (model=OPENROUTER size=LARGE)
[LLMActionPlayer] API call took 375 ms (model=OPENROUTER size=LARGE)
[LLMActionPlayer] API call took 214 ms (model=OPENROUTER size=LARGE)
[LLMActionPlayer] API call took 491 ms (model=OPENROUTER size=LARGE)
[LLMActionPlayer] API call took 304 ms (model=OPENROUTER size=LARGE)
[LLMActionPlayer] API call took 578 ms (model=OPENROUTER size=LARGE)
[LLMActionPlayer] Invalid response: I will accept the trade that offers the best ratio of lumber to grain, which is 3 GRAIN for 3 LUMBER, but since that option is not available, I will choose the next best option, which is 2 GRAIN for 3 LUMBER, but since that option is also not available, I will choose the next best option, which is 2 GRAIN for 2 LUMBER, but since that option is also not available, I will choose the next best option, which is 2 GRAIN for 1 LUMBER, but since that option is also not available, I will choose the next best option, which is 1 GRAIN for 1 LUMBER, but since that option is also not available, I will choose the next best option, which is 1 GRAIN for 2 LUMBER, but since that option is also not available, I will choose the next best option, which is 1 GRAIN for 3 LUMBER, but since that option is also not available, I will choose the next best option, which is 3 GRAIN for 1 LUMBER, but since that option is also not available, I will choose the next best option, which is
[LLMActionPlayer] Action ID : null selected randomly since LLM returned non valid action[LLMActionPlayer] API call took 346 ms (model=OPENROUTER size=LARGE)
[LLMActionPlayer] API call took 667 ms (model=OPENROUTER size=LARGE)
[LLMActionPlayer] API call took 379 ms (model=OPENROUTER size=LARGE)
[LLMActionPlayer] API call took 934 ms (model=OPENROUTER size=LARGE)
[LLMActionPlayer] API call took 153 ms (model=OPENROUTER size=LARGE)
[LLMActionPlayer] API call took 426 ms (model=OPENROUTER size=LARGE)
[LLMActionPlayer] API call took 337 ms (model=OPENROUTER size=LARGE)
[LLMActionPlayer] API call took 285 ms (model=OPENROUTER size=LARGE)
[LLMActionPlayer] API call took 233 ms (model=OPENROUTER size=LARGE)
[LLMActionPlayer] API call took 219 ms (model=OPENROUTER size=LARGE)
[LLMActionPlayer] API call took 370 ms (model=OPENROUTER size=LARGE)
[LLMActionPlayer] API call took 777 ms (model=OPENROUTER size=LARGE)
[LLMActionPlayer] API call took 236 ms (model=OPENROUTER size=LARGE)
[LLMActionPlayer] API call took 3409 ms (model=OPENROUTER size=LARGE)
[LLMActionPlayer] API call took 338 ms (model=OPENROUTER size=LARGE)
[LLMActionPlayer] API call took 253 ms (model=OPENROUTER size=LARGE)
[LLMActionPlayer] API call took 404 ms (model=OPENROUTER size=LARGE)
[LLMActionPlayer] API call took 401 ms (model=OPENROUTER size=LARGE)
[LLMActionPlayer] API call took 259 ms (model=OPENROUTER size=LARGE)
[LLMActionPlayer] API call took 561 ms (model=OPENROUTER size=LARGE)
[LLMActionPlayer] API call took 452 ms (model=OPENROUTER size=LARGE)
[LLMActionPlayer] API call took 279 ms (model=OPENROUTER size=LARGE)
[LLMActionPlayer] API call took 411 ms (model=OPENROUTER size=LARGE)
[LLMActionPlayer] API call took 363 ms (model=OPENROUTER size=LARGE)
[LLMActionPlayer] API call took 230 ms (model=OPENROUTER size=LARGE)
[LLMActionPlayer] API call took 220 ms (model=OPENROUTER size=LARGE)
[LLMActionPlayer] API call took 457 ms (model=OPENROUTER size=LARGE)
[LLMActionPlayer] API call took 443 ms (model=OPENROUTER size=LARGE)
[LLMActionPlayer] API call took 249 ms (model=OPENROUTER size=LARGE)
[LLMActionPlayer] API call took 666 ms (model=OPENROUTER size=LARGE)
[LLMActionPlayer] API call took 640 ms (model=OPENROUTER size=LARGE)
[LLMActionPlayer] API call took 1264 ms (model=OPENROUTER size=LARGE)
[LLMActionPlayer] API call took 166 ms (model=OPENROUTER size=LARGE)
[LLMActionPlayer] API call took 669 ms (model=OPENROUTER size=LARGE)
[LLMActionPlayer] API call took 741 ms (model=OPENROUTER size=LARGE)
[LLMActionPlayer] API call took 495 ms (model=OPENROUTER size=LARGE)
[LLMActionPlayer] API call took 198 ms (model=OPENROUTER size=LARGE)
[LLMActionPlayer] API call took 216 ms (model=OPENROUTER size=LARGE)
[LLMActionPlayer] API call took 712 ms (model=OPENROUTER size=LARGE)
[LLMActionPlayer] API call took 1046 ms (model=OPENROUTER size=LARGE)
[LLMActionPlayer] API call took 839 ms (model=OPENROUTER size=LARGE)
[LLMActionPlayer] API call took 224 ms (model=OPENROUTER size=LARGE)
[LOSE_GAME,WIN_GAME,LOSE_GAME]
[LLMActionPlayer] API call took 402 ms (model=OPENROUTER size=LARGE)
[LLMActionPlayer] API call took 211 ms (model=OPENROUTER size=LARGE)
[LLMActionPlayer] API call took 314 ms (model=OPENROUTER size=LARGE)
[LLMActionPlayer] API call took 598 ms (model=OPENROUTER size=LARGE)
[LLMActionPlayer] API call took 228 ms (model=OPENROUTER size=LARGE)
[LLMActionPlayer] API call took 249 ms (model=OPENROUTER size=LARGE)
[LLMActionPlayer] API call took 280 ms (model=OPENROUTER size=LARGE)
[LLMActionPlayer] API call took 319 ms (model=OPENROUTER size=LARGE)
[LLMActionPlayer] API call took 248 ms (model=OPENROUTER size=LARGE)
[LLMActionPlayer] API call took 363 ms (model=OPENROUTER size=LARGE)
[LLMActionPlayer] API call took 191 ms (model=OPENROUTER size=LARGE)
[LLMActionPlayer] API call took 304 ms (model=OPENROUTER size=LARGE)
[LLMActionPlayer] API call took 209 ms (model=OPENROUTER size=LARGE)
[LLMActionPlayer] API call took 690 ms (model=OPENROUTER size=LARGE)
[LLMActionPlayer] API call took 235 ms (model=OPENROUTER size=LARGE)
[LLMActionPlayer] API call took 245 ms (model=OPENROUTER size=LARGE)
[LLMActionPlayer] API call took 202 ms (model=OPENROUTER size=LARGE)
[LLMActionPlayer] API call took 163 ms (model=OPENROUTER size=LARGE)
[LLMActionPlayer] API call took 172 ms (model=OPENROUTER size=LARGE)
[LLMActionPlayer] API call took 198 ms (model=OPENROUTER size=LARGE)
[LLMActionPlayer] API call took 379 ms (model=OPENROUTER size=LARGE)
[LLMActionPlayer] API call took 329 ms (model=OPENROUTER size=LARGE)
[LLMActionPlayer] API call took 188 ms (model=OPENROUTER size=LARGE)
[LLMActionPlayer] API call took 760 ms (model=OPENROUTER size=LARGE)
[LLMActionPlayer] API call took 357 ms (model=OPENROUTER size=LARGE)
[LLMActionPlayer] API call took 202 ms (model=OPENROUTER size=LARGE)
[LLMActionPlayer] API call took 340 ms (model=OPENROUTER size=LARGE)
[LLMActionPlayer] API call took 338 ms (model=OPENROUTER size=LARGE)
[LLMActionPlayer] API call took 260 ms (model=OPENROUTER size=LARGE)
[LLMActionPlayer] API call took 279 ms (model=OPENROUTER size=LARGE)
[LLMActionPlayer] API call took 550 ms (model=OPENROUTER size=LARGE)
[LLMActionPlayer] API call took 312 ms (model=OPENROUTER size=LARGE)
[LLMActionPlayer] API call took 385 ms (model=OPENROUTER size=LARGE)
[LLMActionPlayer] API call took 360 ms (model=OPENROUTER size=LARGE)
[LLMActionPlayer] API call took 208 ms (model=OPENROUTER size=LARGE)
[LLMActionPlayer] API call took 355 ms (model=OPENROUTER size=LARGE)
[LLMActionPlayer] API call took 395 ms (model=OPENROUTER size=LARGE)
[LLMActionPlayer] API call took 728 ms (model=OPENROUTER size=LARGE)
[LLMActionPlayer] API call took 182 ms (model=OPENROUTER size=LARGE)
[LLMActionPlayer] API call took 474 ms (model=OPENROUTER size=LARGE)
[LLMActionPlayer] API call took 359 ms (model=OPENROUTER size=LARGE)
[LLMActionPlayer] API call took 471 ms (model=OPENROUTER size=LARGE)
[LLMActionPlayer] API call took 157 ms (model=OPENROUTER size=LARGE)
[LLMActionPlayer] API call took 187 ms (model=OPENROUTER size=LARGE)
[LLMActionPlayer] API call took 363 ms (model=OPENROUTER size=LARGE)
[LLMActionPlayer] API call took 357 ms (model=OPENROUTER size=LARGE)
[LLMActionPlayer] API call took 166 ms (model=OPENROUTER size=LARGE)
[LLMActionPlayer] API call took 379 ms (model=OPENROUTER size=LARGE)
[LLMActionPlayer] API call took 326 ms (model=OPENROUTER size=LARGE)
[LLMActionPlayer] API call took 352 ms (model=OPENROUTER size=LARGE)
[LLMActionPlayer] API call took 439 ms (model=OPENROUTER size=LARGE)
[LLMActionPlayer] API call took 472 ms (model=OPENROUTER size=LARGE)
[LLMActionPlayer] API call took 351 ms (model=OPENROUTER size=LARGE)
[LLMActionPlayer] API call took 895 ms (model=OPENROUTER size=LARGE)
[LLMActionPlayer] API call took 429 ms (model=OPENROUTER size=LARGE)
[LLMActionPlayer] API call took 443 ms (model=OPENROUTER size=LARGE)
[LLMActionPlayer] API call took 389 ms (model=OPENROUTER size=LARGE)
[LLMActionPlayer] API call took 411 ms (model=OPENROUTER size=LARGE)
[LLMActionPlayer] API call took 369 ms (model=OPENROUTER size=LARGE)
[LLMActionPlayer] API call took 329 ms (model=OPENROUTER size=LARGE)
[LLMActionPlayer] API call took 433 ms (model=OPENROUTER size=LARGE)
[LOSE_GAME,WIN_GAME,LOSE_GAME]
[LLMActionPlayer] API call took 130 ms (model=OPENROUTER size=LARGE)
[LLMActionPlayer] API call took 202 ms (model=OPENROUTER size=LARGE)
[LLMActionPlayer] API call took 163 ms (model=OPENROUTER size=LARGE)
[LLMActionPlayer] API call took 366 ms (model=OPENROUTER size=LARGE)
[LLMActionPlayer] API call took 383 ms (model=OPENROUTER size=LARGE)
[LLMActionPlayer] API call took 264 ms (model=OPENROUTER size=LARGE)
[LLMActionPlayer] API call took 368 ms (model=OPENROUTER size=LARGE)
[LLMActionPlayer] API call took 547 ms (model=OPENROUTER size=LARGE)
[LLMActionPlayer] API call took 423 ms (model=OPENROUTER size=LARGE)
[LLMActionPlayer] API call took 422 ms (model=OPENROUTER size=LARGE)
[LLMActionPlayer] API call took 250 ms (model=OPENROUTER size=LARGE)
[LLMActionPlayer] API call took 222 ms (model=OPENROUTER size=LARGE)
[LLMActionPlayer] API call took 339 ms (model=OPENROUTER size=LARGE)
[LLMActionPlayer] API call took 166 ms (model=OPENROUTER size=LARGE)
[LLMActionPlayer] API call took 152 ms (model=OPENROUTER size=LARGE)
[LLMActionPlayer] API call took 385 ms (model=OPENROUTER size=LARGE)
[LLMActionPlayer] API call took 358 ms (model=OPENROUTER size=LARGE)
[LLMActionPlayer] API call took 462 ms (model=OPENROUTER size=LARGE)
[LLMActionPlayer] API call took 645 ms (model=OPENROUTER size=LARGE)
[LLMActionPlayer] API call took 418 ms (model=OPENROUTER size=LARGE)
[LLMActionPlayer] API call took 519 ms (model=OPENROUTER size=LARGE)
[LLMActionPlayer] API call took 357 ms (model=OPENROUTER size=LARGE)
[LLMActionPlayer] API call took 494 ms (model=OPENROUTER size=LARGE)
[LLMActionPlayer] API call took 270 ms (model=OPENROUTER size=LARGE)
[LLMActionPlayer] API call took 470 ms (model=OPENROUTER size=LARGE)
[LLMActionPlayer] API call took 360 ms (model=OPENROUTER size=LARGE)
[LLMActionPlayer] API call took 940 ms (model=OPENROUTER size=LARGE)
[LLMActionPlayer] API call took 373 ms (model=OPENROUTER size=LARGE)
[LLMActionPlayer] API call took 476 ms (model=OPENROUTER size=LARGE)
[LLMActionPlayer] API call took 216 ms (model=OPENROUTER size=LARGE)
[LLMActionPlayer] API call took 476 ms (model=OPENROUTER size=LARGE)
[LLMActionPlayer] API call took 393 ms (model=OPENROUTER size=LARGE)
[LLMActionPlayer] API call took 213 ms (model=OPENROUTER size=LARGE)
[LLMActionPlayer] API call took 581 ms (model=OPENROUTER size=LARGE)
[LLMActionPlayer] API call took 472 ms (model=OPENROUTER size=LARGE)
[LLMActionPlayer] API call took 698 ms (model=OPENROUTER size=LARGE)
[LLMActionPlayer] API call took 240 ms (model=OPENROUTER size=LARGE)
[LLMActionPlayer] API call took 588 ms (model=OPENROUTER size=LARGE)
[LLMActionPlayer] API call took 483 ms (model=OPENROUTER size=LARGE)
[LLMActionPlayer] API call took 515 ms (model=OPENROUTER size=LARGE)
[LLMActionPlayer] API call took 455 ms (model=OPENROUTER size=LARGE)
[LLMActionPlayer] API call took 402 ms (model=OPENROUTER size=LARGE)
[LLMActionPlayer] API call took 609 ms (model=OPENROUTER size=LARGE)
[LLMActionPlayer] API call took 358 ms (model=OPENROUTER size=LARGE)
[LLMActionPlayer] API call took 510 ms (model=OPENROUTER size=LARGE)
[LLMActionPlayer] API call took 273 ms (model=OPENROUTER size=LARGE)
[LLMActionPlayer] API call took 1534 ms (model=OPENROUTER size=LARGE)
[LLMActionPlayer] API call took 515 ms (model=OPENROUTER size=LARGE)
[LLMActionPlayer] API call took 381 ms (model=OPENROUTER size=LARGE)
[LLMActionPlayer] API call took 390 ms (model=OPENROUTER size=LARGE)
[LLMActionPlayer] API call took 587 ms (model=OPENROUTER size=LARGE)
[LLMActionPlayer] API call took 960 ms (model=OPENROUTER size=LARGE)
[LLMActionPlayer] API call took 535 ms (model=OPENROUTER size=LARGE)
[LLMActionPlayer] API call took 748 ms (model=OPENROUTER size=LARGE)
[LLMActionPlayer] API call took 479 ms (model=OPENROUTER size=LARGE)
[LOSE_GAME,LOSE_GAME,WIN_GAME]
[LLMActionPlayer] API call took 199 ms (model=OPENROUTER size=LARGE)
[LLMActionPlayer] API call took 1566 ms (model=OPENROUTER size=LARGE)
[LLMActionPlayer] API call took 416 ms (model=OPENROUTER size=LARGE)
[LLMActionPlayer] API call took 185 ms (model=OPENROUTER size=LARGE)
[LLMActionPlayer] API call took 257 ms (model=OPENROUTER size=LARGE)
[LLMActionPlayer] API call took 187 ms (model=OPENROUTER size=LARGE)
[LLMActionPlayer] API call took 189 ms (model=OPENROUTER size=LARGE)
[LLMActionPlayer] API call took 185 ms (model=OPENROUTER size=LARGE)
[LLMActionPlayer] API call took 176 ms (model=OPENROUTER size=LARGE)
[LLMActionPlayer] API call took 186 ms (model=OPENROUTER size=LARGE)
[LLMActionPlayer] API call took 174 ms (model=OPENROUTER size=LARGE)
[LLMActionPlayer] API call took 1347 ms (model=OPENROUTER size=LARGE)
[LLMActionPlayer] API call took 229 ms (model=OPENROUTER size=LARGE)
[LLMActionPlayer] API call took 464 ms (model=OPENROUTER size=LARGE)
[LLMActionPlayer] API call took 400 ms (model=OPENROUTER size=LARGE)
[LLMActionPlayer] API call took 510 ms (model=OPENROUTER size=LARGE)
[LLMActionPlayer] API call took 442 ms (model=OPENROUTER size=LARGE)
[LLMActionPlayer] API call took 150 ms (model=OPENROUTER size=LARGE)
[LLMActionPlayer] API call took 239 ms (model=OPENROUTER size=LARGE)
[LLMActionPlayer] API call took 545 ms (model=OPENROUTER size=LARGE)
[LLMActionPlayer] API call took 1056 ms (model=OPENROUTER size=LARGE)
[LLMActionPlayer] API call took 189 ms (model=OPENROUTER size=LARGE)
[LLMActionPlayer] API call took 196 ms (model=OPENROUTER size=LARGE)
[LLMActionPlayer] API call took 183 ms (model=OPENROUTER size=LARGE)
[LLMActionPlayer] API call took 393 ms (model=OPENROUTER size=LARGE)
[LLMActionPlayer] API call took 423 ms (model=OPENROUTER size=LARGE)
[LLMActionPlayer] API call took 803 ms (model=OPENROUTER size=LARGE)
[LLMActionPlayer] API call took 496 ms (model=OPENROUTER size=LARGE)
[LLMActionPlayer] API call took 212 ms (model=OPENROUTER size=LARGE)
[LOSE_GAME,LOSE_GAME,WIN_GAME]
[LLMActionPlayer] API call took 557 ms (model=OPENROUTER size=LARGE)
[LLMActionPlayer] API call took 215 ms (model=OPENROUTER size=LARGE)
[LLMActionPlayer] API call took 213 ms (model=OPENROUTER size=LARGE)
[LLMActionPlayer] API call took 200 ms (model=OPENROUTER size=LARGE)
[LLMActionPlayer] API call took 450 ms (model=OPENROUTER size=LARGE)
[LLMActionPlayer] API call took 220 ms (model=OPENROUTER size=LARGE)
[LLMActionPlayer] API call took 424 ms (model=OPENROUTER size=LARGE)
[LLMActionPlayer] API call took 521 ms (model=OPENROUTER size=LARGE)
[LLMActionPlayer] API call took 864 ms (model=OPENROUTER size=LARGE)
[LLMActionPlayer] API call took 200 ms (model=OPENROUTER size=LARGE)
[LLMActionPlayer] API call took 278 ms (model=OPENROUTER size=LARGE)
[LLMActionPlayer] API call took 243 ms (model=OPENROUTER size=LARGE)
[LLMActionPlayer] API call took 164 ms (model=OPENROUTER size=LARGE)
[LLMActionPlayer] API call took 268 ms (model=OPENROUTER size=LARGE)
[LLMActionPlayer] API call took 255 ms (model=OPENROUTER size=LARGE)
[LLMActionPlayer] API call took 217 ms (model=OPENROUTER size=LARGE)
[LLMActionPlayer] API call took 425 ms (model=OPENROUTER size=LARGE)
[LLMActionPlayer] API call took 355 ms (model=OPENROUTER size=LARGE)
[LLMActionPlayer] API call took 200 ms (model=OPENROUTER size=LARGE)
[LLMActionPlayer] API call took 254 ms (model=OPENROUTER size=LARGE)
[LLMActionPlayer] API call took 150 ms (model=OPENROUTER size=LARGE)
[LLMActionPlayer] API call took 230 ms (model=OPENROUTER size=LARGE)
[LLMActionPlayer] API call took 152 ms (model=OPENROUTER size=LARGE)
[LLMActionPlayer] API call took 291 ms (model=OPENROUTER size=LARGE)
[LLMActionPlayer] API call took 348 ms (model=OPENROUTER size=LARGE)
[LLMActionPlayer] API call took 430 ms (model=OPENROUTER size=LARGE)
[LLMActionPlayer] API call took 427 ms (model=OPENROUTER size=LARGE)
[LLMActionPlayer] API call took 355 ms (model=OPENROUTER size=LARGE)
[LLMActionPlayer] API call took 216 ms (model=OPENROUTER size=LARGE)
[LLMActionPlayer] API call took 286 ms (model=OPENROUTER size=LARGE)
[LLMActionPlayer] API call took 414 ms (model=OPENROUTER size=LARGE)
[LLMActionPlayer] API call took 559 ms (model=OPENROUTER size=LARGE)
[LLMActionPlayer] API call took 174 ms (model=OPENROUTER size=LARGE)
[LLMActionPlayer] API call took 333 ms (model=OPENROUTER size=LARGE)
[LLMActionPlayer] API call took 194 ms (model=OPENROUTER size=LARGE)
[LLMActionPlayer] API call took 155 ms (model=OPENROUTER size=LARGE)
[LLMActionPlayer] API call took 329 ms (model=OPENROUTER size=LARGE)
[LLMActionPlayer] API call took 535 ms (model=OPENROUTER size=LARGE)
[LLMActionPlayer] API call took 344 ms (model=OPENROUTER size=LARGE)
[LLMActionPlayer] API call took 312 ms (model=OPENROUTER size=LARGE)
[LLMActionPlayer] API call took 402 ms (model=OPENROUTER size=LARGE)
[LLMActionPlayer] API call took 332 ms (model=OPENROUTER size=LARGE)
[LLMActionPlayer] API call took 397 ms (model=OPENROUTER size=LARGE)
[LLMActionPlayer] API call took 444 ms (model=OPENROUTER size=LARGE)
[LLMActionPlayer] API call took 381 ms (model=OPENROUTER size=LARGE)
[LLMActionPlayer] API call took 379 ms (model=OPENROUTER size=LARGE)
[LLMActionPlayer] API call took 796 ms (model=OPENROUTER size=LARGE)
[LLMActionPlayer] API call took 437 ms (model=OPENROUTER size=LARGE)
[LLMActionPlayer] API call took 351 ms (model=OPENROUTER size=LARGE)
[LLMActionPlayer] API call took 387 ms (model=OPENROUTER size=LARGE)
[LLMActionPlayer] API call took 376 ms (model=OPENROUTER size=LARGE)
[LLMActionPlayer] API call took 184 ms (model=OPENROUTER size=LARGE)
[LLMActionPlayer] API call took 377 ms (model=OPENROUTER size=LARGE)
[LOSE_GAME,WIN_GAME,LOSE_GAME]
[LLMActionPlayer] API call took 220 ms (model=OPENROUTER size=LARGE)
[LLMActionPlayer] API call took 376 ms (model=OPENROUTER size=LARGE)
[LLMActionPlayer] API call took 337 ms (model=OPENROUTER size=LARGE)
[LLMActionPlayer] API call took 260 ms (model=OPENROUTER size=LARGE)
[LLMActionPlayer] API call took 187 ms (model=OPENROUTER size=LARGE)
[LLMActionPlayer] API call took 232 ms (model=OPENROUTER size=LARGE)
[LLMActionPlayer] API call took 174 ms (model=OPENROUTER size=LARGE)
[LLMActionPlayer] API call took 237 ms (model=OPENROUTER size=LARGE)
[LLMActionPlayer] API call took 364 ms (model=OPENROUTER size=LARGE)
[LLMActionPlayer] API call took 429 ms (model=OPENROUTER size=LARGE)
[LLMActionPlayer] API call took 172 ms (model=OPENROUTER size=LARGE)
[LLMActionPlayer] API call took 209 ms (model=OPENROUTER size=LARGE)
[LLMActionPlayer] API call took 189 ms (model=OPENROUTER size=LARGE)
[LLMActionPlayer] API call took 196 ms (model=OPENROUTER size=LARGE)
[LLMActionPlayer] API call took 171 ms (model=OPENROUTER size=LARGE)
[LLMActionPlayer] API call took 463 ms (model=OPENROUTER size=LARGE)
[LLMActionPlayer] API call took 487 ms (model=OPENROUTER size=LARGE)
[LLMActionPlayer] API call took 483 ms (model=OPENROUTER size=LARGE)
[LLMActionPlayer] API call took 470 ms (model=OPENROUTER size=LARGE)
[LLMActionPlayer] API call took 1190 ms (model=OPENROUTER size=LARGE)
[LLMActionPlayer] Invalid response: I will accept the trade that offers the most favorable ratio of resources, which is 2 GRAIN for 3 BRICK, but since that option is not available, I will choose the next best option, which is 2 GRAIN for 1 BRICK, but since that option is also not available, I will choose the next best option, which is 2 GRAIN for 2 BRICK, but since that option is also not available, I will choose the next best option, which is 2 GRAIN for 3 BRICK is not available, so I will choose 2 GRAIN for 1 BRICK is not available, so I will choose 2 GRAIN for 2 BRICK is not available, so I will choose 2 GRAIN for 3 BRICK is not available, so I will choose 2 GRAIN for 1 BRICK is not available, so I will choose 2 GRAIN for 2 BRICK is not available, so I will choose 2 GRAIN for 3 BRICK is not available, so I will choose 2 GRAIN for 1 BRICK is not available, so I will choose 2 GRAIN for 2 BRICK is not available, so I will choose 
[LLMActionPlayer] Action ID : null selected randomly since LLM returned non valid action[LLMActionPlayer] API call took 257 ms (model=OPENROUTER size=LARGE)
[LLMActionPlayer] API call took 248 ms (model=OPENROUTER size=LARGE)
[LLMActionPlayer] API call took 207 ms (model=OPENROUTER size=LARGE)
[LLMActionPlayer] API call took 220 ms (model=OPENROUTER size=LARGE)
[LLMActionPlayer] API call took 400 ms (model=OPENROUTER size=LARGE)
[LLMActionPlayer] API call took 268 ms (model=OPENROUTER size=LARGE)
[LLMActionPlayer] API call took 196 ms (model=OPENROUTER size=LARGE)
[LLMActionPlayer] API call took 469 ms (model=OPENROUTER size=LARGE)
[LLMActionPlayer] API call took 429 ms (model=OPENROUTER size=LARGE)
[WIN_GAME,LOSE_GAME,LOSE_GAME]
[LLMActionPlayer] API call took 172 ms (model=OPENROUTER size=LARGE)
[LLMActionPlayer] API call took 188 ms (model=OPENROUTER size=LARGE)
[LLMActionPlayer] API call took 169 ms (model=OPENROUTER size=LARGE)
[LLMActionPlayer] API call took 148 ms (model=OPENROUTER size=LARGE)
[LLMActionPlayer] API call took 316 ms (model=OPENROUTER size=LARGE)
[LLMActionPlayer] API call took 332 ms (model=OPENROUTER size=LARGE)
[LLMActionPlayer] API call took 262 ms (model=OPENROUTER size=LARGE)
[LLMActionPlayer] API call took 388 ms (model=OPENROUTER size=LARGE)
[LLMActionPlayer] API call took 178 ms (model=OPENROUTER size=LARGE)
[LLMActionPlayer] API call took 187 ms (model=OPENROUTER size=LARGE)
[LLMActionPlayer] API call took 320 ms (model=OPENROUTER size=LARGE)
[LLMActionPlayer] API call took 296 ms (model=OPENROUTER size=LARGE)
[LLMActionPlayer] API call took 165 ms (model=OPENROUTER size=LARGE)
[LLMActionPlayer] API call took 167 ms (model=OPENROUTER size=LARGE)
[LLMActionPlayer] API call took 172 ms (model=OPENROUTER size=LARGE)
[LLMActionPlayer] API call took 215 ms (model=OPENROUTER size=LARGE)
[LLMActionPlayer] API call took 425 ms (model=OPENROUTER size=LARGE)
[LLMActionPlayer] API call took 514 ms (model=OPENROUTER size=LARGE)
[LLMActionPlayer] API call took 402 ms (model=OPENROUTER size=LARGE)
[LLMActionPlayer] API call took 190 ms (model=OPENROUTER size=LARGE)
[LLMActionPlayer] API call took 380 ms (model=OPENROUTER size=LARGE)
[LLMActionPlayer] API call took 339 ms (model=OPENROUTER size=LARGE)
[LLMActionPlayer] API call took 391 ms (model=OPENROUTER size=LARGE)
[LLMActionPlayer] API call took 714 ms (model=OPENROUTER size=LARGE)
[LLMActionPlayer] API call took 205 ms (model=OPENROUTER size=LARGE)
[LLMActionPlayer] API call took 373 ms (model=OPENROUTER size=LARGE)
[LLMActionPlayer] API call took 587 ms (model=OPENROUTER size=LARGE)
[LLMActionPlayer] API call took 294 ms (model=OPENROUTER size=LARGE)
[LLMActionPlayer] API call took 219 ms (model=OPENROUTER size=LARGE)
[LLMActionPlayer] API call took 296 ms (model=OPENROUTER size=LARGE)
[LLMActionPlayer] API call took 185 ms (model=OPENROUTER size=LARGE)
[LLMActionPlayer] API call took 224 ms (model=OPENROUTER size=LARGE)
[LLMActionPlayer] API call took 181 ms (model=OPENROUTER size=LARGE)
[LLMActionPlayer] API call took 231 ms (model=OPENROUTER size=LARGE)
[LLMActionPlayer] API call took 292 ms (model=OPENROUTER size=LARGE)
[LLMActionPlayer] API call took 367 ms (model=OPENROUTER size=LARGE)
[LLMActionPlayer] API call took 372 ms (model=OPENROUTER size=LARGE)
[WIN_GAME,LOSE_GAME,LOSE_GAME]
[LLMActionPlayer] API call took 235 ms (model=OPENROUTER size=LARGE)
[LLMActionPlayer] API call took 167 ms (model=OPENROUTER size=LARGE)
[LLMActionPlayer] API call took 234 ms (model=OPENROUTER size=LARGE)
[LLMActionPlayer] API call took 203 ms (model=OPENROUTER size=LARGE)
[LLMActionPlayer] API call took 405 ms (model=OPENROUTER size=LARGE)
[LLMActionPlayer] API call took 436 ms (model=OPENROUTER size=LARGE)
[LLMActionPlayer] API call took 198 ms (model=OPENROUTER size=LARGE)
[LLMActionPlayer] API call took 442 ms (model=OPENROUTER size=LARGE)
[LLMActionPlayer] API call took 191 ms (model=OPENROUTER size=LARGE)
[LLMActionPlayer] API call took 512 ms (model=OPENROUTER size=LARGE)
[LLMActionPlayer] API call took 365 ms (model=OPENROUTER size=LARGE)
[LLMActionPlayer] API call took 182 ms (model=OPENROUTER size=LARGE)
[LLMActionPlayer] API call took 394 ms (model=OPENROUTER size=LARGE)
[LLMActionPlayer] API call took 409 ms (model=OPENROUTER size=LARGE)
[LLMActionPlayer] API call took 359 ms (model=OPENROUTER size=LARGE)
[LLMActionPlayer] API call took 284 ms (model=OPENROUTER size=LARGE)
[LLMActionPlayer] API call took 235 ms (model=OPENROUTER size=LARGE)
[LLMActionPlayer] API call took 182 ms (model=OPENROUTER size=LARGE)
[LLMActionPlayer] API call took 374 ms (model=OPENROUTER size=LARGE)
[LLMActionPlayer] API call took 294 ms (model=OPENROUTER size=LARGE)
[LLMActionPlayer] API call took 227 ms (model=OPENROUTER size=LARGE)
[LLMActionPlayer] API call took 210 ms (model=OPENROUTER size=LARGE)
[LLMActionPlayer] API call took 255 ms (model=OPENROUTER size=LARGE)
[LLMActionPlayer] API call took 220 ms (model=OPENROUTER size=LARGE)
[LLMActionPlayer] API call took 460 ms (model=OPENROUTER size=LARGE)
[LLMActionPlayer] API call took 370 ms (model=OPENROUTER size=LARGE)
[LLMActionPlayer] API call took 403 ms (model=OPENROUTER size=LARGE)
[LLMActionPlayer] API call took 476 ms (model=OPENROUTER size=LARGE)
[LLMActionPlayer] API call took 191 ms (model=OPENROUTER size=LARGE)
[LLMActionPlayer] API call took 447 ms (model=OPENROUTER size=LARGE)
[LLMActionPlayer] API call took 319 ms (model=OPENROUTER size=LARGE)
[LLMActionPlayer] API call took 392 ms (model=OPENROUTER size=LARGE)
[LLMActionPlayer] API call took 288 ms (model=OPENROUTER size=LARGE)
[LLMActionPlayer] API call took 295 ms (model=OPENROUTER size=LARGE)
[LLMActionPlayer] API call took 430 ms (model=OPENROUTER size=LARGE)
[LLMActionPlayer] API call took 261 ms (model=OPENROUTER size=LARGE)
[LLMActionPlayer] API call took 306 ms (model=OPENROUTER size=LARGE)
[LLMActionPlayer] API call took 461 ms (model=OPENROUTER size=LARGE)
[LLMActionPlayer] API call took 399 ms (model=OPENROUTER size=LARGE)
[LLMActionPlayer] API call took 185 ms (model=OPENROUTER size=LARGE)
[LLMActionPlayer] API call took 200 ms (model=OPENROUTER size=LARGE)
[LLMActionPlayer] API call took 388 ms (model=OPENROUTER size=LARGE)
[LLMActionPlayer] API call took 330 ms (model=OPENROUTER size=LARGE)
[LLMActionPlayer] API call took 649 ms (model=OPENROUTER size=LARGE)
[LLMActionPlayer] API call took 438 ms (model=OPENROUTER size=LARGE)
[LLMActionPlayer] API call took 494 ms (model=OPENROUTER size=LARGE)
[LLMActionPlayer] API call took 217 ms (model=OPENROUTER size=LARGE)
[LLMActionPlayer] API call took 502 ms (model=OPENROUTER size=LARGE)
[LLMActionPlayer] API call took 336 ms (model=OPENROUTER size=LARGE)
[LLMActionPlayer] API call took 428 ms (model=OPENROUTER size=LARGE)
[WIN_GAME,LOSE_GAME,LOSE_GAME]
[LLMActionPlayer] API call took 277 ms (model=OPENROUTER size=LARGE)
[LLMActionPlayer] API call took 500 ms (model=OPENROUTER size=LARGE)
[LLMActionPlayer] API call took 463 ms (model=OPENROUTER size=LARGE)
[LLMActionPlayer] API call took 194 ms (model=OPENROUTER size=LARGE)
[LLMActionPlayer] API call took 452 ms (model=OPENROUTER size=LARGE)
[LLMActionPlayer] API call took 419 ms (model=OPENROUTER size=LARGE)
[LLMActionPlayer] API call took 402 ms (model=OPENROUTER size=LARGE)
[LLMActionPlayer] API call took 253 ms (model=OPENROUTER size=LARGE)
[LLMActionPlayer] API call took 175 ms (model=OPENROUTER size=LARGE)
[LLMActionPlayer] API call took 242 ms (model=OPENROUTER size=LARGE)
[LLMActionPlayer] API call took 204 ms (model=OPENROUTER size=LARGE)
[LLMActionPlayer] API call took 408 ms (model=OPENROUTER size=LARGE)
[LLMActionPlayer] API call took 469 ms (model=OPENROUTER size=LARGE)
[WIN_GAME,LOSE_GAME,LOSE_GAME]
[LLMActionPlayer] API call took 188 ms (model=OPENROUTER size=LARGE)
[LLMActionPlayer] API call took 181 ms (model=OPENROUTER size=LARGE)
[LLMActionPlayer] API call took 208 ms (model=OPENROUTER size=LARGE)
[LLMActionPlayer] API call took 401 ms (model=OPENROUTER size=LARGE)
[LLMActionPlayer] API call took 339 ms (model=OPENROUTER size=LARGE)
[LLMActionPlayer] API call took 171 ms (model=OPENROUTER size=LARGE)
[LLMActionPlayer] API call took 230 ms (model=OPENROUTER size=LARGE)
[LLMActionPlayer] API call took 413 ms (model=OPENROUTER size=LARGE)
[LLMActionPlayer] API call took 364 ms (model=OPENROUTER size=LARGE)
[LLMActionPlayer] API call took 218 ms (model=OPENROUTER size=LARGE)
[LLMActionPlayer] API call took 172 ms (model=OPENROUTER size=LARGE)
[LLMActionPlayer] API call took 694 ms (model=OPENROUTER size=LARGE)
[LLMActionPlayer] API call took 807 ms (model=OPENROUTER size=LARGE)
[LLMActionPlayer] API call took 818 ms (model=OPENROUTER size=LARGE)
[LLMActionPlayer] API call took 444 ms (model=OPENROUTER size=LARGE)
[LLMActionPlayer] API call took 171 ms (model=OPENROUTER size=LARGE)
[LLMActionPlayer] API call took 310 ms (model=OPENROUTER size=LARGE)
[LLMActionPlayer] API call took 372 ms (model=OPENROUTER size=LARGE)
[LLMActionPlayer] API call took 676 ms (model=OPENROUTER size=LARGE)
[LLMActionPlayer] API call took 390 ms (model=OPENROUTER size=LARGE)
[LLMActionPlayer] API call took 206 ms (model=OPENROUTER size=LARGE)
[LLMActionPlayer] API call took 475 ms (model=OPENROUTER size=LARGE)
[LLMActionPlayer] API call took 304 ms (model=OPENROUTER size=LARGE)
[LLMActionPlayer] API call took 159 ms (model=OPENROUTER size=LARGE)
[LLMActionPlayer] API call took 256 ms (model=OPENROUTER size=LARGE)
[LLMActionPlayer] API call took 423 ms (model=OPENROUTER size=LARGE)
[LLMActionPlayer] API call took 426 ms (model=OPENROUTER size=LARGE)
[LLMActionPlayer] API call took 402 ms (model=OPENROUTER size=LARGE)
[LLMActionPlayer] API call took 465 ms (model=OPENROUTER size=LARGE)
[LLMActionPlayer] API call took 448 ms (model=OPENROUTER size=LARGE)
[LLMActionPlayer] API call took 495 ms (model=OPENROUTER size=LARGE)
[LLMActionPlayer] API call took 363 ms (model=OPENROUTER size=LARGE)
[LLMActionPlayer] API call took 389 ms (model=OPENROUTER size=LARGE)
[LLMActionPlayer] API call took 203 ms (model=OPENROUTER size=LARGE)
[LLMActionPlayer] API call took 170 ms (model=OPENROUTER size=LARGE)
[LLMActionPlayer] API call took 238 ms (model=OPENROUTER size=LARGE)
[LLMActionPlayer] API call took 197 ms (model=OPENROUTER size=LARGE)
[LLMActionPlayer] API call took 429 ms (model=OPENROUTER size=LARGE)
[LLMActionPlayer] API call took 426 ms (model=OPENROUTER size=LARGE)
[LLMActionPlayer] API call took 193 ms (model=OPENROUTER size=LARGE)
[LLMActionPlayer] API call took 144 ms (model=OPENROUTER size=LARGE)
[LLMActionPlayer] API call took 234 ms (model=OPENROUTER size=LARGE)
[LLMActionPlayer] API call took 225 ms (model=OPENROUTER size=LARGE)
[LLMActionPlayer] API call took 186 ms (model=OPENROUTER size=LARGE)
[LLMActionPlayer] API call took 182 ms (model=OPENROUTER size=LARGE)
[LLMActionPlayer] API call took 164 ms (model=OPENROUTER size=LARGE)
[LLMActionPlayer] API call took 199 ms (model=OPENROUTER size=LARGE)
[LLMActionPlayer] API call took 164 ms (model=OPENROUTER size=LARGE)
[LLMActionPlayer] API call took 503 ms (model=OPENROUTER size=LARGE)
[LLMActionPlayer] API call took 441 ms (model=OPENROUTER size=LARGE)
[LLMActionPlayer] API call took 159 ms (model=OPENROUTER size=LARGE)
[LLMActionPlayer] API call took 428 ms (model=OPENROUTER size=LARGE)
[LLMActionPlayer] API call took 1407 ms (model=OPENROUTER size=LARGE)
[LLMActionPlayer] API call took 397 ms (model=OPENROUTER size=LARGE)
[LLMActionPlayer] API call took 454 ms (model=OPENROUTER size=LARGE)
[LLMActionPlayer] API call took 508 ms (model=OPENROUTER size=LARGE)
[LLMActionPlayer] API call took 241 ms (model=OPENROUTER size=LARGE)
[LLMActionPlayer] API call took 442 ms (model=OPENROUTER size=LARGE)
[LLMActionPlayer] API call took 1579 ms (model=OPENROUTER size=LARGE)
[LLMActionPlayer] API call took 450 ms (model=OPENROUTER size=LARGE)
[LLMActionPlayer] API call took 501 ms (model=OPENROUTER size=LARGE)
[LLMActionPlayer] API call took 160 ms (model=OPENROUTER size=LARGE)
[LLMActionPlayer] API call took 243 ms (model=OPENROUTER size=LARGE)
[LLMActionPlayer] API call took 558 ms (model=OPENROUTER size=LARGE)
[LLMActionPlayer] API call took 527 ms (model=OPENROUTER size=LARGE)
[LLMActionPlayer] API call took 171 ms (model=OPENROUTER size=LARGE)
[LLMActionPlayer] API call took 204 ms (model=OPENROUTER size=LARGE)
[WIN_GAME,LOSE_GAME,LOSE_GAME]
[LLMActionPlayer] API call took 307 ms (model=OPENROUTER size=LARGE)
[LLMActionPlayer] API call took 716 ms (model=OPENROUTER size=LARGE)
[LLMActionPlayer] API call took 247 ms (model=OPENROUTER size=LARGE)
[LLMActionPlayer] API call took 227 ms (model=OPENROUTER size=LARGE)
[LLMActionPlayer] API call took 314 ms (model=OPENROUTER size=LARGE)
[LLMActionPlayer] API call took 236 ms (model=OPENROUTER size=LARGE)
[LLMActionPlayer] API call took 179 ms (model=OPENROUTER size=LARGE)
[LLMActionPlayer] API call took 250 ms (model=OPENROUTER size=LARGE)
[LLMActionPlayer] API call took 191 ms (model=OPENROUTER size=LARGE)
[LLMActionPlayer] API call took 657 ms (model=OPENROUTER size=LARGE)
[LLMActionPlayer] API call took 207 ms (model=OPENROUTER size=LARGE)
[LLMActionPlayer] API call took 359 ms (model=OPENROUTER size=LARGE)
[LLMActionPlayer] API call took 338 ms (model=OPENROUTER size=LARGE)
[LLMActionPlayer] API call took 380 ms (model=OPENROUTER size=LARGE)
[LLMActionPlayer] API call took 209 ms (model=OPENROUTER size=LARGE)
[LLMActionPlayer] API call took 234 ms (model=OPENROUTER size=LARGE)
[LLMActionPlayer] API call took 416 ms (model=OPENROUTER size=LARGE)
[LLMActionPlayer] API call took 595 ms (model=OPENROUTER size=LARGE)
[LLMActionPlayer] API call took 151 ms (model=OPENROUTER size=LARGE)
[LLMActionPlayer] API call took 225 ms (model=OPENROUTER size=LARGE)
[LLMActionPlayer] API call took 144 ms (model=OPENROUTER size=LARGE)
[LLMActionPlayer] API call took 180 ms (model=OPENROUTER size=LARGE)
[LLMActionPlayer] API call took 742 ms (model=OPENROUTER size=LARGE)
[LLMActionPlayer] API call took 384 ms (model=OPENROUTER size=LARGE)
[LLMActionPlayer] API call took 328 ms (model=OPENROUTER size=LARGE)
[LLMActionPlayer] API call took 373 ms (model=OPENROUTER size=LARGE)
[LLMActionPlayer] API call took 205 ms (model=OPENROUTER size=LARGE)
[LLMActionPlayer] API call took 719 ms (model=OPENROUTER size=LARGE)
[LLMActionPlayer] API call took 508 ms (model=OPENROUTER size=LARGE)
[LLMActionPlayer] API call took 287 ms (model=OPENROUTER size=LARGE)
[LLMActionPlayer] API call took 236 ms (model=OPENROUTER size=LARGE)
[LLMActionPlayer] API call took 174 ms (model=OPENROUTER size=LARGE)
[LLMActionPlayer] API call took 258 ms (model=OPENROUTER size=LARGE)
[LLMActionPlayer] API call took 271 ms (model=OPENROUTER size=LARGE)
[LLMActionPlayer] API call took 199 ms (model=OPENROUTER size=LARGE)
[LLMActionPlayer] API call took 592 ms (model=OPENROUTER size=LARGE)
[LLMActionPlayer] API call took 619 ms (model=OPENROUTER size=LARGE)
[LLMActionPlayer] API call took 668 ms (model=OPENROUTER size=LARGE)
[LLMActionPlayer] API call took 543 ms (model=OPENROUTER size=LARGE)
[LLMActionPlayer] API call took 296 ms (model=OPENROUTER size=LARGE)
[LLMActionPlayer] API call took 295 ms (model=OPENROUTER size=LARGE)
[LOSE_GAME,LOSE_GAME,WIN_GAME]
[LLMActionPlayer] API call took 228 ms (model=OPENROUTER size=LARGE)
[LLMActionPlayer] API call took 748 ms (model=OPENROUTER size=LARGE)
[LLMActionPlayer] API call took 236 ms (model=OPENROUTER size=LARGE)
[LLMActionPlayer] API call took 229 ms (model=OPENROUTER size=LARGE)
[LLMActionPlayer] API call took 458 ms (model=OPENROUTER size=LARGE)
[LLMActionPlayer] API call took 406 ms (model=OPENROUTER size=LARGE)
[LLMActionPlayer] API call took 399 ms (model=OPENROUTER size=LARGE)
[LLMActionPlayer] API call took 1352 ms (model=OPENROUTER size=LARGE)
[LLMActionPlayer] API call took 169 ms (model=OPENROUTER size=LARGE)
[LLMActionPlayer] API call took 722 ms (model=OPENROUTER size=LARGE)
[LLMActionPlayer] API call took 519 ms (model=OPENROUTER size=LARGE)
[LLMActionPlayer] API call took 284 ms (model=OPENROUTER size=LARGE)
[LLMActionPlayer] API call took 181 ms (model=OPENROUTER size=LARGE)
[WIN_GAME,LOSE_GAME,LOSE_GAME]
[LLMActionPlayer] API call took 190 ms (model=OPENROUTER size=LARGE)
[LLMActionPlayer] API call took 380 ms (model=OPENROUTER size=LARGE)
[LLMActionPlayer] API call took 229 ms (model=OPENROUTER size=LARGE)
[LLMActionPlayer] API call took 347 ms (model=OPENROUTER size=LARGE)
[LLMActionPlayer] API call took 193 ms (model=OPENROUTER size=LARGE)
[LLMActionPlayer] API call took 225 ms (model=OPENROUTER size=LARGE)
[LLMActionPlayer] API call took 432 ms (model=OPENROUTER size=LARGE)
[LLMActionPlayer] API call took 199 ms (model=OPENROUTER size=LARGE)
[LLMActionPlayer] API call took 241 ms (model=OPENROUTER size=LARGE)
[LLMActionPlayer] API call took 487 ms (model=OPENROUTER size=LARGE)
[LLMActionPlayer] API call took 466 ms (model=OPENROUTER size=LARGE)
[LLMActionPlayer] API call took 312 ms (model=OPENROUTER size=LARGE)
[LLMActionPlayer] API call took 159 ms (model=OPENROUTER size=LARGE)
[LLMActionPlayer] API call took 212 ms (model=OPENROUTER size=LARGE)
[LLMActionPlayer] API call took 213 ms (model=OPENROUTER size=LARGE)
[LLMActionPlayer] API call took 234 ms (model=OPENROUTER size=LARGE)
[LLMActionPlayer] API call took 640 ms (model=OPENROUTER size=LARGE)
[LLMActionPlayer] API call took 391 ms (model=OPENROUTER size=LARGE)
[LLMActionPlayer] API call took 418 ms (model=OPENROUTER size=LARGE)
[LLMActionPlayer] API call took 254 ms (model=OPENROUTER size=LARGE)
[LLMActionPlayer] API call took 454 ms (model=OPENROUTER size=LARGE)
[LLMActionPlayer] API call took 466 ms (model=OPENROUTER size=LARGE)
[LLMActionPlayer] API call took 199 ms (model=OPENROUTER size=LARGE)
[LLMActionPlayer] API call took 302 ms (model=OPENROUTER size=LARGE)
[LLMActionPlayer] API call took 432 ms (model=OPENROUTER size=LARGE)
[LLMActionPlayer] API call took 504 ms (model=OPENROUTER size=LARGE)
[LLMActionPlayer] API call took 237 ms (model=OPENROUTER size=LARGE)
[LLMActionPlayer] API call took 182 ms (model=OPENROUTER size=LARGE)
[LLMActionPlayer] API call took 196 ms (model=OPENROUTER size=LARGE)
[LLMActionPlayer] API call took 435 ms (model=OPENROUTER size=LARGE)
[LLMActionPlayer] API call took 419 ms (model=OPENROUTER size=LARGE)
[WIN_GAME,LOSE_GAME,LOSE_GAME]
[LLMActionPlayer] API call took 247 ms (model=OPENROUTER size=LARGE)
[LLMActionPlayer] API call took 203 ms (model=OPENROUTER size=LARGE)
[LLMActionPlayer] API call took 195 ms (model=OPENROUTER size=LARGE)
[LLMActionPlayer] API call took 239 ms (model=OPENROUTER size=LARGE)
[LLMActionPlayer] API call took 166 ms (model=OPENROUTER size=LARGE)
[LLMActionPlayer] API call took 398 ms (model=OPENROUTER size=LARGE)
[LLMActionPlayer] API call took 218 ms (model=OPENROUTER size=LARGE)
[LLMActionPlayer] API call took 461 ms (model=OPENROUTER size=LARGE)
[LLMActionPlayer] API call took 481 ms (model=OPENROUTER size=LARGE)
[LLMActionPlayer] API call took 220 ms (model=OPENROUTER size=LARGE)
[LLMActionPlayer] API call took 345 ms (model=OPENROUTER size=LARGE)
[LLMActionPlayer] API call took 380 ms (model=OPENROUTER size=LARGE)
[LLMActionPlayer] API call took 206 ms (model=OPENROUTER size=LARGE)
[LLMActionPlayer] API call took 200 ms (model=OPENROUTER size=LARGE)
[LLMActionPlayer] API call took 200 ms (model=OPENROUTER size=LARGE)
[LLMActionPlayer] API call took 382 ms (model=OPENROUTER size=LARGE)
[LLMActionPlayer] API call took 185 ms (model=OPENROUTER size=LARGE)
[LLMActionPlayer] API call took 662 ms (model=OPENROUTER size=LARGE)
[LLMActionPlayer] API call took 451 ms (model=OPENROUTER size=LARGE)
[LLMActionPlayer] API call took 188 ms (model=OPENROUTER size=LARGE)
[LLMActionPlayer] API call took 329 ms (model=OPENROUTER size=LARGE)
[LLMActionPlayer] API call took 475 ms (model=OPENROUTER size=LARGE)
[LLMActionPlayer] API call took 366 ms (model=OPENROUTER size=LARGE)
[LLMActionPlayer] API call took 404 ms (model=OPENROUTER size=LARGE)
[LLMActionPlayer] API call took 357 ms (model=OPENROUTER size=LARGE)
[LLMActionPlayer] API call took 461 ms (model=OPENROUTER size=LARGE)
[LLMActionPlayer] API call took 978 ms (model=OPENROUTER size=LARGE)
[LLMActionPlayer] API call took 391 ms (model=OPENROUTER size=LARGE)
[LLMActionPlayer] API call took 553 ms (model=OPENROUTER size=LARGE)
[LLMActionPlayer] API call took 475 ms (model=OPENROUTER size=LARGE)
[LLMActionPlayer] API call took 193 ms (model=OPENROUTER size=LARGE)
[LLMActionPlayer] API call took 423 ms (model=OPENROUTER size=LARGE)
[LLMActionPlayer] API call took 755 ms (model=OPENROUTER size=LARGE)
[LLMActionPlayer] API call took 202 ms (model=OPENROUTER size=LARGE)
[LLMActionPlayer] API call took 823 ms (model=OPENROUTER size=LARGE)
[LLMActionPlayer] API call took 353 ms (model=OPENROUTER size=LARGE)
[LLMActionPlayer] API call took 492 ms (model=OPENROUTER size=LARGE)
[LLMActionPlayer] API call took 485 ms (model=OPENROUTER size=LARGE)
[LLMActionPlayer] API call took 518 ms (model=OPENROUTER size=LARGE)
[LLMActionPlayer] API call took 647 ms (model=OPENROUTER size=LARGE)
[LLMActionPlayer] API call took 526 ms (model=OPENROUTER size=LARGE)
[LLMActionPlayer] API call took 527 ms (model=OPENROUTER size=LARGE)
[LLMActionPlayer] API call took 457 ms (model=OPENROUTER size=LARGE)
[LLMActionPlayer] API call took 383 ms (model=OPENROUTER size=LARGE)
[LLMActionPlayer] API call took 259 ms (model=OPENROUTER size=LARGE)
[LLMActionPlayer] API call took 439 ms (model=OPENROUTER size=LARGE)
[LLMActionPlayer] API call took 424 ms (model=OPENROUTER size=LARGE)
[LOSE_GAME,WIN_GAME,LOSE_GAME]
[LLMActionPlayer] API call took 351 ms (model=OPENROUTER size=LARGE)
[LLMActionPlayer] API call took 158 ms (model=OPENROUTER size=LARGE)
[LLMActionPlayer] API call took 183 ms (model=OPENROUTER size=LARGE)
[LLMActionPlayer] API call took 166 ms (model=OPENROUTER size=LARGE)
[LLMActionPlayer] API call took 203 ms (model=OPENROUTER size=LARGE)
[LLMActionPlayer] API call took 452 ms (model=OPENROUTER size=LARGE)
[LLMActionPlayer] API call took 284 ms (model=OPENROUTER size=LARGE)
[LLMActionPlayer] API call took 655 ms (model=OPENROUTER size=LARGE)
[LLMActionPlayer] API call took 188 ms (model=OPENROUTER size=LARGE)
[LLMActionPlayer] API call took 415 ms (model=OPENROUTER size=LARGE)
[LLMActionPlayer] API call took 206 ms (model=OPENROUTER size=LARGE)
[LLMActionPlayer] API call took 213 ms (model=OPENROUTER size=LARGE)
[LLMActionPlayer] API call took 277 ms (model=OPENROUTER size=LARGE)
[LLMActionPlayer] API call took 278 ms (model=OPENROUTER size=LARGE)
[LLMActionPlayer] API call took 215 ms (model=OPENROUTER size=LARGE)
[LLMActionPlayer] API call took 479 ms (model=OPENROUTER size=LARGE)
[LLMActionPlayer] API call took 353 ms (model=OPENROUTER size=LARGE)
[LLMActionPlayer] API call took 331 ms (model=OPENROUTER size=LARGE)
[LLMActionPlayer] API call took 212 ms (model=OPENROUTER size=LARGE)
[LLMActionPlayer] API call took 174 ms (model=OPENROUTER size=LARGE)
[LLMActionPlayer] API call took 235 ms (model=OPENROUTER size=LARGE)
[LLMActionPlayer] API call took 452 ms (model=OPENROUTER size=LARGE)
[LLMActionPlayer] API call took 376 ms (model=OPENROUTER size=LARGE)
[WIN_GAME,LOSE_GAME,LOSE_GAME]
[LLMActionPlayer] API call took 182 ms (model=OPENROUTER size=LARGE)
[LLMActionPlayer] API call took 238 ms (model=OPENROUTER size=LARGE)
[LLMActionPlayer] API call took 192 ms (model=OPENROUTER size=LARGE)
[LLMActionPlayer] API call took 242 ms (model=OPENROUTER size=LARGE)
[LLMActionPlayer] API call took 246 ms (model=OPENROUTER size=LARGE)
[WIN_GAME,LOSE_GAME,LOSE_GAME]
[LLMActionPlayer] API call took 181 ms (model=OPENROUTER size=LARGE)
[LLMActionPlayer] API call took 305 ms (model=OPENROUTER size=LARGE)
[LLMActionPlayer] API call took 203 ms (model=OPENROUTER size=LARGE)
[LLMActionPlayer] API call took 379 ms (model=OPENROUTER size=LARGE)
[LLMActionPlayer] API call took 816 ms (model=OPENROUTER size=LARGE)
[LLMActionPlayer] API call took 192 ms (model=OPENROUTER size=LARGE)
[LLMActionPlayer] API call took 187 ms (model=OPENROUTER size=LARGE)
[LLMActionPlayer] API call took 368 ms (model=OPENROUTER size=LARGE)
[LLMActionPlayer] API call took 389 ms (model=OPENROUTER size=LARGE)
[LLMActionPlayer] API call took 205 ms (model=OPENROUTER size=LARGE)
[LLMActionPlayer] API call took 487 ms (model=OPENROUTER size=LARGE)
[LLMActionPlayer] API call took 166 ms (model=OPENROUTER size=LARGE)
[LLMActionPlayer] API call took 180 ms (model=OPENROUTER size=LARGE)
[LLMActionPlayer] API call took 378 ms (model=OPENROUTER size=LARGE)
[LLMActionPlayer] API call took 306 ms (model=OPENROUTER size=LARGE)
[LLMActionPlayer] API call took 271 ms (model=OPENROUTER size=LARGE)
[LLMActionPlayer] API call took 409 ms (model=OPENROUTER size=LARGE)
[LLMActionPlayer] API call took 419 ms (model=OPENROUTER size=LARGE)
[LLMActionPlayer] API call took 223 ms (model=OPENROUTER size=LARGE)
[LLMActionPlayer] API call took 804 ms (model=OPENROUTER size=LARGE)
[LLMActionPlayer] API call took 457 ms (model=OPENROUTER size=LARGE)
[LLMActionPlayer] API call took 336 ms (model=OPENROUTER size=LARGE)
[LLMActionPlayer] API call took 194 ms (model=OPENROUTER size=LARGE)
[LLMActionPlayer] API call took 476 ms (model=OPENROUTER size=LARGE)
[LLMActionPlayer] API call took 225 ms (model=OPENROUTER size=LARGE)
[LLMActionPlayer] API call took 196 ms (model=OPENROUTER size=LARGE)
[LLMActionPlayer] API call took 506 ms (model=OPENROUTER size=LARGE)
[LLMActionPlayer] API call took 399 ms (model=OPENROUTER size=LARGE)
[LLMActionPlayer] API call took 307 ms (model=OPENROUTER size=LARGE)
[LLMActionPlayer] API call took 489 ms (model=OPENROUTER size=LARGE)
[LLMActionPlayer] API call took 366 ms (model=OPENROUTER size=LARGE)
[LLMActionPlayer] API call took 195 ms (model=OPENROUTER size=LARGE)
[LLMActionPlayer] API call took 190 ms (model=OPENROUTER size=LARGE)
[LOSE_GAME,WIN_GAME,LOSE_GAME]
[Catan_1,PhaseBasedEnsemblePlayer,Catan_2]
[LLMActionPlayer] API call took 165 ms (model=OPENROUTER size=LARGE)
[LLMActionPlayer] API call took 202 ms (model=OPENROUTER size=LARGE)
[LLMActionPlayer] API call took 742 ms (model=OPENROUTER size=LARGE)
[LLMActionPlayer] API call took 286 ms (model=OPENROUTER size=LARGE)
[LLMActionPlayer] API call took 441 ms (model=OPENROUTER size=LARGE)
[LLMActionPlayer] API call took 451 ms (model=OPENROUTER size=LARGE)
[LLMActionPlayer] API call took 373 ms (model=OPENROUTER size=LARGE)
[LLMActionPlayer] API call took 301 ms (model=OPENROUTER size=LARGE)
[LLMActionPlayer] API call took 339 ms (model=OPENROUTER size=LARGE)
[LLMActionPlayer] API call took 169 ms (model=OPENROUTER size=LARGE)
[LLMActionPlayer] API call took 176 ms (model=OPENROUTER size=LARGE)
[LLMActionPlayer] API call took 705 ms (model=OPENROUTER size=LARGE)
[LLMActionPlayer] API call took 1074 ms (model=OPENROUTER size=LARGE)
[LLMActionPlayer] API call took 214 ms (model=OPENROUTER size=LARGE)
[LLMActionPlayer] API call took 184 ms (model=OPENROUTER size=LARGE)
[WIN_GAME,LOSE_GAME,LOSE_GAME]
[LLMActionPlayer] API call took 175 ms (model=OPENROUTER size=LARGE)
[LLMActionPlayer] API call took 184 ms (model=OPENROUTER size=LARGE)
[LLMActionPlayer] API call took 313 ms (model=OPENROUTER size=LARGE)
[LLMActionPlayer] API call took 162 ms (model=OPENROUTER size=LARGE)
[LLMActionPlayer] API call took 210 ms (model=OPENROUTER size=LARGE)
[LLMActionPlayer] API call took 158 ms (model=OPENROUTER size=LARGE)
[LLMActionPlayer] API call took 395 ms (model=OPENROUTER size=LARGE)
[LLMActionPlayer] API call took 192 ms (model=OPENROUTER size=LARGE)
[LLMActionPlayer] API call took 345 ms (model=OPENROUTER size=LARGE)
[LLMActionPlayer] API call took 342 ms (model=OPENROUTER size=LARGE)
[LLMActionPlayer] API call took 303 ms (model=OPENROUTER size=LARGE)
[LLMActionPlayer] API call took 216 ms (model=OPENROUTER size=LARGE)
[LLMActionPlayer] API call took 182 ms (model=OPENROUTER size=LARGE)
[LLMActionPlayer] API call took 234 ms (model=OPENROUTER size=LARGE)
[LLMActionPlayer] API call took 488 ms (model=OPENROUTER size=LARGE)
[LLMActionPlayer] API call took 561 ms (model=OPENROUTER size=LARGE)
[LLMActionPlayer] API call took 401 ms (model=OPENROUTER size=LARGE)
[LLMActionPlayer] API call took 342 ms (model=OPENROUTER size=LARGE)
[LLMActionPlayer] API call took 334 ms (model=OPENROUTER size=LARGE)
[LLMActionPlayer] API call took 437 ms (model=OPENROUTER size=LARGE)
[LLMActionPlayer] API call took 378 ms (model=OPENROUTER size=LARGE)
[WIN_GAME,LOSE_GAME,LOSE_GAME]
[LLMActionPlayer] API call took 204 ms (model=OPENROUTER size=LARGE)
[LLMActionPlayer] API call took 202 ms (model=OPENROUTER size=LARGE)
[LLMActionPlayer] API call took 235 ms (model=OPENROUTER size=LARGE)
[LLMActionPlayer] API call took 778 ms (model=OPENROUTER size=LARGE)
[LLMActionPlayer] API call took 499 ms (model=OPENROUTER size=LARGE)
[LLMActionPlayer] API call took 998 ms (model=OPENROUTER size=LARGE)
[LLMActionPlayer] API call took 456 ms (model=OPENROUTER size=LARGE)
[LLMActionPlayer] API call took 642 ms (model=OPENROUTER size=LARGE)
[LLMActionPlayer] API call took 597 ms (model=OPENROUTER size=LARGE)
[LLMActionPlayer] API call took 531 ms (model=OPENROUTER size=LARGE)
[LLMActionPlayer] API call took 206 ms (model=OPENROUTER size=LARGE)
[LLMActionPlayer] API call took 540 ms (model=OPENROUTER size=LARGE)
[LLMActionPlayer] API call took 357 ms (model=OPENROUTER size=LARGE)
[LLMActionPlayer] API call took 347 ms (model=OPENROUTER size=LARGE)
[LLMActionPlayer] API call took 294 ms (model=OPENROUTER size=LARGE)
[LLMActionPlayer] API call took 216 ms (model=OPENROUTER size=LARGE)
[LLMActionPlayer] API call took 178 ms (model=OPENROUTER size=LARGE)
[LLMActionPlayer] API call took 887 ms (model=OPENROUTER size=LARGE)
[LLMActionPlayer] API call took 381 ms (model=OPENROUTER size=LARGE)
[LLMActionPlayer] API call took 502 ms (model=OPENROUTER size=LARGE)
[LLMActionPlayer] API call took 414 ms (model=OPENROUTER size=LARGE)
[LLMActionPlayer] API call took 757 ms (model=OPENROUTER size=LARGE)
[LLMActionPlayer] API call took 192 ms (model=OPENROUTER size=LARGE)
[LLMActionPlayer] API call took 430 ms (model=OPENROUTER size=LARGE)
[LLMActionPlayer] API call took 420 ms (model=OPENROUTER size=LARGE)
[LLMActionPlayer] API call took 222 ms (model=OPENROUTER size=LARGE)
[LLMActionPlayer] API call took 802 ms (model=OPENROUTER size=LARGE)
[LLMActionPlayer] API call took 389 ms (model=OPENROUTER size=LARGE)
[LLMActionPlayer] API call took 408 ms (model=OPENROUTER size=LARGE)
[LLMActionPlayer] API call took 388 ms (model=OPENROUTER size=LARGE)
[LLMActionPlayer] API call took 409 ms (model=OPENROUTER size=LARGE)
[LLMActionPlayer] API call took 380 ms (model=OPENROUTER size=LARGE)
[LLMActionPlayer] API call took 431 ms (model=OPENROUTER size=LARGE)
[LLMActionPlayer] API call took 416 ms (model=OPENROUTER size=LARGE)
[LLMActionPlayer] API call took 564 ms (model=OPENROUTER size=LARGE)
[LLMActionPlayer] API call took 363 ms (model=OPENROUTER size=LARGE)
[LLMActionPlayer] API call took 323 ms (model=OPENROUTER size=LARGE)
[LLMActionPlayer] API call took 291 ms (model=OPENROUTER size=LARGE)
[LLMActionPlayer] API call took 389 ms (model=OPENROUTER size=LARGE)
[LLMActionPlayer] API call took 615 ms (model=OPENROUTER size=LARGE)
[LLMActionPlayer] API call took 212 ms (model=OPENROUTER size=LARGE)
[LLMActionPlayer] API call took 339 ms (model=OPENROUTER size=LARGE)
[LLMActionPlayer] API call took 468 ms (model=OPENROUTER size=LARGE)
[LLMActionPlayer] API call took 439 ms (model=OPENROUTER size=LARGE)
[LLMActionPlayer] API call took 378 ms (model=OPENROUTER size=LARGE)
[LLMActionPlayer] API call took 414 ms (model=OPENROUTER size=LARGE)
[LLMActionPlayer] API call took 351 ms (model=OPENROUTER size=LARGE)
[LLMActionPlayer] API call took 224 ms (model=OPENROUTER size=LARGE)
[LLMActionPlayer] API call took 219 ms (model=OPENROUTER size=LARGE)
[LLMActionPlayer] API call took 210 ms (model=OPENROUTER size=LARGE)
[LLMActionPlayer] API call took 300 ms (model=OPENROUTER size=LARGE)
[LLMActionPlayer] API call took 309 ms (model=OPENROUTER size=LARGE)
[LLMActionPlayer] API call took 339 ms (model=OPENROUTER size=LARGE)
[LLMActionPlayer] API call took 164 ms (model=OPENROUTER size=LARGE)
[LLMActionPlayer] API call took 447 ms (model=OPENROUTER size=LARGE)
[LLMActionPlayer] API call took 380 ms (model=OPENROUTER size=LARGE)
[LLMActionPlayer] API call took 382 ms (model=OPENROUTER size=LARGE)
[LLMActionPlayer] API call took 623 ms (model=OPENROUTER size=LARGE)
[LLMActionPlayer] API call took 729 ms (model=OPENROUTER size=LARGE)
[LLMActionPlayer] API call took 195 ms (model=OPENROUTER size=LARGE)
[LLMActionPlayer] API call took 422 ms (model=OPENROUTER size=LARGE)
[LLMActionPlayer] API call took 376 ms (model=OPENROUTER size=LARGE)
[LLMActionPlayer] API call took 435 ms (model=OPENROUTER size=LARGE)
[LLMActionPlayer] API call took 419 ms (model=OPENROUTER size=LARGE)
[LLMActionPlayer] API call took 198 ms (model=OPENROUTER size=LARGE)
[LLMActionPlayer] API call took 542 ms (model=OPENROUTER size=LARGE)
[LLMActionPlayer] API call took 464 ms (model=OPENROUTER size=LARGE)
[LLMActionPlayer] API call took 498 ms (model=OPENROUTER size=LARGE)
[LLMActionPlayer] API call took 486 ms (model=OPENROUTER size=LARGE)
[LLMActionPlayer] API call took 186 ms (model=OPENROUTER size=LARGE)
[LLMActionPlayer] API call took 833 ms (model=OPENROUTER size=LARGE)
[LLMActionPlayer] API call took 701 ms (model=OPENROUTER size=LARGE)
[LLMActionPlayer] API call took 476 ms (model=OPENROUTER size=LARGE)
[LLMActionPlayer] API call took 374 ms (model=OPENROUTER size=LARGE)
[LLMActionPlayer] API call took 213 ms (model=OPENROUTER size=LARGE)
[LLMActionPlayer] API call took 213 ms (model=OPENROUTER size=LARGE)
[LLMActionPlayer] API call took 370 ms (model=OPENROUTER size=LARGE)
[LLMActionPlayer] API call took 360 ms (model=OPENROUTER size=LARGE)
[LLMActionPlayer] API call took 455 ms (model=OPENROUTER size=LARGE)
[LLMActionPlayer] API call took 740 ms (model=OPENROUTER size=LARGE)
[LLMActionPlayer] API call took 471 ms (model=OPENROUTER size=LARGE)
[LLMActionPlayer] API call took 371 ms (model=OPENROUTER size=LARGE)
[LLMActionPlayer] API call took 1303 ms (model=OPENROUTER size=LARGE)
[LLMActionPlayer] API call took 215 ms (model=OPENROUTER size=LARGE)
[LLMActionPlayer] API call took 571 ms (model=OPENROUTER size=LARGE)
[LLMActionPlayer] API call took 441 ms (model=OPENROUTER size=LARGE)
[LLMActionPlayer] API call took 418 ms (model=OPENROUTER size=LARGE)
[LLMActionPlayer] API call took 295 ms (model=OPENROUTER size=LARGE)
[LLMActionPlayer] API call took 506 ms (model=OPENROUTER size=LARGE)
[LLMActionPlayer] API call took 239 ms (model=OPENROUTER size=LARGE)
[LLMActionPlayer] API call took 608 ms (model=OPENROUTER size=LARGE)
[LOSE_GAME,LOSE_GAME,WIN_GAME]
[LLMActionPlayer] API call took 166 ms (model=OPENROUTER size=LARGE)
[LLMActionPlayer] API call took 158 ms (model=OPENROUTER size=LARGE)
[LLMActionPlayer] API call took 281 ms (model=OPENROUTER size=LARGE)
[LLMActionPlayer] API call took 153 ms (model=OPENROUTER size=LARGE)
[LLMActionPlayer] API call took 447 ms (model=OPENROUTER size=LARGE)
[LLMActionPlayer] API call took 793 ms (model=OPENROUTER size=LARGE)
[LLMActionPlayer] API call took 1363 ms (model=OPENROUTER size=LARGE)
[LLMActionPlayer] API call took 855 ms (model=OPENROUTER size=LARGE)
[LLMActionPlayer] API call took 678 ms (model=OPENROUTER size=LARGE)
[LLMActionPlayer] API call took 286 ms (model=OPENROUTER size=LARGE)
[LLMActionPlayer] API call took 129 ms (model=OPENROUTER size=LARGE)
[LLMActionPlayer] API call took 273 ms (model=OPENROUTER size=LARGE)
[LLMActionPlayer] API call took 197 ms (model=OPENROUTER size=LARGE)
[LLMActionPlayer] API call took 239 ms (model=OPENROUTER size=LARGE)
[LLMActionPlayer] API call took 315 ms (model=OPENROUTER size=LARGE)
[LLMActionPlayer] API call took 283 ms (model=OPENROUTER size=LARGE)
[LLMActionPlayer] API call took 238 ms (model=OPENROUTER size=LARGE)
[LLMActionPlayer] API call took 465 ms (model=OPENROUTER size=LARGE)
[LLMActionPlayer] API call took 432 ms (model=OPENROUTER size=LARGE)
[LLMActionPlayer] API call took 220 ms (model=OPENROUTER size=LARGE)
[LLMActionPlayer] API call took 807 ms (model=OPENROUTER size=LARGE)
[LLMActionPlayer] API call took 369 ms (model=OPENROUTER size=LARGE)
[LLMActionPlayer] API call took 402 ms (model=OPENROUTER size=LARGE)
[LLMActionPlayer] API call took 789 ms (model=OPENROUTER size=LARGE)
[LLMActionPlayer] API call took 170 ms (model=OPENROUTER size=LARGE)
[LLMActionPlayer] API call took 461 ms (model=OPENROUTER size=LARGE)
[LLMActionPlayer] API call took 359 ms (model=OPENROUTER size=LARGE)
[LLMActionPlayer] API call took 218 ms (model=OPENROUTER size=LARGE)
[LLMActionPlayer] API call took 592 ms (model=OPENROUTER size=LARGE)
[WIN_GAME,LOSE_GAME,LOSE_GAME]
[LLMActionPlayer] API call took 413 ms (model=OPENROUTER size=LARGE)
[LLMActionPlayer] API call took 176 ms (model=OPENROUTER size=LARGE)
[LLMActionPlayer] API call took 371 ms (model=OPENROUTER size=LARGE)
[LLMActionPlayer] API call took 719 ms (model=OPENROUTER size=LARGE)
[LLMActionPlayer] API call took 159 ms (model=OPENROUTER size=LARGE)
[LLMActionPlayer] API call took 229 ms (model=OPENROUTER size=LARGE)
[LLMActionPlayer] API call took 206 ms (model=OPENROUTER size=LARGE)
[LLMActionPlayer] API call took 511 ms (model=OPENROUTER size=LARGE)
[LLMActionPlayer] API call took 355 ms (model=OPENROUTER size=LARGE)
[LLMActionPlayer] API call took 179 ms (model=OPENROUTER size=LARGE)
[LLMActionPlayer] API call took 377 ms (model=OPENROUTER size=LARGE)
[LLMActionPlayer] API call took 315 ms (model=OPENROUTER size=LARGE)
[LLMActionPlayer] API call took 428 ms (model=OPENROUTER size=LARGE)
[LLMActionPlayer] API call took 683 ms (model=OPENROUTER size=LARGE)
[LLMActionPlayer] API call took 179 ms (model=OPENROUTER size=LARGE)
[LLMActionPlayer] API call took 157 ms (model=OPENROUTER size=LARGE)
[LLMActionPlayer] API call took 451 ms (model=OPENROUTER size=LARGE)
[LLMActionPlayer] API call took 215 ms (model=OPENROUTER size=LARGE)
[LLMActionPlayer] API call took 489 ms (model=OPENROUTER size=LARGE)
[LLMActionPlayer] API call took 612 ms (model=OPENROUTER size=LARGE)
[WIN_GAME,LOSE_GAME,LOSE_GAME]
[LLMActionPlayer] API call took 201 ms (model=OPENROUTER size=LARGE)
[LLMActionPlayer] API call took 415 ms (model=OPENROUTER size=LARGE)
[LLMActionPlayer] API call took 334 ms (model=OPENROUTER size=LARGE)
[LLMActionPlayer] API call took 192 ms (model=OPENROUTER size=LARGE)
[LLMActionPlayer] API call took 183 ms (model=OPENROUTER size=LARGE)
[LLMActionPlayer] API call took 570 ms (model=OPENROUTER size=LARGE)
[LLMActionPlayer] API call took 642 ms (model=OPENROUTER size=LARGE)
[LLMActionPlayer] API call took 463 ms (model=OPENROUTER size=LARGE)
[LLMActionPlayer] API call took 435 ms (model=OPENROUTER size=LARGE)
[LLMActionPlayer] API call took 256 ms (model=OPENROUTER size=LARGE)
[LLMActionPlayer] API call took 193 ms (model=OPENROUTER size=LARGE)
[LLMActionPlayer] API call took 189 ms (model=OPENROUTER size=LARGE)
[LLMActionPlayer] API call took 394 ms (model=OPENROUTER size=LARGE)
[LLMActionPlayer] API call took 830 ms (model=OPENROUTER size=LARGE)
[LLMActionPlayer] API call took 147 ms (model=OPENROUTER size=LARGE)
[LLMActionPlayer] API call took 524 ms (model=OPENROUTER size=LARGE)
[LLMActionPlayer] API call took 429 ms (model=OPENROUTER size=LARGE)
[LLMActionPlayer] API call took 192 ms (model=OPENROUTER size=LARGE)
[LLMActionPlayer] API call took 365 ms (model=OPENROUTER size=LARGE)
[LLMActionPlayer] API call took 283 ms (model=OPENROUTER size=LARGE)
[LLMActionPlayer] API call took 128 ms (model=OPENROUTER size=LARGE)
[LLMActionPlayer] API call took 345 ms (model=OPENROUTER size=LARGE)
[LLMActionPlayer] API call took 798 ms (model=OPENROUTER size=LARGE)
[LLMActionPlayer] API call took 337 ms (model=OPENROUTER size=LARGE)
[LLMActionPlayer] API call took 218 ms (model=OPENROUTER size=LARGE)
[LLMActionPlayer] API call took 240 ms (model=OPENROUTER size=LARGE)
[LLMActionPlayer] API call took 436 ms (model=OPENROUTER size=LARGE)
[LLMActionPlayer] API call took 369 ms (model=OPENROUTER size=LARGE)
[LLMActionPlayer] API call took 498 ms (model=OPENROUTER size=LARGE)
[LLMActionPlayer] API call took 517 ms (model=OPENROUTER size=LARGE)
[LLMActionPlayer] API call took 201 ms (model=OPENROUTER size=LARGE)
[LLMActionPlayer] API call took 463 ms (model=OPENROUTER size=LARGE)
[LLMActionPlayer] API call took 184 ms (model=OPENROUTER size=LARGE)
[LLMActionPlayer] API call took 201 ms (model=OPENROUTER size=LARGE)
[LLMActionPlayer] API call took 464 ms (model=OPENROUTER size=LARGE)
[LLMActionPlayer] API call took 392 ms (model=OPENROUTER size=LARGE)
[LLMActionPlayer] API call took 269 ms (model=OPENROUTER size=LARGE)
[LLMActionPlayer] API call took 195 ms (model=OPENROUTER size=LARGE)
[LLMActionPlayer] API call took 224 ms (model=OPENROUTER size=LARGE)
[LLMActionPlayer] API call took 660 ms (model=OPENROUTER size=LARGE)
[LLMActionPlayer] API call took 363 ms (model=OPENROUTER size=LARGE)
[LLMActionPlayer] API call took 370 ms (model=OPENROUTER size=LARGE)
[LLMActionPlayer] API call took 381 ms (model=OPENROUTER size=LARGE)
[LLMActionPlayer] API call took 161 ms (model=OPENROUTER size=LARGE)
[LLMActionPlayer] API call took 413 ms (model=OPENROUTER size=LARGE)
[LLMActionPlayer] API call took 442 ms (model=OPENROUTER size=LARGE)
[LLMActionPlayer] API call took 316 ms (model=OPENROUTER size=LARGE)
[LLMActionPlayer] API call took 683 ms (model=OPENROUTER size=LARGE)
[LLMActionPlayer] API call took 402 ms (model=OPENROUTER size=LARGE)
[LLMActionPlayer] API call took 703 ms (model=OPENROUTER size=LARGE)
[LLMActionPlayer] API call took 393 ms (model=OPENROUTER size=LARGE)
[LLMActionPlayer] API call took 208 ms (model=OPENROUTER size=LARGE)
[LLMActionPlayer] API call took 225 ms (model=OPENROUTER size=LARGE)
[LLMActionPlayer] API call took 806 ms (model=OPENROUTER size=LARGE)
[LLMActionPlayer] API call took 744 ms (model=OPENROUTER size=LARGE)
[LLMActionPlayer] API call took 259 ms (model=OPENROUTER size=LARGE)
[LLMActionPlayer] API call took 1071 ms (model=OPENROUTER size=LARGE)
[LLMActionPlayer] API call took 1284 ms (model=OPENROUTER size=LARGE)
[LLMActionPlayer] API call took 887 ms (model=OPENROUTER size=LARGE)
[LLMActionPlayer] API call took 691 ms (model=OPENROUTER size=LARGE)
[LOSE_GAME,WIN_GAME,LOSE_GAME]
[LLMActionPlayer] API call took 317 ms (model=OPENROUTER size=LARGE)
[LLMActionPlayer] API call took 280 ms (model=OPENROUTER size=LARGE)
[LLMActionPlayer] API call took 161 ms (model=OPENROUTER size=LARGE)
[LLMActionPlayer] API call took 414 ms (model=OPENROUTER size=LARGE)
[LLMActionPlayer] API call took 267 ms (model=OPENROUTER size=LARGE)
[LLMActionPlayer] API call took 189 ms (model=OPENROUTER size=LARGE)
[LLMActionPlayer] API call took 408 ms (model=OPENROUTER size=LARGE)
[LLMActionPlayer] API call took 818 ms (model=OPENROUTER size=LARGE)
[LLMActionPlayer] API call took 164 ms (model=OPENROUTER size=LARGE)
[LLMActionPlayer] API call took 308 ms (model=OPENROUTER size=LARGE)
[LLMActionPlayer] API call took 360 ms (model=OPENROUTER size=LARGE)
[LLMActionPlayer] API call took 332 ms (model=OPENROUTER size=LARGE)
[LLMActionPlayer] API call took 245 ms (model=OPENROUTER size=LARGE)
[LLMActionPlayer] API call took 440 ms (model=OPENROUTER size=LARGE)
[LLMActionPlayer] API call took 422 ms (model=OPENROUTER size=LARGE)
[LLMActionPlayer] API call took 487 ms (model=OPENROUTER size=LARGE)
[LLMActionPlayer] API call took 546 ms (model=OPENROUTER size=LARGE)
[LLMActionPlayer] API call took 220 ms (model=OPENROUTER size=LARGE)
[LLMActionPlayer] API call took 374 ms (model=OPENROUTER size=LARGE)
[LLMActionPlayer] API call took 336 ms (model=OPENROUTER size=LARGE)
[LLMActionPlayer] API call took 181 ms (model=OPENROUTER size=LARGE)
[LLMActionPlayer] API call took 284 ms (model=OPENROUTER size=LARGE)
[LLMActionPlayer] API call took 234 ms (model=OPENROUTER size=LARGE)
[LLMActionPlayer] API call took 187 ms (model=OPENROUTER size=LARGE)
[LLMActionPlayer] API call took 193 ms (model=OPENROUTER size=LARGE)
[LLMActionPlayer] API call took 510 ms (model=OPENROUTER size=LARGE)
[LLMActionPlayer] API call took 361 ms (model=OPENROUTER size=LARGE)
[LLMActionPlayer] API call took 408 ms (model=OPENROUTER size=LARGE)
[LLMActionPlayer] API call took 349 ms (model=OPENROUTER size=LARGE)
[LLMActionPlayer] API call took 307 ms (model=OPENROUTER size=LARGE)
[LLMActionPlayer] API call took 166 ms (model=OPENROUTER size=LARGE)
[LLMActionPlayer] API call took 177 ms (model=OPENROUTER size=LARGE)
[LLMActionPlayer] API call took 204 ms (model=OPENROUTER size=LARGE)
[LOSE_GAME,LOSE_GAME,WIN_GAME]
[LLMActionPlayer] API call took 299 ms (model=OPENROUTER size=LARGE)
[LLMActionPlayer] API call took 251 ms (model=OPENROUTER size=LARGE)
[LLMActionPlayer] API call took 505 ms (model=OPENROUTER size=LARGE)
[LLMActionPlayer] API call took 319 ms (model=OPENROUTER size=LARGE)
[LLMActionPlayer] API call took 219 ms (model=OPENROUTER size=LARGE)
[LLMActionPlayer] API call took 1527 ms (model=OPENROUTER size=LARGE)
[LLMActionPlayer] API call took 354 ms (model=OPENROUTER size=LARGE)
[LLMActionPlayer] API call took 275 ms (model=OPENROUTER size=LARGE)
[LLMActionPlayer] API call took 319 ms (model=OPENROUTER size=LARGE)
[LLMActionPlayer] API call took 163 ms (model=OPENROUTER size=LARGE)
[LLMActionPlayer] API call took 1202 ms (model=OPENROUTER size=LARGE)
[LLMActionPlayer] API call took 312 ms (model=OPENROUTER size=LARGE)
[LLMActionPlayer] API call took 383 ms (model=OPENROUTER size=LARGE)
[LLMActionPlayer] API call took 399 ms (model=OPENROUTER size=LARGE)
[LLMActionPlayer] API call took 193 ms (model=OPENROUTER size=LARGE)
[LLMActionPlayer] API call took 199 ms (model=OPENROUTER size=LARGE)
[LLMActionPlayer] API call took 430 ms (model=OPENROUTER size=LARGE)
[LLMActionPlayer] API call took 488 ms (model=OPENROUTER size=LARGE)
[LLMActionPlayer] API call took 181 ms (model=OPENROUTER size=LARGE)
[LLMActionPlayer] API call took 415 ms (model=OPENROUTER size=LARGE)
[LLMActionPlayer] API call took 486 ms (model=OPENROUTER size=LARGE)
[LLMActionPlayer] API call took 269 ms (model=OPENROUTER size=LARGE)
[LLMActionPlayer] API call took 436 ms (model=OPENROUTER size=LARGE)
[LLMActionPlayer] API call took 368 ms (model=OPENROUTER size=LARGE)
[LLMActionPlayer] API call took 413 ms (model=OPENROUTER size=LARGE)
[LLMActionPlayer] API call took 452 ms (model=OPENROUTER size=LARGE)
[LLMActionPlayer] API call took 387 ms (model=OPENROUTER size=LARGE)
[LLMActionPlayer] API call took 225 ms (model=OPENROUTER size=LARGE)
[LLMActionPlayer] API call took 439 ms (model=OPENROUTER size=LARGE)
[LLMActionPlayer] API call took 397 ms (model=OPENROUTER size=LARGE)
[LLMActionPlayer] API call took 549 ms (model=OPENROUTER size=LARGE)
[LLMActionPlayer] API call took 393 ms (model=OPENROUTER size=LARGE)
[LLMActionPlayer] API call took 331 ms (model=OPENROUTER size=LARGE)
[LLMActionPlayer] API call took 279 ms (model=OPENROUTER size=LARGE)
[LLMActionPlayer] API call took 357 ms (model=OPENROUTER size=LARGE)
[LLMActionPlayer] API call took 754 ms (model=OPENROUTER size=LARGE)
[LLMActionPlayer] API call took 462 ms (model=OPENROUTER size=LARGE)
[LLMActionPlayer] API call took 503 ms (model=OPENROUTER size=LARGE)
[LLMActionPlayer] API call took 235 ms (model=OPENROUTER size=LARGE)
[LLMActionPlayer] API call took 406 ms (model=OPENROUTER size=LARGE)
[LLMActionPlayer] API call took 782 ms (model=OPENROUTER size=LARGE)
[LLMActionPlayer] API call took 175 ms (model=OPENROUTER size=LARGE)
[LOSE_GAME,LOSE_GAME,WIN_GAME]
[LLMActionPlayer] API call took 440 ms (model=OPENROUTER size=LARGE)
[LLMActionPlayer] API call took 498 ms (model=OPENROUTER size=LARGE)
[LLMActionPlayer] API call took 141 ms (model=OPENROUTER size=LARGE)
[LLMActionPlayer] API call took 414 ms (model=OPENROUTER size=LARGE)
[LLMActionPlayer] API call took 496 ms (model=OPENROUTER size=LARGE)
[LLMActionPlayer] API call took 411 ms (model=OPENROUTER size=LARGE)
[LLMActionPlayer] API call took 1054 ms (model=OPENROUTER size=LARGE)
[LLMActionPlayer] API call took 171 ms (model=OPENROUTER size=LARGE)
[LLMActionPlayer] API call took 703 ms (model=OPENROUTER size=LARGE)
[LLMActionPlayer] API call took 174 ms (model=OPENROUTER size=LARGE)
[LLMActionPlayer] API call took 276 ms (model=OPENROUTER size=LARGE)
[LLMActionPlayer] API call took 393 ms (model=OPENROUTER size=LARGE)
[LLMActionPlayer] API call took 867 ms (model=OPENROUTER size=LARGE)
[LLMActionPlayer] API call took 192 ms (model=OPENROUTER size=LARGE)
[LLMActionPlayer] API call took 285 ms (model=OPENROUTER size=LARGE)
[LLMActionPlayer] API call took 191 ms (model=OPENROUTER size=LARGE)
[LLMActionPlayer] API call took 458 ms (model=OPENROUTER size=LARGE)
[LLMActionPlayer] API call took 337 ms (model=OPENROUTER size=LARGE)
[LLMActionPlayer] API call took 216 ms (model=OPENROUTER size=LARGE)
[LLMActionPlayer] API call took 433 ms (model=OPENROUTER size=LARGE)
[LLMActionPlayer] API call took 194 ms (model=OPENROUTER size=LARGE)
[LLMActionPlayer] API call took 433 ms (model=OPENROUTER size=LARGE)
[LLMActionPlayer] API call took 534 ms (model=OPENROUTER size=LARGE)
[LLMActionPlayer] API call took 229 ms (model=OPENROUTER size=LARGE)
[LLMActionPlayer] API call took 429 ms (model=OPENROUTER size=LARGE)
[LLMActionPlayer] API call took 376 ms (model=OPENROUTER size=LARGE)
[LLMActionPlayer] API call took 482 ms (model=OPENROUTER size=LARGE)
[LLMActionPlayer] API call took 375 ms (model=OPENROUTER size=LARGE)
[LLMActionPlayer] API call took 403 ms (model=OPENROUTER size=LARGE)
[LLMActionPlayer] API call took 390 ms (model=OPENROUTER size=LARGE)
[LLMActionPlayer] API call took 373 ms (model=OPENROUTER size=LARGE)
[LLMActionPlayer] API call took 327 ms (model=OPENROUTER size=LARGE)
[LLMActionPlayer] API call took 332 ms (model=OPENROUTER size=LARGE)
[LLMActionPlayer] API call took 246 ms (model=OPENROUTER size=LARGE)
[LLMActionPlayer] API call took 394 ms (model=OPENROUTER size=LARGE)
[LLMActionPlayer] API call took 789 ms (model=OPENROUTER size=LARGE)
[LLMActionPlayer] API call took 524 ms (model=OPENROUTER size=LARGE)
[LLMActionPlayer] API call took 197 ms (model=OPENROUTER size=LARGE)
[LLMActionPlayer] API call took 476 ms (model=OPENROUTER size=LARGE)
[LLMActionPlayer] API call took 494 ms (model=OPENROUTER size=LARGE)
[LLMActionPlayer] API call took 451 ms (model=OPENROUTER size=LARGE)
[LLMActionPlayer] API call took 476 ms (model=OPENROUTER size=LARGE)
[LLMActionPlayer] API call took 432 ms (model=OPENROUTER size=LARGE)
[LLMActionPlayer] API call took 225 ms (model=OPENROUTER size=LARGE)
[LLMActionPlayer] API call took 192 ms (model=OPENROUTER size=LARGE)
[LLMActionPlayer] API call took 1428 ms (model=OPENROUTER size=LARGE)
[LLMActionPlayer] API call took 437 ms (model=OPENROUTER size=LARGE)
[LLMActionPlayer] API call took 420 ms (model=OPENROUTER size=LARGE)
[LLMActionPlayer] API call took 203 ms (model=OPENROUTER size=LARGE)
[LLMActionPlayer] API call took 398 ms (model=OPENROUTER size=LARGE)
[WIN_GAME,LOSE_GAME,LOSE_GAME]
[LLMActionPlayer] API call took 197 ms (model=OPENROUTER size=LARGE)
[LLMActionPlayer] API call took 213 ms (model=OPENROUTER size=LARGE)
[LLMActionPlayer] API call took 244 ms (model=OPENROUTER size=LARGE)
[LLMActionPlayer] API call took 196 ms (model=OPENROUTER size=LARGE)
[LLMActionPlayer] API call took 171 ms (model=OPENROUTER size=LARGE)
[LLMActionPlayer] API call took 615 ms (model=OPENROUTER size=LARGE)
[LLMActionPlayer] API call took 167 ms (model=OPENROUTER size=LARGE)
[LLMActionPlayer] API call took 447 ms (model=OPENROUTER size=LARGE)
[LLMActionPlayer] API call took 332 ms (model=OPENROUTER size=LARGE)
[LLMActionPlayer] API call took 224 ms (model=OPENROUTER size=LARGE)
[LLMActionPlayer] API call took 200 ms (model=OPENROUTER size=LARGE)
[LLMActionPlayer] API call took 217 ms (model=OPENROUTER size=LARGE)
[LLMActionPlayer] API call took 257 ms (model=OPENROUTER size=LARGE)
[LLMActionPlayer] API call took 206 ms (model=OPENROUTER size=LARGE)
[LLMActionPlayer] API call took 226 ms (model=OPENROUTER size=LARGE)
[LLMActionPlayer] API call took 262 ms (model=OPENROUTER size=LARGE)
[LLMActionPlayer] API call took 272 ms (model=OPENROUTER size=LARGE)
[LLMActionPlayer] API call took 408 ms (model=OPENROUTER size=LARGE)
[LLMActionPlayer] API call took 462 ms (model=OPENROUTER size=LARGE)
[LLMActionPlayer] API call took 198 ms (model=OPENROUTER size=LARGE)
[LLMActionPlayer] API call took 208 ms (model=OPENROUTER size=LARGE)
[LLMActionPlayer] API call took 238 ms (model=OPENROUTER size=LARGE)
[LLMActionPlayer] API call took 564 ms (model=OPENROUTER size=LARGE)
[LLMActionPlayer] API call took 553 ms (model=OPENROUTER size=LARGE)
[LLMActionPlayer] API call took 904 ms (model=OPENROUTER size=LARGE)
[LOSE_GAME,LOSE_GAME,WIN_GAME]
[LLMActionPlayer] API call took 776 ms (model=OPENROUTER size=LARGE)
[LLMActionPlayer] API call took 272 ms (model=OPENROUTER size=LARGE)
[LLMActionPlayer] API call took 260 ms (model=OPENROUTER size=LARGE)
[LLMActionPlayer] API call took 391 ms (model=OPENROUTER size=LARGE)
[LLMActionPlayer] API call took 431 ms (model=OPENROUTER size=LARGE)
[LLMActionPlayer] API call took 188 ms (model=OPENROUTER size=LARGE)
[LLMActionPlayer] API call took 329 ms (model=OPENROUTER size=LARGE)
[LLMActionPlayer] API call took 331 ms (model=OPENROUTER size=LARGE)
[LLMActionPlayer] API call took 176 ms (model=OPENROUTER size=LARGE)
[LLMActionPlayer] API call took 169 ms (model=OPENROUTER size=LARGE)
[LLMActionPlayer] API call took 495 ms (model=OPENROUTER size=LARGE)
[LLMActionPlayer] API call took 268 ms (model=OPENROUTER size=LARGE)
[LLMActionPlayer] API call took 327 ms (model=OPENROUTER size=LARGE)
[LLMActionPlayer] API call took 359 ms (model=OPENROUTER size=LARGE)
[LLMActionPlayer] API call took 492 ms (model=OPENROUTER size=LARGE)
[LLMActionPlayer] API call took 269 ms (model=OPENROUTER size=LARGE)
[LLMActionPlayer] API call took 335 ms (model=OPENROUTER size=LARGE)
[LLMActionPlayer] API call took 425 ms (model=OPENROUTER size=LARGE)
[LLMActionPlayer] API call took 755 ms (model=OPENROUTER size=LARGE)
[LLMActionPlayer] API call took 376 ms (model=OPENROUTER size=LARGE)
[LLMActionPlayer] API call took 498 ms (model=OPENROUTER size=LARGE)
[LLMActionPlayer] API call took 222 ms (model=OPENROUTER size=LARGE)
[LLMActionPlayer] API call took 520 ms (model=OPENROUTER size=LARGE)
[LLMActionPlayer] API call took 1514 ms (model=OPENROUTER size=LARGE)
[LLMActionPlayer] API call took 403 ms (model=OPENROUTER size=LARGE)
[LLMActionPlayer] API call took 820 ms (model=OPENROUTER size=LARGE)
[LLMActionPlayer] API call took 574 ms (model=OPENROUTER size=LARGE)
[LLMActionPlayer] API call took 275 ms (model=OPENROUTER size=LARGE)
[LLMActionPlayer] API call took 410 ms (model=OPENROUTER size=LARGE)
[LLMActionPlayer] API call took 402 ms (model=OPENROUTER size=LARGE)
[LLMActionPlayer] API call took 237 ms (model=OPENROUTER size=LARGE)
[LLMActionPlayer] API call took 381 ms (model=OPENROUTER size=LARGE)
[LLMActionPlayer] API call took 232 ms (model=OPENROUTER size=LARGE)
[LLMActionPlayer] API call took 561 ms (model=OPENROUTER size=LARGE)
[LLMActionPlayer] API call took 476 ms (model=OPENROUTER size=LARGE)
[LLMActionPlayer] API call took 252 ms (model=OPENROUTER size=LARGE)
[LLMActionPlayer] API call took 175 ms (model=OPENROUTER size=LARGE)
[LLMActionPlayer] API call took 457 ms (model=OPENROUTER size=LARGE)
[LLMActionPlayer] API call took 369 ms (model=OPENROUTER size=LARGE)
[LLMActionPlayer] API call took 183 ms (model=OPENROUTER size=LARGE)
[LLMActionPlayer] API call took 372 ms (model=OPENROUTER size=LARGE)
[LLMActionPlayer] API call took 340 ms (model=OPENROUTER size=LARGE)
[LLMActionPlayer] API call took 430 ms (model=OPENROUTER size=LARGE)
[LLMActionPlayer] API call took 419 ms (model=OPENROUTER size=LARGE)
[LLMActionPlayer] API call took 436 ms (model=OPENROUTER size=LARGE)
[LLMActionPlayer] API call took 682 ms (model=OPENROUTER size=LARGE)
[LLMActionPlayer] API call took 236 ms (model=OPENROUTER size=LARGE)
[LLMActionPlayer] API call took 487 ms (model=OPENROUTER size=LARGE)
[LLMActionPlayer] API call took 413 ms (model=OPENROUTER size=LARGE)
[LLMActionPlayer] API call took 281 ms (model=OPENROUTER size=LARGE)
[LLMActionPlayer] API call took 316 ms (model=OPENROUTER size=LARGE)
[LLMActionPlayer] API call took 565 ms (model=OPENROUTER size=LARGE)
[LLMActionPlayer] API call took 154 ms (model=OPENROUTER size=LARGE)
[LLMActionPlayer] API call took 842 ms (model=OPENROUTER size=LARGE)
[LLMActionPlayer] API call took 1030 ms (model=OPENROUTER size=LARGE)
[LLMActionPlayer] API call took 676 ms (model=OPENROUTER size=LARGE)
[LLMActionPlayer] API call took 450 ms (model=OPENROUTER size=LARGE)
[WIN_GAME,LOSE_GAME,LOSE_GAME]
[LLMActionPlayer] API call took 165 ms (model=OPENROUTER size=LARGE)
[LLMActionPlayer] API call took 351 ms (model=OPENROUTER size=LARGE)
[LLMActionPlayer] API call took 357 ms (model=OPENROUTER size=LARGE)
[LLMActionPlayer] API call took 319 ms (model=OPENROUTER size=LARGE)
[LLMActionPlayer] API call took 316 ms (model=OPENROUTER size=LARGE)
[LLMActionPlayer] API call took 372 ms (model=OPENROUTER size=LARGE)
[LLMActionPlayer] API call took 357 ms (model=OPENROUTER size=LARGE)
[LLMActionPlayer] API call took 337 ms (model=OPENROUTER size=LARGE)
[LLMActionPlayer] API call took 264 ms (model=OPENROUTER size=LARGE)
[LLMActionPlayer] API call took 439 ms (model=OPENROUTER size=LARGE)
[LLMActionPlayer] API call took 394 ms (model=OPENROUTER size=LARGE)
[LLMActionPlayer] API call took 196 ms (model=OPENROUTER size=LARGE)
[LLMActionPlayer] API call took 197 ms (model=OPENROUTER size=LARGE)
[LLMActionPlayer] API call took 291 ms (model=OPENROUTER size=LARGE)
[LLMActionPlayer] API call took 234 ms (model=OPENROUTER size=LARGE)
[LLMActionPlayer] API call took 241 ms (model=OPENROUTER size=LARGE)
[LLMActionPlayer] API call took 406 ms (model=OPENROUTER size=LARGE)
[LLMActionPlayer] API call took 255 ms (model=OPENROUTER size=LARGE)
[LLMActionPlayer] API call took 363 ms (model=OPENROUTER size=LARGE)
[LLMActionPlayer] API call took 330 ms (model=OPENROUTER size=LARGE)
[LLMActionPlayer] API call took 236 ms (model=OPENROUTER size=LARGE)
[LLMActionPlayer] API call took 2500 ms (model=OPENROUTER size=LARGE)
[LLMActionPlayer] API call took 479 ms (model=OPENROUTER size=LARGE)
[LLMActionPlayer] API call took 144 ms (model=OPENROUTER size=LARGE)
[LLMActionPlayer] API call took 483 ms (model=OPENROUTER size=LARGE)
[LLMActionPlayer] API call took 395 ms (model=OPENROUTER size=LARGE)
[WIN_GAME,LOSE_GAME,LOSE_GAME]
[LLMActionPlayer] API call took 136 ms (model=OPENROUTER size=LARGE)
[LLMActionPlayer] API call took 192 ms (model=OPENROUTER size=LARGE)
[LLMActionPlayer] API call took 446 ms (model=OPENROUTER size=LARGE)
[LLMActionPlayer] API call took 444 ms (model=OPENROUTER size=LARGE)
[LLMActionPlayer] API call took 511 ms (model=OPENROUTER size=LARGE)
[LLMActionPlayer] API call took 185 ms (model=OPENROUTER size=LARGE)
[LLMActionPlayer] API call took 581 ms (model=OPENROUTER size=LARGE)
[LLMActionPlayer] API call took 170 ms (model=OPENROUTER size=LARGE)
[LLMActionPlayer] API call took 609 ms (model=OPENROUTER size=LARGE)
[LLMActionPlayer] API call took 840 ms (model=OPENROUTER size=LARGE)
[LLMActionPlayer] API call took 199 ms (model=OPENROUTER size=LARGE)
[LLMActionPlayer] API call took 141 ms (model=OPENROUTER size=LARGE)
[LLMActionPlayer] API call took 387 ms (model=OPENROUTER size=LARGE)
[LLMActionPlayer] API call took 168 ms (model=OPENROUTER size=LARGE)
[LLMActionPlayer] API call took 2157 ms (model=OPENROUTER size=LARGE)
[LLMActionPlayer] API call took 182 ms (model=OPENROUTER size=LARGE)
[LLMActionPlayer] API call took 169 ms (model=OPENROUTER size=LARGE)
[LLMActionPlayer] API call took 237 ms (model=OPENROUTER size=LARGE)
[LLMActionPlayer] API call took 323 ms (model=OPENROUTER size=LARGE)
[LLMActionPlayer] API call took 360 ms (model=OPENROUTER size=LARGE)
[LLMActionPlayer] API call took 181 ms (model=OPENROUTER size=LARGE)
[LLMActionPlayer] API call took 159 ms (model=OPENROUTER size=LARGE)
[LLMActionPlayer] API call took 612 ms (model=OPENROUTER size=LARGE)
[LLMActionPlayer] API call took 436 ms (model=OPENROUTER size=LARGE)
[LLMActionPlayer] API call took 414 ms (model=OPENROUTER size=LARGE)
[LLMActionPlayer] API call took 426 ms (model=OPENROUTER size=LARGE)
[LLMActionPlayer] API call took 315 ms (model=OPENROUTER size=LARGE)
[LLMActionPlayer] API call took 233 ms (model=OPENROUTER size=LARGE)
[LLMActionPlayer] API call took 479 ms (model=OPENROUTER size=LARGE)
[LLMActionPlayer] API call took 425 ms (model=OPENROUTER size=LARGE)
[LLMActionPlayer] API call took 166 ms (model=OPENROUTER size=LARGE)
[LLMActionPlayer] API call took 982 ms (model=OPENROUTER size=LARGE)
[LLMActionPlayer] API call took 213 ms (model=OPENROUTER size=LARGE)
[LLMActionPlayer] API call took 282 ms (model=OPENROUTER size=LARGE)
[LLMActionPlayer] API call took 304 ms (model=OPENROUTER size=LARGE)
[LLMActionPlayer] API call took 193 ms (model=OPENROUTER size=LARGE)
[LLMActionPlayer] API call took 289 ms (model=OPENROUTER size=LARGE)
[LLMActionPlayer] API call took 554 ms (model=OPENROUTER size=LARGE)
[LLMActionPlayer] API call took 893 ms (model=OPENROUTER size=LARGE)
[LLMActionPlayer] API call took 561 ms (model=OPENROUTER size=LARGE)
[LLMActionPlayer] API call took 509 ms (model=OPENROUTER size=LARGE)
[LOSE_GAME,WIN_GAME,LOSE_GAME]
[LLMActionPlayer] API call took 268 ms (model=OPENROUTER size=LARGE)
[LLMActionPlayer] API call took 178 ms (model=OPENROUTER size=LARGE)
[LLMActionPlayer] API call took 146 ms (model=OPENROUTER size=LARGE)
[LLMActionPlayer] API call took 412 ms (model=OPENROUTER size=LARGE)
[LLMActionPlayer] API call took 593 ms (model=OPENROUTER size=LARGE)
[LLMActionPlayer] API call took 405 ms (model=OPENROUTER size=LARGE)
[LLMActionPlayer] API call took 360 ms (model=OPENROUTER size=LARGE)
[LLMActionPlayer] API call took 225 ms (model=OPENROUTER size=LARGE)
[LLMActionPlayer] API call took 229 ms (model=OPENROUTER size=LARGE)
[LLMActionPlayer] API call took 173 ms (model=OPENROUTER size=LARGE)
[LLMActionPlayer] API call took 185 ms (model=OPENROUTER size=LARGE)
[LLMActionPlayer] API call took 755 ms (model=OPENROUTER size=LARGE)
[LLMActionPlayer] API call took 420 ms (model=OPENROUTER size=LARGE)
[LLMActionPlayer] API call took 383 ms (model=OPENROUTER size=LARGE)
[LLMActionPlayer] API call took 294 ms (model=OPENROUTER size=LARGE)
[LLMActionPlayer] API call took 173 ms (model=OPENROUTER size=LARGE)
[LLMActionPlayer] API call took 469 ms (model=OPENROUTER size=LARGE)
[LLMActionPlayer] API call took 605 ms (model=OPENROUTER size=LARGE)
[WIN_GAME,LOSE_GAME,LOSE_GAME]
[LLMActionPlayer] API call took 264 ms (model=OPENROUTER size=LARGE)
[LLMActionPlayer] API call took 265 ms (model=OPENROUTER size=LARGE)
[LLMActionPlayer] API call took 211 ms (model=OPENROUTER size=LARGE)
[LLMActionPlayer] API call took 332 ms (model=OPENROUTER size=LARGE)
[LLMActionPlayer] API call took 295 ms (model=OPENROUTER size=LARGE)
[LLMActionPlayer] API call took 258 ms (model=OPENROUTER size=LARGE)
[LLMActionPlayer] API call took 157 ms (model=OPENROUTER size=LARGE)
[LLMActionPlayer] API call took 544 ms (model=OPENROUTER size=LARGE)
[LLMActionPlayer] API call took 190 ms (model=OPENROUTER size=LARGE)
[LLMActionPlayer] API call took 239 ms (model=OPENROUTER size=LARGE)
[LLMActionPlayer] API call took 209 ms (model=OPENROUTER size=LARGE)
[LLMActionPlayer] API call took 212 ms (model=OPENROUTER size=LARGE)
[LLMActionPlayer] API call took 256 ms (model=OPENROUTER size=LARGE)
[LLMActionPlayer] API call took 176 ms (model=OPENROUTER size=LARGE)
[LLMActionPlayer] API call took 179 ms (model=OPENROUTER size=LARGE)
[LLMActionPlayer] API call took 321 ms (model=OPENROUTER size=LARGE)
[LLMActionPlayer] API call took 322 ms (model=OPENROUTER size=LARGE)
[LLMActionPlayer] API call took 244 ms (model=OPENROUTER size=LARGE)
[LLMActionPlayer] API call took 351 ms (model=OPENROUTER size=LARGE)
[LLMActionPlayer] API call took 551 ms (model=OPENROUTER size=LARGE)
[LLMActionPlayer] API call took 414 ms (model=OPENROUTER size=LARGE)
[LLMActionPlayer] API call took 196 ms (model=OPENROUTER size=LARGE)
[LLMActionPlayer] API call took 230 ms (model=OPENROUTER size=LARGE)
[LLMActionPlayer] API call took 149 ms (model=OPENROUTER size=LARGE)
[LLMActionPlayer] API call took 215 ms (model=OPENROUTER size=LARGE)
[LLMActionPlayer] API call took 978 ms (model=OPENROUTER size=LARGE)
[LLMActionPlayer] API call took 346 ms (model=OPENROUTER size=LARGE)
[LLMActionPlayer] API call took 2903 ms (model=OPENROUTER size=LARGE)
[LLMActionPlayer] API call took 1955 ms (model=OPENROUTER size=LARGE)
[LLMActionPlayer] API call took 627 ms (model=OPENROUTER size=LARGE)
[LLMActionPlayer] API call took 229 ms (model=OPENROUTER size=LARGE)
[LLMActionPlayer] API call took 739 ms (model=OPENROUTER size=LARGE)
[LOSE_GAME,LOSE_GAME,WIN_GAME]
[LLMActionPlayer] API call took 403 ms (model=OPENROUTER size=LARGE)
[LLMActionPlayer] API call took 345 ms (model=OPENROUTER size=LARGE)
[LLMActionPlayer] API call took 194 ms (model=OPENROUTER size=LARGE)
[LLMActionPlayer] API call took 200 ms (model=OPENROUTER size=LARGE)
[LLMActionPlayer] API call took 847 ms (model=OPENROUTER size=LARGE)
[LLMActionPlayer] API call took 338 ms (model=OPENROUTER size=LARGE)
[LLMActionPlayer] API call took 327 ms (model=OPENROUTER size=LARGE)
[LLMActionPlayer] API call took 372 ms (model=OPENROUTER size=LARGE)
[LLMActionPlayer] API call took 327 ms (model=OPENROUTER size=LARGE)
[LLMActionPlayer] API call took 215 ms (model=OPENROUTER size=LARGE)
[LLMActionPlayer] API call took 426 ms (model=OPENROUTER size=LARGE)
[LLMActionPlayer] API call took 335 ms (model=OPENROUTER size=LARGE)
[LLMActionPlayer] API call took 587 ms (model=OPENROUTER size=LARGE)
[LLMActionPlayer] API call took 420 ms (model=OPENROUTER size=LARGE)
[LLMActionPlayer] API call took 593 ms (model=OPENROUTER size=LARGE)
[LLMActionPlayer] API call took 387 ms (model=OPENROUTER size=LARGE)
[LLMActionPlayer] API call took 342 ms (model=OPENROUTER size=LARGE)
[LLMActionPlayer] API call took 391 ms (model=OPENROUTER size=LARGE)
[LLMActionPlayer] API call took 427 ms (model=OPENROUTER size=LARGE)
[LLMActionPlayer] API call took 366 ms (model=OPENROUTER size=LARGE)
[LLMActionPlayer] API call took 214 ms (model=OPENROUTER size=LARGE)
[LLMActionPlayer] API call took 518 ms (model=OPENROUTER size=LARGE)
[LLMActionPlayer] API call took 438 ms (model=OPENROUTER size=LARGE)
[LLMActionPlayer] API call took 391 ms (model=OPENROUTER size=LARGE)
[LLMActionPlayer] API call took 332 ms (model=OPENROUTER size=LARGE)
[WIN_GAME,LOSE_GAME,LOSE_GAME]
[LLMActionPlayer] API call took 475 ms (model=OPENROUTER size=LARGE)
[LLMActionPlayer] API call took 1028 ms (model=OPENROUTER size=LARGE)
[LLMActionPlayer] Invalid response: I will propose a trade to acquire a resource that I lack by offering the surplus resource I hold, specifically Trade (p1 to p0 : 4 BRICK for 1 LUMBER).
[LLMActionPlayer] Action ID : null selected randomly since LLM returned non valid action[LLMActionPlayer] API call took 815 ms (model=OPENROUTER size=LARGE)
[LLMActionPlayer] API call took 220 ms (model=OPENROUTER size=LARGE)
[LLMActionPlayer] API call took 160 ms (model=OPENROUTER size=LARGE)
[LLMActionPlayer] API call took 394 ms (model=OPENROUTER size=LARGE)
[LLMActionPlayer] API call took 840 ms (model=OPENROUTER size=LARGE)
[LLMActionPlayer] API call took 151 ms (model=OPENROUTER size=LARGE)
[LLMActionPlayer] API call took 641 ms (model=OPENROUTER size=LARGE)
[LLMActionPlayer] API call took 510 ms (model=OPENROUTER size=LARGE)
[LLMActionPlayer] API call took 449 ms (model=OPENROUTER size=LARGE)
[LLMActionPlayer] API call took 319 ms (model=OPENROUTER size=LARGE)
[LLMActionPlayer] API call took 246 ms (model=OPENROUTER size=LARGE)
[LLMActionPlayer] API call took 200 ms (model=OPENROUTER size=LARGE)
[LLMActionPlayer] API call took 442 ms (model=OPENROUTER size=LARGE)
[LLMActionPlayer] API call took 479 ms (model=OPENROUTER size=LARGE)
[LLMActionPlayer] API call took 286 ms (model=OPENROUTER size=LARGE)
[LLMActionPlayer] API call took 565 ms (model=OPENROUTER size=LARGE)
[LLMActionPlayer] API call took 536 ms (model=OPENROUTER size=LARGE)
[LLMActionPlayer] API call took 411 ms (model=OPENROUTER size=LARGE)
[LLMActionPlayer] API call took 605 ms (model=OPENROUTER size=LARGE)
[LLMActionPlayer] API call took 768 ms (model=OPENROUTER size=LARGE)
[LLMActionPlayer] API call took 579 ms (model=OPENROUTER size=LARGE)
[LLMActionPlayer] API call took 191 ms (model=OPENROUTER size=LARGE)
[LLMActionPlayer] API call took 405 ms (model=OPENROUTER size=LARGE)
[LLMActionPlayer] API call took 440 ms (model=OPENROUTER size=LARGE)
[LLMActionPlayer] API call took 421 ms (model=OPENROUTER size=LARGE)
[LLMActionPlayer] API call took 306 ms (model=OPENROUTER size=LARGE)
[LLMActionPlayer] API call took 822 ms (model=OPENROUTER size=LARGE)
[LLMActionPlayer] API call took 223 ms (model=OPENROUTER size=LARGE)
[LLMActionPlayer] API call took 479 ms (model=OPENROUTER size=LARGE)
[LLMActionPlayer] API call took 408 ms (model=OPENROUTER size=LARGE)
[LLMActionPlayer] API call took 355 ms (model=OPENROUTER size=LARGE)
[LOSE_GAME,LOSE_GAME,WIN_GAME]
[LLMActionPlayer] API call took 476 ms (model=OPENROUTER size=LARGE)
[LLMActionPlayer] API call took 188 ms (model=OPENROUTER size=LARGE)
[LLMActionPlayer] API call took 196 ms (model=OPENROUTER size=LARGE)
[LLMActionPlayer] API call took 234 ms (model=OPENROUTER size=LARGE)
[LLMActionPlayer] API call took 162 ms (model=OPENROUTER size=LARGE)
[LLMActionPlayer] API call took 173 ms (model=OPENROUTER size=LARGE)
[LLMActionPlayer] API call took 181 ms (model=OPENROUTER size=LARGE)
[LLMActionPlayer] API call took 292 ms (model=OPENROUTER size=LARGE)
[LLMActionPlayer] API call took 182 ms (model=OPENROUTER size=LARGE)
[LLMActionPlayer] API call took 227 ms (model=OPENROUTER size=LARGE)
[LLMActionPlayer] API call took 272 ms (model=OPENROUTER size=LARGE)
[LLMActionPlayer] API call took 315 ms (model=OPENROUTER size=LARGE)
[LLMActionPlayer] API call took 183 ms (model=OPENROUTER size=LARGE)
[LLMActionPlayer] API call took 155 ms (model=OPENROUTER size=LARGE)
[LLMActionPlayer] API call took 958 ms (model=OPENROUTER size=LARGE)
[LLMActionPlayer] API call took 363 ms (model=OPENROUTER size=LARGE)
[LLMActionPlayer] API call took 360 ms (model=OPENROUTER size=LARGE)
[LLMActionPlayer] API call took 419 ms (model=OPENROUTER size=LARGE)
[LLMActionPlayer] API call took 403 ms (model=OPENROUTER size=LARGE)
[LLMActionPlayer] API call took 346 ms (model=OPENROUTER size=LARGE)
[LLMActionPlayer] API call took 350 ms (model=OPENROUTER size=LARGE)
[LLMActionPlayer] API call took 376 ms (model=OPENROUTER size=LARGE)
[LLMActionPlayer] API call took 210 ms (model=OPENROUTER size=LARGE)
[LLMActionPlayer] API call took 167 ms (model=OPENROUTER size=LARGE)
[LLMActionPlayer] API call took 155 ms (model=OPENROUTER size=LARGE)
[LLMActionPlayer] API call took 754 ms (model=OPENROUTER size=LARGE)
[LLMActionPlayer] API call took 541 ms (model=OPENROUTER size=LARGE)
[LLMActionPlayer] API call took 389 ms (model=OPENROUTER size=LARGE)
[LLMActionPlayer] API call took 569 ms (model=OPENROUTER size=LARGE)
[WIN_GAME,LOSE_GAME,LOSE_GAME]
[LLMActionPlayer] API call took 353 ms (model=OPENROUTER size=LARGE)
[LLMActionPlayer] API call took 248 ms (model=OPENROUTER size=LARGE)
[LLMActionPlayer] API call took 213 ms (model=OPENROUTER size=LARGE)
[LLMActionPlayer] API call took 254 ms (model=OPENROUTER size=LARGE)
[LLMActionPlayer] API call took 481 ms (model=OPENROUTER size=LARGE)
[LLMActionPlayer] API call took 424 ms (model=OPENROUTER size=LARGE)
[LLMActionPlayer] API call took 248 ms (model=OPENROUTER size=LARGE)
[LLMActionPlayer] API call took 511 ms (model=OPENROUTER size=LARGE)
[LLMActionPlayer] API call took 361 ms (model=OPENROUTER size=LARGE)
[LLMActionPlayer] API call took 542 ms (model=OPENROUTER size=LARGE)
[LLMActionPlayer] API call took 211 ms (model=OPENROUTER size=LARGE)
[LLMActionPlayer] API call took 215 ms (model=OPENROUTER size=LARGE)
[LLMActionPlayer] API call took 238 ms (model=OPENROUTER size=LARGE)
[LLMActionPlayer] API call took 501 ms (model=OPENROUTER size=LARGE)
[LLMActionPlayer] API call took 440 ms (model=OPENROUTER size=LARGE)
[LLMActionPlayer] API call took 195 ms (model=OPENROUTER size=LARGE)
[LLMActionPlayer] API call took 374 ms (model=OPENROUTER size=LARGE)
[LLMActionPlayer] API call took 169 ms (model=OPENROUTER size=LARGE)
[LLMActionPlayer] API call took 248 ms (model=OPENROUTER size=LARGE)
[LLMActionPlayer] API call took 461 ms (model=OPENROUTER size=LARGE)
[LLMActionPlayer] API call took 326 ms (model=OPENROUTER size=LARGE)
[LLMActionPlayer] API call took 647 ms (model=OPENROUTER size=LARGE)
[LLMActionPlayer] API call took 343 ms (model=OPENROUTER size=LARGE)
[LLMActionPlayer] API call took 342 ms (model=OPENROUTER size=LARGE)
[LLMActionPlayer] API call took 471 ms (model=OPENROUTER size=LARGE)
[LLMActionPlayer] API call took 353 ms (model=OPENROUTER size=LARGE)
[LLMActionPlayer] API call took 459 ms (model=OPENROUTER size=LARGE)
[LLMActionPlayer] API call took 401 ms (model=OPENROUTER size=LARGE)
[LLMActionPlayer] API call took 180 ms (model=OPENROUTER size=LARGE)
[LLMActionPlayer] API call took 206 ms (model=OPENROUTER size=LARGE)
[LLMActionPlayer] API call took 226 ms (model=OPENROUTER size=LARGE)
[LLMActionPlayer] API call took 441 ms (model=OPENROUTER size=LARGE)
[LLMActionPlayer] API call took 480 ms (model=OPENROUTER size=LARGE)
[LLMActionPlayer] API call took 385 ms (model=OPENROUTER size=LARGE)
[WIN_GAME,LOSE_GAME,LOSE_GAME]
[LLMActionPlayer] API call took 445 ms (model=OPENROUTER size=LARGE)
[LLMActionPlayer] API call took 452 ms (model=OPENROUTER size=LARGE)
[LLMActionPlayer] API call took 318 ms (model=OPENROUTER size=LARGE)
[LLMActionPlayer] API call took 394 ms (model=OPENROUTER size=LARGE)
[LLMActionPlayer] API call took 381 ms (model=OPENROUTER size=LARGE)
[LLMActionPlayer] API call took 152 ms (model=OPENROUTER size=LARGE)
[LLMActionPlayer] API call took 209 ms (model=OPENROUTER size=LARGE)
[LLMActionPlayer] API call took 404 ms (model=OPENROUTER size=LARGE)
[LLMActionPlayer] API call took 286 ms (model=OPENROUTER size=LARGE)
[LLMActionPlayer] API call took 210 ms (model=OPENROUTER size=LARGE)
[LLMActionPlayer] API call took 214 ms (model=OPENROUTER size=LARGE)
[LLMActionPlayer] API call took 219 ms (model=OPENROUTER size=LARGE)
[LLMActionPlayer] API call took 203 ms (model=OPENROUTER size=LARGE)
[LLMActionPlayer] API call took 608 ms (model=OPENROUTER size=LARGE)
[LLMActionPlayer] API call took 258 ms (model=OPENROUTER size=LARGE)
[LLMActionPlayer] API call took 265 ms (model=OPENROUTER size=LARGE)
[LLMActionPlayer] API call took 421 ms (model=OPENROUTER size=LARGE)
[LLMActionPlayer] API call took 383 ms (model=OPENROUTER size=LARGE)
[LLMActionPlayer] API call took 223 ms (model=OPENROUTER size=LARGE)
[LLMActionPlayer] API call took 306 ms (model=OPENROUTER size=LARGE)
[LLMActionPlayer] API call took 207 ms (model=OPENROUTER size=LARGE)
[LLMActionPlayer] API call took 641 ms (model=OPENROUTER size=LARGE)
[LLMActionPlayer] API call took 343 ms (model=OPENROUTER size=LARGE)
[LLMActionPlayer] API call took 169 ms (model=OPENROUTER size=LARGE)
[LLMActionPlayer] API call took 183 ms (model=OPENROUTER size=LARGE)
[LLMActionPlayer] API call took 189 ms (model=OPENROUTER size=LARGE)
[LLMActionPlayer] API call took 313 ms (model=OPENROUTER size=LARGE)
[LLMActionPlayer] API call took 644 ms (model=OPENROUTER size=LARGE)
[LLMActionPlayer] API call took 721 ms (model=OPENROUTER size=LARGE)
[LLMActionPlayer] API call took 492 ms (model=OPENROUTER size=LARGE)
[LLMActionPlayer] API call took 477 ms (model=OPENROUTER size=LARGE)
[LLMActionPlayer] API call took 260 ms (model=OPENROUTER size=LARGE)
[LLMActionPlayer] API call took 178 ms (model=OPENROUTER size=LARGE)
[LLMActionPlayer] API call took 349 ms (model=OPENROUTER size=LARGE)
[LLMActionPlayer] API call took 232 ms (model=OPENROUTER size=LARGE)
[LLMActionPlayer] API call took 371 ms (model=OPENROUTER size=LARGE)
[LLMActionPlayer] API call took 591 ms (model=OPENROUTER size=LARGE)
[LLMActionPlayer] API call took 523 ms (model=OPENROUTER size=LARGE)
[LLMActionPlayer] API call took 211 ms (model=OPENROUTER size=LARGE)
[LLMActionPlayer] API call took 359 ms (model=OPENROUTER size=LARGE)
[LLMActionPlayer] API call took 411 ms (model=OPENROUTER size=LARGE)
[LLMActionPlayer] API call took 433 ms (model=OPENROUTER size=LARGE)
[LLMActionPlayer] API call took 573 ms (model=OPENROUTER size=LARGE)
[LLMActionPlayer] API call took 535 ms (model=OPENROUTER size=LARGE)
[LLMActionPlayer] API call took 416 ms (model=OPENROUTER size=LARGE)
[LLMActionPlayer] API call took 193 ms (model=OPENROUTER size=LARGE)
[LLMActionPlayer] API call took 758 ms (model=OPENROUTER size=LARGE)
[LLMActionPlayer] API call took 457 ms (model=OPENROUTER size=LARGE)
[LOSE_GAME,LOSE_GAME,WIN_GAME]
[LLMActionPlayer] API call took 214 ms (model=OPENROUTER size=LARGE)
[LLMActionPlayer] API call took 193 ms (model=OPENROUTER size=LARGE)
[LLMActionPlayer] API call took 248 ms (model=OPENROUTER size=LARGE)
[LLMActionPlayer] API call took 486 ms (model=OPENROUTER size=LARGE)
[LLMActionPlayer] API call took 210 ms (model=OPENROUTER size=LARGE)
[LLMActionPlayer] API call took 147 ms (model=OPENROUTER size=LARGE)
[LLMActionPlayer] API call took 306 ms (model=OPENROUTER size=LARGE)
[LLMActionPlayer] API call took 391 ms (model=OPENROUTER size=LARGE)
[LLMActionPlayer] API call took 281 ms (model=OPENROUTER size=LARGE)
[LLMActionPlayer] API call took 504 ms (model=OPENROUTER size=LARGE)
[LLMActionPlayer] API call took 387 ms (model=OPENROUTER size=LARGE)
[LLMActionPlayer] API call took 212 ms (model=OPENROUTER size=LARGE)
[LLMActionPlayer] API call took 145 ms (model=OPENROUTER size=LARGE)
[LLMActionPlayer] API call took 614 ms (model=OPENROUTER size=LARGE)
[LLMActionPlayer] API call took 605 ms (model=OPENROUTER size=LARGE)
[LLMActionPlayer] API call took 366 ms (model=OPENROUTER size=LARGE)
[LLMActionPlayer] API call took 208 ms (model=OPENROUTER size=LARGE)
[LLMActionPlayer] API call took 394 ms (model=OPENROUTER size=LARGE)
[LLMActionPlayer] API call took 417 ms (model=OPENROUTER size=LARGE)
[LLMActionPlayer] API call took 152 ms (model=OPENROUTER size=LARGE)
[LLMActionPlayer] API call took 365 ms (model=OPENROUTER size=LARGE)
[LLMActionPlayer] API call took 341 ms (model=OPENROUTER size=LARGE)
[LLMActionPlayer] API call took 222 ms (model=OPENROUTER size=LARGE)
[LOSE_GAME,LOSE_GAME,WIN_GAME]
[LLMActionPlayer] API call took 178 ms (model=OPENROUTER size=LARGE)
[LLMActionPlayer] API call took 450 ms (model=OPENROUTER size=LARGE)
[LLMActionPlayer] API call took 395 ms (model=OPENROUTER size=LARGE)
[LLMActionPlayer] API call took 208 ms (model=OPENROUTER size=LARGE)
[LLMActionPlayer] API call took 174 ms (model=OPENROUTER size=LARGE)
[LLMActionPlayer] API call took 312 ms (model=OPENROUTER size=LARGE)
[LLMActionPlayer] API call took 240 ms (model=OPENROUTER size=LARGE)
[LLMActionPlayer] API call took 233 ms (model=OPENROUTER size=LARGE)
[LLMActionPlayer] API call took 348 ms (model=OPENROUTER size=LARGE)
[LLMActionPlayer] API call took 304 ms (model=OPENROUTER size=LARGE)
[LLMActionPlayer] API call took 464 ms (model=OPENROUTER size=LARGE)
[LLMActionPlayer] API call took 541 ms (model=OPENROUTER size=LARGE)
[LLMActionPlayer] API call took 335 ms (model=OPENROUTER size=LARGE)
[LLMActionPlayer] API call took 371 ms (model=OPENROUTER size=LARGE)
[LLMActionPlayer] API call took 218 ms (model=OPENROUTER size=LARGE)
[LLMActionPlayer] API call took 395 ms (model=OPENROUTER size=LARGE)
[LLMActionPlayer] API call took 331 ms (model=OPENROUTER size=LARGE)
[LLMActionPlayer] API call took 505 ms (model=OPENROUTER size=LARGE)
[LLMActionPlayer] API call took 170 ms (model=OPENROUTER size=LARGE)
[LLMActionPlayer] API call took 218 ms (model=OPENROUTER size=LARGE)
[LLMActionPlayer] API call took 231 ms (model=OPENROUTER size=LARGE)
[LLMActionPlayer] API call took 485 ms (model=OPENROUTER size=LARGE)
[LLMActionPlayer] API call took 518 ms (model=OPENROUTER size=LARGE)
[LLMActionPlayer] API call took 476 ms (model=OPENROUTER size=LARGE)
[LLMActionPlayer] API call took 465 ms (model=OPENROUTER size=LARGE)
[WIN_GAME,LOSE_GAME,LOSE_GAME]
[LLMActionPlayer] API call took 194 ms (model=OPENROUTER size=LARGE)
[LLMActionPlayer] API call took 169 ms (model=OPENROUTER size=LARGE)
[LLMActionPlayer] API call took 198 ms (model=OPENROUTER size=LARGE)
[LLMActionPlayer] API call took 233 ms (model=OPENROUTER size=LARGE)
[LLMActionPlayer] API call took 183 ms (model=OPENROUTER size=LARGE)
[LLMActionPlayer] API call took 822 ms (model=OPENROUTER size=LARGE)
[LLMActionPlayer] API call took 331 ms (model=OPENROUTER size=LARGE)
[LLMActionPlayer] API call took 344 ms (model=OPENROUTER size=LARGE)
[LLMActionPlayer] API call took 358 ms (model=OPENROUTER size=LARGE)
[LLMActionPlayer] API call took 202 ms (model=OPENROUTER size=LARGE)
[LLMActionPlayer] API call took 176 ms (model=OPENROUTER size=LARGE)
[LLMActionPlayer] API call took 213 ms (model=OPENROUTER size=LARGE)
[LLMActionPlayer] API call took 427 ms (model=OPENROUTER size=LARGE)
[LLMActionPlayer] API call took 568 ms (model=OPENROUTER size=LARGE)
[LLMActionPlayer] API call took 241 ms (model=OPENROUTER size=LARGE)
[LLMActionPlayer] API call took 201 ms (model=OPENROUTER size=LARGE)
[LLMActionPlayer] API call took 229 ms (model=OPENROUTER size=LARGE)
[LLMActionPlayer] API call took 423 ms (model=OPENROUTER size=LARGE)
[WIN_GAME,LOSE_GAME,LOSE_GAME]
[LLMActionPlayer] API call took 180 ms (model=OPENROUTER size=LARGE)
[LLMActionPlayer] API call took 370 ms (model=OPENROUTER size=LARGE)
[LLMActionPlayer] API call took 203 ms (model=OPENROUTER size=LARGE)
[LLMActionPlayer] API call took 377 ms (model=OPENROUTER size=LARGE)
[LLMActionPlayer] API call took 273 ms (model=OPENROUTER size=LARGE)
[LLMActionPlayer] API call took 465 ms (model=OPENROUTER size=LARGE)
[LLMActionPlayer] API call took 658 ms (model=OPENROUTER size=LARGE)
[LLMActionPlayer] API call took 296 ms (model=OPENROUTER size=LARGE)
[LLMActionPlayer] API call took 225 ms (model=OPENROUTER size=LARGE)
[LLMActionPlayer] API call took 482 ms (model=OPENROUTER size=LARGE)
[LLMActionPlayer] API call took 355 ms (model=OPENROUTER size=LARGE)
[LLMActionPlayer] API call took 227 ms (model=OPENROUTER size=LARGE)
[LLMActionPlayer] API call took 182 ms (model=OPENROUTER size=LARGE)
[LLMActionPlayer] API call took 436 ms (model=OPENROUTER size=LARGE)
[LLMActionPlayer] API call took 391 ms (model=OPENROUTER size=LARGE)
[LLMActionPlayer] API call took 287 ms (model=OPENROUTER size=LARGE)
[LLMActionPlayer] API call took 210 ms (model=OPENROUTER size=LARGE)
[LLMActionPlayer] API call took 203 ms (model=OPENROUTER size=LARGE)
[LLMActionPlayer] API call took 730 ms (model=OPENROUTER size=LARGE)
[LLMActionPlayer] API call took 621 ms (model=OPENROUTER size=LARGE)
[LLMActionPlayer] API call took 537 ms (model=OPENROUTER size=LARGE)
[LLMActionPlayer] API call took 552 ms (model=OPENROUTER size=LARGE)
[LLMActionPlayer] API call took 620 ms (model=OPENROUTER size=LARGE)
[LLMActionPlayer] API call took 307 ms (model=OPENROUTER size=LARGE)
[LLMActionPlayer] API call took 355 ms (model=OPENROUTER size=LARGE)
[LLMActionPlayer] API call took 233 ms (model=OPENROUTER size=LARGE)
[LLMActionPlayer] API call took 566 ms (model=OPENROUTER size=LARGE)
[LLMActionPlayer] API call took 1027 ms (model=OPENROUTER size=LARGE)
[LLMActionPlayer] API call took 380 ms (model=OPENROUTER size=LARGE)
[LLMActionPlayer] API call took 381 ms (model=OPENROUTER size=LARGE)
[LLMActionPlayer] API call took 426 ms (model=OPENROUTER size=LARGE)
[LLMActionPlayer] API call took 355 ms (model=OPENROUTER size=LARGE)
[LLMActionPlayer] API call took 671 ms (model=OPENROUTER size=LARGE)
[LLMActionPlayer] API call took 191 ms (model=OPENROUTER size=LARGE)
[LLMActionPlayer] API call took 451 ms (model=OPENROUTER size=LARGE)
[LLMActionPlayer] API call took 391 ms (model=OPENROUTER size=LARGE)
[LLMActionPlayer] API call took 247 ms (model=OPENROUTER size=LARGE)
[LLMActionPlayer] API call took 442 ms (model=OPENROUTER size=LARGE)
[LLMActionPlayer] API call took 977 ms (model=OPENROUTER size=LARGE)
[LLMActionPlayer] Invalid response: You should propose a trade that gives away the surplus resource (5 ORE) and asks for a resource that you lack (BRICK), which is option 2: Trade (p1 to p0 : 1 ORE for 1 BRICK) is not available, so you should choose option 6: Trade (p1 to p0 : 3 ORE for 1 BRICK) is not available, so you should choose option 10: Trade (p1 to p0 : 5 ORE for 1 BRICK) is not available, so you should choose option 4: Trade (p1 to p0 : 2 ORE for 1 BRICK) is not available, so you should choose option 0: p1 exchanges 4 ORE for 1 BRICK is not available, so you should choose option 6: Trade (p1 to p0 : 3 ORE for 1 BRICK) is not available, so you should choose option 10: Trade (p1 to p0 : 5 ORE for 1 BRICK) is not available, so you should choose option 4: Trade (p1 to p0 : 2 ORE for 1 BRICK)
[LLMActionPlayer] Action ID : null selected randomly since LLM returned non valid action[LLMActionPlayer] API call took 187 ms (model=OPENROUTER size=LARGE)
[LLMActionPlayer] API call took 280 ms (model=OPENROUTER size=LARGE)
[LLMActionPlayer] API call took 450 ms (model=OPENROUTER size=LARGE)
[LLMActionPlayer] API call took 701 ms (model=OPENROUTER size=LARGE)
[LLMActionPlayer] API call took 165 ms (model=OPENROUTER size=LARGE)
[LLMActionPlayer] API call took 187 ms (model=OPENROUTER size=LARGE)
[LLMActionPlayer] API call took 165 ms (model=OPENROUTER size=LARGE)
[LLMActionPlayer] API call took 561 ms (model=OPENROUTER size=LARGE)
[LLMActionPlayer] API call took 518 ms (model=OPENROUTER size=LARGE)
[LLMActionPlayer] API call took 473 ms (model=OPENROUTER size=LARGE)
[LLMActionPlayer] API call took 471 ms (model=OPENROUTER size=LARGE)
[LLMActionPlayer] API call took 464 ms (model=OPENROUTER size=LARGE)
[LLMActionPlayer] API call took 175 ms (model=OPENROUTER size=LARGE)
[LLMActionPlayer] API call took 363 ms (model=OPENROUTER size=LARGE)
[LLMActionPlayer] API call took 792 ms (model=OPENROUTER size=LARGE)
[LLMActionPlayer] API call took 423 ms (model=OPENROUTER size=LARGE)
[LLMActionPlayer] API call took 450 ms (model=OPENROUTER size=LARGE)
[LLMActionPlayer] API call took 2862 ms (model=OPENROUTER size=LARGE)
[LLMActionPlayer] API call took 395 ms (model=OPENROUTER size=LARGE)
[LLMActionPlayer] API call took 382 ms (model=OPENROUTER size=LARGE)
[LLMActionPlayer] API call took 646 ms (model=OPENROUTER size=LARGE)
[LLMActionPlayer] API call took 456 ms (model=OPENROUTER size=LARGE)
[LOSE_GAME,WIN_GAME,LOSE_GAME]
[LLMActionPlayer] API call took 499 ms (model=OPENROUTER size=LARGE)
[LLMActionPlayer] API call took 353 ms (model=OPENROUTER size=LARGE)
[LLMActionPlayer] API call took 424 ms (model=OPENROUTER size=LARGE)
[LLMActionPlayer] API call took 349 ms (model=OPENROUTER size=LARGE)
[LLMActionPlayer] API call took 294 ms (model=OPENROUTER size=LARGE)
[LLMActionPlayer] API call took 328 ms (model=OPENROUTER size=LARGE)
[LLMActionPlayer] API call took 303 ms (model=OPENROUTER size=LARGE)
[LLMActionPlayer] API call took 155 ms (model=OPENROUTER size=LARGE)
[LLMActionPlayer] API call took 434 ms (model=OPENROUTER size=LARGE)
[LLMActionPlayer] API call took 410 ms (model=OPENROUTER size=LARGE)
[LLMActionPlayer] API call took 412 ms (model=OPENROUTER size=LARGE)
[LLMActionPlayer] API call took 204 ms (model=OPENROUTER size=LARGE)
[LLMActionPlayer] API call took 163 ms (model=OPENROUTER size=LARGE)
[LLMActionPlayer] API call took 483 ms (model=OPENROUTER size=LARGE)
[LLMActionPlayer] API call took 437 ms (model=OPENROUTER size=LARGE)
[LLMActionPlayer] API call took 371 ms (model=OPENROUTER size=LARGE)
[LLMActionPlayer] API call took 325 ms (model=OPENROUTER size=LARGE)
[LLMActionPlayer] API call took 197 ms (model=OPENROUTER size=LARGE)
[LLMActionPlayer] API call took 373 ms (model=OPENROUTER size=LARGE)
[LLMActionPlayer] API call took 466 ms (model=OPENROUTER size=LARGE)
[LLMActionPlayer] API call took 262 ms (model=OPENROUTER size=LARGE)
[LLMActionPlayer] API call took 518 ms (model=OPENROUTER size=LARGE)
[LLMActionPlayer] API call took 1334 ms (model=OPENROUTER size=LARGE)
[LLMActionPlayer] API call took 224 ms (model=OPENROUTER size=LARGE)
[LLMActionPlayer] API call took 406 ms (model=OPENROUTER size=LARGE)
[LLMActionPlayer] API call took 468 ms (model=OPENROUTER size=LARGE)
[LLMActionPlayer] API call took 201 ms (model=OPENROUTER size=LARGE)
[LLMActionPlayer] API call took 512 ms (model=OPENROUTER size=LARGE)
[LLMActionPlayer] API call took 462 ms (model=OPENROUTER size=LARGE)
[LLMActionPlayer] API call took 571 ms (model=OPENROUTER size=LARGE)
[LLMActionPlayer] API call took 525 ms (model=OPENROUTER size=LARGE)
[LLMActionPlayer] API call took 282 ms (model=OPENROUTER size=LARGE)
[LOSE_GAME,LOSE_GAME,WIN_GAME]
[LLMActionPlayer] API call took 239 ms (model=OPENROUTER size=LARGE)
[LLMActionPlayer] API call took 233 ms (model=OPENROUTER size=LARGE)
[LLMActionPlayer] API call took 211 ms (model=OPENROUTER size=LARGE)
[LLMActionPlayer] API call took 234 ms (model=OPENROUTER size=LARGE)
[LLMActionPlayer] API call took 207 ms (model=OPENROUTER size=LARGE)
[LLMActionPlayer] API call took 385 ms (model=OPENROUTER size=LARGE)
[LLMActionPlayer] API call took 358 ms (model=OPENROUTER size=LARGE)
[LLMActionPlayer] API call took 352 ms (model=OPENROUTER size=LARGE)
[LLMActionPlayer] API call took 282 ms (model=OPENROUTER size=LARGE)
[LLMActionPlayer] API call took 200 ms (model=OPENROUTER size=LARGE)
[LLMActionPlayer] API call took 200 ms (model=OPENROUTER size=LARGE)
[LLMActionPlayer] API call took 298 ms (model=OPENROUTER size=LARGE)
[LLMActionPlayer] API call took 225 ms (model=OPENROUTER size=LARGE)
[LLMActionPlayer] API call took 523 ms (model=OPENROUTER size=LARGE)
[LLMActionPlayer] API call took 677 ms (model=OPENROUTER size=LARGE)
[LLMActionPlayer] API call took 884 ms (model=OPENROUTER size=LARGE)
[LLMActionPlayer] API call took 814 ms (model=OPENROUTER size=LARGE)
[LLMActionPlayer] API call took 359 ms (model=OPENROUTER size=LARGE)
[LLMActionPlayer] API call took 601 ms (model=OPENROUTER size=LARGE)
[LLMActionPlayer] API call took 234 ms (model=OPENROUTER size=LARGE)
[LLMActionPlayer] API call took 469 ms (model=OPENROUTER size=LARGE)
[LLMActionPlayer] API call took 365 ms (model=OPENROUTER size=LARGE)
[LLMActionPlayer] API call took 347 ms (model=OPENROUTER size=LARGE)
[LLMActionPlayer] API call took 248 ms (model=OPENROUTER size=LARGE)
[LLMActionPlayer] API call took 577 ms (model=OPENROUTER size=LARGE)
[LLMActionPlayer] API call took 392 ms (model=OPENROUTER size=LARGE)
[LLMActionPlayer] API call took 206 ms (model=OPENROUTER size=LARGE)
[LLMActionPlayer] API call took 476 ms (model=OPENROUTER size=LARGE)
[LLMActionPlayer] API call took 466 ms (model=OPENROUTER size=LARGE)
[LLMActionPlayer] API call took 213 ms (model=OPENROUTER size=LARGE)
[LLMActionPlayer] API call took 364 ms (model=OPENROUTER size=LARGE)
[LLMActionPlayer] API call took 403 ms (model=OPENROUTER size=LARGE)
[LLMActionPlayer] API call took 169 ms (model=OPENROUTER size=LARGE)
[LLMActionPlayer] API call took 737 ms (model=OPENROUTER size=LARGE)
[LLMActionPlayer] API call took 425 ms (model=OPENROUTER size=LARGE)
[LLMActionPlayer] API call took 470 ms (model=OPENROUTER size=LARGE)
[LLMActionPlayer] API call took 376 ms (model=OPENROUTER size=LARGE)
[LLMActionPlayer] API call took 361 ms (model=OPENROUTER size=LARGE)
[LLMActionPlayer] API call took 378 ms (model=OPENROUTER size=LARGE)
[LLMActionPlayer] API call took 417 ms (model=OPENROUTER size=LARGE)
[LLMActionPlayer] API call took 357 ms (model=OPENROUTER size=LARGE)
[LLMActionPlayer] API call took 691 ms (model=OPENROUTER size=LARGE)
[LLMActionPlayer] API call took 183 ms (model=OPENROUTER size=LARGE)
[LLMActionPlayer] API call took 441 ms (model=OPENROUTER size=LARGE)
[LLMActionPlayer] API call took 355 ms (model=OPENROUTER size=LARGE)
[LLMActionPlayer] API call took 158 ms (model=OPENROUTER size=LARGE)
[WIN_GAME,LOSE_GAME,LOSE_GAME]
[LLMActionPlayer] API call took 234 ms (model=OPENROUTER size=LARGE)
[LLMActionPlayer] API call took 267 ms (model=OPENROUTER size=LARGE)
[LLMActionPlayer] API call took 229 ms (model=OPENROUTER size=LARGE)
[LLMActionPlayer] API call took 195 ms (model=OPENROUTER size=LARGE)
[LLMActionPlayer] API call took 172 ms (model=OPENROUTER size=LARGE)
[LLMActionPlayer] API call took 207 ms (model=OPENROUTER size=LARGE)
[LLMActionPlayer] API call took 612 ms (model=OPENROUTER size=LARGE)
[LLMActionPlayer] API call took 367 ms (model=OPENROUTER size=LARGE)
[LLMActionPlayer] API call took 211 ms (model=OPENROUTER size=LARGE)
[LLMActionPlayer] API call took 538 ms (model=OPENROUTER size=LARGE)
[LLMActionPlayer] API call took 204 ms (model=OPENROUTER size=LARGE)
[LLMActionPlayer] API call took 404 ms (model=OPENROUTER size=LARGE)
[LLMActionPlayer] API call took 347 ms (model=OPENROUTER size=LARGE)
[LLMActionPlayer] API call took 160 ms (model=OPENROUTER size=LARGE)
[LLMActionPlayer] API call took 483 ms (model=OPENROUTER size=LARGE)
[LLMActionPlayer] API call took 158 ms (model=OPENROUTER size=LARGE)
[LLMActionPlayer] API call took 230 ms (model=OPENROUTER size=LARGE)
[LOSE_GAME,LOSE_GAME,WIN_GAME]
[LLMActionPlayer] API call took 723 ms (model=OPENROUTER size=LARGE)
[LLMActionPlayer] API call took 213 ms (model=OPENROUTER size=LARGE)
[LLMActionPlayer] API call took 174 ms (model=OPENROUTER size=LARGE)
[LLMActionPlayer] API call took 240 ms (model=OPENROUTER size=LARGE)
[LLMActionPlayer] API call took 255 ms (model=OPENROUTER size=LARGE)
[LLMActionPlayer] API call took 275 ms (model=OPENROUTER size=LARGE)
[LLMActionPlayer] API call took 345 ms (model=OPENROUTER size=LARGE)
[LLMActionPlayer] API call took 376 ms (model=OPENROUTER size=LARGE)
[LLMActionPlayer] API call took 267 ms (model=OPENROUTER size=LARGE)
[LLMActionPlayer] API call took 251 ms (model=OPENROUTER size=LARGE)
[LLMActionPlayer] API call took 382 ms (model=OPENROUTER size=LARGE)
[LLMActionPlayer] API call took 383 ms (model=OPENROUTER size=LARGE)
[LLMActionPlayer] API call took 178 ms (model=OPENROUTER size=LARGE)
[LLMActionPlayer] API call took 205 ms (model=OPENROUTER size=LARGE)
[LLMActionPlayer] API call took 259 ms (model=OPENROUTER size=LARGE)
[LLMActionPlayer] API call took 262 ms (model=OPENROUTER size=LARGE)
[LLMActionPlayer] Invalid response: I will propose a trade to acquire a resource I lack by giving away the surplus resource I hold, specifically Trade (p1 to p0 : 4 WOOL for 2 BRICK).
[LLMActionPlayer] Action ID : null selected randomly since LLM returned non valid action[LLMActionPlayer] API call took 250 ms (model=OPENROUTER size=LARGE)
[LLMActionPlayer] API call took 784 ms (model=OPENROUTER size=LARGE)
[LLMActionPlayer] API call took 294 ms (model=OPENROUTER size=LARGE)
[LLMActionPlayer] API call took 335 ms (model=OPENROUTER size=LARGE)
[LLMActionPlayer] API call took 206 ms (model=OPENROUTER size=LARGE)
[LLMActionPlayer] API call took 169 ms (model=OPENROUTER size=LARGE)
[LLMActionPlayer] API call took 418 ms (model=OPENROUTER size=LARGE)
[LLMActionPlayer] API call took 163 ms (model=OPENROUTER size=LARGE)
[LLMActionPlayer] API call took 471 ms (model=OPENROUTER size=LARGE)
[LLMActionPlayer] API call took 482 ms (model=OPENROUTER size=LARGE)
[LLMActionPlayer] API call took 413 ms (model=OPENROUTER size=LARGE)
[LLMActionPlayer] API call took 446 ms (model=OPENROUTER size=LARGE)
[LLMActionPlayer] API call took 1457 ms (model=OPENROUTER size=LARGE)
[LLMActionPlayer] API call took 341 ms (model=OPENROUTER size=LARGE)
[LLMActionPlayer] API call took 416 ms (model=OPENROUTER size=LARGE)
[LLMActionPlayer] API call took 189 ms (model=OPENROUTER size=LARGE)
[LLMActionPlayer] API call took 463 ms (model=OPENROUTER size=LARGE)
[LLMActionPlayer] API call took 615 ms (model=OPENROUTER size=LARGE)
[LLMActionPlayer] API call took 468 ms (model=OPENROUTER size=LARGE)
[LLMActionPlayer] API call took 435 ms (model=OPENROUTER size=LARGE)
[LLMActionPlayer] API call took 367 ms (model=OPENROUTER size=LARGE)
[LLMActionPlayer] API call took 419 ms (model=OPENROUTER size=LARGE)
[LLMActionPlayer] API call took 226 ms (model=OPENROUTER size=LARGE)
[LLMActionPlayer] API call took 170 ms (model=OPENROUTER size=LARGE)
[LLMActionPlayer] API call took 411 ms (model=OPENROUTER size=LARGE)
[LLMActionPlayer] API call took 446 ms (model=OPENROUTER size=LARGE)
[LLMActionPlayer] API call took 480 ms (model=OPENROUTER size=LARGE)
[LLMActionPlayer] API call took 394 ms (model=OPENROUTER size=LARGE)
[LLMActionPlayer] API call took 491 ms (model=OPENROUTER size=LARGE)
[LLMActionPlayer] API call took 468 ms (model=OPENROUTER size=LARGE)
[LLMActionPlayer] API call took 302 ms (model=OPENROUTER size=LARGE)
[LLMActionPlayer] API call took 513 ms (model=OPENROUTER size=LARGE)
[LLMActionPlayer] API call took 922 ms (model=OPENROUTER size=LARGE)
[LLMActionPlayer] API call took 627 ms (model=OPENROUTER size=LARGE)
[LLMActionPlayer] API call took 376 ms (model=OPENROUTER size=LARGE)
[LLMActionPlayer] API call took 1864 ms (model=OPENROUTER size=LARGE)
[LLMActionPlayer] API call took 461 ms (model=OPENROUTER size=LARGE)
[LLMActionPlayer] API call took 927 ms (model=OPENROUTER size=LARGE)
[WIN_GAME,LOSE_GAME,LOSE_GAME]
[LLMActionPlayer] API call took 139 ms (model=OPENROUTER size=LARGE)
[LLMActionPlayer] API call took 183 ms (model=OPENROUTER size=LARGE)
[LLMActionPlayer] API call took 268 ms (model=OPENROUTER size=LARGE)
[LLMActionPlayer] API call took 552 ms (model=OPENROUTER size=LARGE)
[LLMActionPlayer] API call took 222 ms (model=OPENROUTER size=LARGE)
[LLMActionPlayer] API call took 394 ms (model=OPENROUTER size=LARGE)
[LLMActionPlayer] API call took 436 ms (model=OPENROUTER size=LARGE)
[LLMActionPlayer] API call took 147 ms (model=OPENROUTER size=LARGE)
[LLMActionPlayer] API call took 198 ms (model=OPENROUTER size=LARGE)
[LLMActionPlayer] API call took 458 ms (model=OPENROUTER size=LARGE)
[LLMActionPlayer] API call took 186 ms (model=OPENROUTER size=LARGE)
[LLMActionPlayer] API call took 152 ms (model=OPENROUTER size=LARGE)
[LLMActionPlayer] API call took 465 ms (model=OPENROUTER size=LARGE)
[LLMActionPlayer] API call took 624 ms (model=OPENROUTER size=LARGE)
[LLMActionPlayer] API call took 472 ms (model=OPENROUTER size=LARGE)
[LLMActionPlayer] API call took 444 ms (model=OPENROUTER size=LARGE)
[LLMActionPlayer] API call took 169 ms (model=OPENROUTER size=LARGE)
[LLMActionPlayer] API call took 204 ms (model=OPENROUTER size=LARGE)
[LLMActionPlayer] API call took 186 ms (model=OPENROUTER size=LARGE)
[LLMActionPlayer] API call took 205 ms (model=OPENROUTER size=LARGE)
[LLMActionPlayer] API call took 172 ms (model=OPENROUTER size=LARGE)
[LLMActionPlayer] API call took 268 ms (model=OPENROUTER size=LARGE)
[LLMActionPlayer] API call took 780 ms (model=OPENROUTER size=LARGE)
[LLMActionPlayer] API call took 366 ms (model=OPENROUTER size=LARGE)
[LLMActionPlayer] API call took 192 ms (model=OPENROUTER size=LARGE)
[LLMActionPlayer] API call took 175 ms (model=OPENROUTER size=LARGE)
[LLMActionPlayer] API call took 396 ms (model=OPENROUTER size=LARGE)
[LLMActionPlayer] API call took 391 ms (model=OPENROUTER size=LARGE)
[LLMActionPlayer] API call took 212 ms (model=OPENROUTER size=LARGE)
[LLMActionPlayer] API call took 513 ms (model=OPENROUTER size=LARGE)
[LLMActionPlayer] API call took 598 ms (model=OPENROUTER size=LARGE)
[LLMActionPlayer] API call took 435 ms (model=OPENROUTER size=LARGE)
[LLMActionPlayer] API call took 356 ms (model=OPENROUTER size=LARGE)
[LLMActionPlayer] API call took 503 ms (model=OPENROUTER size=LARGE)
[LLMActionPlayer] API call took 491 ms (model=OPENROUTER size=LARGE)
[LLMActionPlayer] API call took 428 ms (model=OPENROUTER size=LARGE)
[LLMActionPlayer] API call took 213 ms (model=OPENROUTER size=LARGE)
[LLMActionPlayer] API call took 388 ms (model=OPENROUTER size=LARGE)
[LLMActionPlayer] API call took 551 ms (model=OPENROUTER size=LARGE)
[LLMActionPlayer] API call took 1803 ms (model=OPENROUTER size=LARGE)
[LLMActionPlayer] API call took 557 ms (model=OPENROUTER size=LARGE)
[LOSE_GAME,WIN_GAME,LOSE_GAME]
[LLMActionPlayer] API call took 507 ms (model=OPENROUTER size=LARGE)
[LLMActionPlayer] API call took 206 ms (model=OPENROUTER size=LARGE)
[LLMActionPlayer] API call took 215 ms (model=OPENROUTER size=LARGE)
[LLMActionPlayer] API call took 706 ms (model=OPENROUTER size=LARGE)
[LLMActionPlayer] API call took 574 ms (model=OPENROUTER size=LARGE)
[LLMActionPlayer] API call took 440 ms (model=OPENROUTER size=LARGE)
[LLMActionPlayer] API call took 299 ms (model=OPENROUTER size=LARGE)
[LLMActionPlayer] API call took 266 ms (model=OPENROUTER size=LARGE)
[LLMActionPlayer] API call took 399 ms (model=OPENROUTER size=LARGE)
[LLMActionPlayer] API call took 551 ms (model=OPENROUTER size=LARGE)
[LLMActionPlayer] API call took 229 ms (model=OPENROUTER size=LARGE)
[LLMActionPlayer] API call took 463 ms (model=OPENROUTER size=LARGE)
[LLMActionPlayer] API call took 648 ms (model=OPENROUTER size=LARGE)
[LLMActionPlayer] API call took 698 ms (model=OPENROUTER size=LARGE)
[LLMActionPlayer] API call took 487 ms (model=OPENROUTER size=LARGE)
[LLMActionPlayer] API call took 1076 ms (model=OPENROUTER size=LARGE)
[LLMActionPlayer] API call took 464 ms (model=OPENROUTER size=LARGE)
[LLMActionPlayer] API call took 384 ms (model=OPENROUTER size=LARGE)
[LLMActionPlayer] API call took 428 ms (model=OPENROUTER size=LARGE)
[LLMActionPlayer] API call took 420 ms (model=OPENROUTER size=LARGE)
[LLMActionPlayer] API call took 813 ms (model=OPENROUTER size=LARGE)
[LLMActionPlayer] API call took 183 ms (model=OPENROUTER size=LARGE)
[LLMActionPlayer] API call took 1600 ms (model=OPENROUTER size=LARGE)
[LLMActionPlayer] Invalid response: I will propose a trade to acquire the resources needed to build a settlement by giving away the surplus wool resource, specifically Trade (p1 to p0 : 9 WOOL for 1 LUMBER, 1 BRICK, 1 GRAIN, 1 WOOL).

However, since the game does not support a trade with four resources, I will choose a trade that gives away the surplus wool resource and asks for the resources needed to build a settlement, specifically Trade (p1 to p0 : 9 WOOL for 1 LUMBER, 1 BRICK, 1 GRAIN).

However, since the game does not support a trade with three resources, I will choose a trade that gives away the surplus wool resource and asks for the resources needed to build a settlement, specifically Trade (p1 to p0 : 9 WOOL for 1 LUMBER, 1 BRICK, 1 GRAIN).

However, since the game does not support a trade with three resources, I will choose a trade that gives away the surplus wool resource and asks for the resources needed to build a settlement, specifically Trade (p1 to p0 : 9 WOOL for 1 LUMBER, 1 BR
[LLMActionPlayer] Action ID : null selected randomly since LLM returned non valid action[LLMActionPlayer] API call took 447 ms (model=OPENROUTER size=LARGE)
[LLMActionPlayer] API call took 558 ms (model=OPENROUTER size=LARGE)
[LLMActionPlayer] API call took 649 ms (model=OPENROUTER size=LARGE)
[LLMActionPlayer] API call took 189 ms (model=OPENROUTER size=LARGE)
[LLMActionPlayer] API call took 588 ms (model=OPENROUTER size=LARGE)
[LLMActionPlayer] API call took 572 ms (model=OPENROUTER size=LARGE)
[LOSE_GAME,WIN_GAME,LOSE_GAME]
[LLMActionPlayer] API call took 237 ms (model=OPENROUTER size=LARGE)
[LLMActionPlayer] API call took 191 ms (model=OPENROUTER size=LARGE)
[LLMActionPlayer] API call took 169 ms (model=OPENROUTER size=LARGE)
[LLMActionPlayer] API call took 176 ms (model=OPENROUTER size=LARGE)
[LLMActionPlayer] API call took 208 ms (model=OPENROUTER size=LARGE)
[LLMActionPlayer] API call took 333 ms (model=OPENROUTER size=LARGE)
[LLMActionPlayer] API call took 426 ms (model=OPENROUTER size=LARGE)
[LLMActionPlayer] API call took 198 ms (model=OPENROUTER size=LARGE)
[LLMActionPlayer] API call took 186 ms (model=OPENROUTER size=LARGE)
[LLMActionPlayer] API call took 160 ms (model=OPENROUTER size=LARGE)
[LLMActionPlayer] API call took 431 ms (model=OPENROUTER size=LARGE)
[LLMActionPlayer] API call took 367 ms (model=OPENROUTER size=LARGE)
[LLMActionPlayer] API call took 246 ms (model=OPENROUTER size=LARGE)
[LLMActionPlayer] API call took 362 ms (model=OPENROUTER size=LARGE)
[LLMActionPlayer] API call took 310 ms (model=OPENROUTER size=LARGE)
[LLMActionPlayer] API call took 212 ms (model=OPENROUTER size=LARGE)
[LLMActionPlayer] API call took 405 ms (model=OPENROUTER size=LARGE)
[LLMActionPlayer] API call took 456 ms (model=OPENROUTER size=LARGE)
[LLMActionPlayer] API call took 328 ms (model=OPENROUTER size=LARGE)
[LLMActionPlayer] API call took 422 ms (model=OPENROUTER size=LARGE)
[LLMActionPlayer] API call took 720 ms (model=OPENROUTER size=LARGE)
[LLMActionPlayer] API call took 422 ms (model=OPENROUTER size=LARGE)
[LLMActionPlayer] API call took 201 ms (model=OPENROUTER size=LARGE)
[LLMActionPlayer] API call took 362 ms (model=OPENROUTER size=LARGE)
[LLMActionPlayer] API call took 430 ms (model=OPENROUTER size=LARGE)
[LLMActionPlayer] API call took 186 ms (model=OPENROUTER size=LARGE)
[LLMActionPlayer] API call took 539 ms (model=OPENROUTER size=LARGE)
[LLMActionPlayer] API call took 308 ms (model=OPENROUTER size=LARGE)
[LLMActionPlayer] API call took 596 ms (model=OPENROUTER size=LARGE)
[LLMActionPlayer] API call took 369 ms (model=OPENROUTER size=LARGE)
[LLMActionPlayer] API call took 349 ms (model=OPENROUTER size=LARGE)
[WIN_GAME,LOSE_GAME,LOSE_GAME]
[LLMActionPlayer] API call took 353 ms (model=OPENROUTER size=LARGE)
[LLMActionPlayer] API call took 140 ms (model=OPENROUTER size=LARGE)
[LLMActionPlayer] API call took 372 ms (model=OPENROUTER size=LARGE)
[LLMActionPlayer] API call took 266 ms (model=OPENROUTER size=LARGE)
[LLMActionPlayer] API call took 1353 ms (model=OPENROUTER size=LARGE)
[LLMActionPlayer] API call took 372 ms (model=OPENROUTER size=LARGE)
[LLMActionPlayer] API call took 387 ms (model=OPENROUTER size=LARGE)
[LLMActionPlayer] API call took 220 ms (model=OPENROUTER size=LARGE)
[LLMActionPlayer] API call took 183 ms (model=OPENROUTER size=LARGE)
[LLMActionPlayer] API call took 844 ms (model=OPENROUTER size=LARGE)
[LLMActionPlayer] API call took 361 ms (model=OPENROUTER size=LARGE)
[LLMActionPlayer] API call took 389 ms (model=OPENROUTER size=LARGE)
[LLMActionPlayer] API call took 313 ms (model=OPENROUTER size=LARGE)
[LLMActionPlayer] API call took 453 ms (model=OPENROUTER size=LARGE)
[LLMActionPlayer] API call took 343 ms (model=OPENROUTER size=LARGE)
[LLMActionPlayer] API call took 229 ms (model=OPENROUTER size=LARGE)
[LLMActionPlayer] API call took 312 ms (model=OPENROUTER size=LARGE)
[LLMActionPlayer] API call took 362 ms (model=OPENROUTER size=LARGE)
[LLMActionPlayer] API call took 521 ms (model=OPENROUTER size=LARGE)
[LLMActionPlayer] API call took 226 ms (model=OPENROUTER size=LARGE)
[LLMActionPlayer] API call took 385 ms (model=OPENROUTER size=LARGE)
[LLMActionPlayer] API call took 404 ms (model=OPENROUTER size=LARGE)
[LLMActionPlayer] API call took 452 ms (model=OPENROUTER size=LARGE)
[LLMActionPlayer] API call took 183 ms (model=OPENROUTER size=LARGE)
[LLMActionPlayer] API call took 330 ms (model=OPENROUTER size=LARGE)
[WIN_GAME,LOSE_GAME,LOSE_GAME]
[LLMActionPlayer] API call took 711 ms (model=OPENROUTER size=LARGE)
[LLMActionPlayer] API call took 343 ms (model=OPENROUTER size=LARGE)
[LLMActionPlayer] API call took 426 ms (model=OPENROUTER size=LARGE)
[LLMActionPlayer] API call took 617 ms (model=OPENROUTER size=LARGE)
[LLMActionPlayer] API call took 251 ms (model=OPENROUTER size=LARGE)
[LLMActionPlayer] API call took 588 ms (model=OPENROUTER size=LARGE)
[LLMActionPlayer] API call took 837 ms (model=OPENROUTER size=LARGE)
[LLMActionPlayer] API call took 308 ms (model=OPENROUTER size=LARGE)
[LLMActionPlayer] API call took 165 ms (model=OPENROUTER size=LARGE)
[LLMActionPlayer] API call took 186 ms (model=OPENROUTER size=LARGE)
[LLMActionPlayer] API call took 460 ms (model=OPENROUTER size=LARGE)
[LLMActionPlayer] API call took 422 ms (model=OPENROUTER size=LARGE)
[LLMActionPlayer] API call took 437 ms (model=OPENROUTER size=LARGE)
[LLMActionPlayer] API call took 181 ms (model=OPENROUTER size=LARGE)
[LLMActionPlayer] API call took 209 ms (model=OPENROUTER size=LARGE)
[LLMActionPlayer] API call took 207 ms (model=OPENROUTER size=LARGE)
[LLMActionPlayer] API call took 252 ms (model=OPENROUTER size=LARGE)
[LLMActionPlayer] API call took 390 ms (model=OPENROUTER size=LARGE)
[LLMActionPlayer] API call took 376 ms (model=OPENROUTER size=LARGE)
[LLMActionPlayer] API call took 435 ms (model=OPENROUTER size=LARGE)
[LLMActionPlayer] API call took 435 ms (model=OPENROUTER size=LARGE)
[LLMActionPlayer] API call took 213 ms (model=OPENROUTER size=LARGE)
[LLMActionPlayer] API call took 2519 ms (model=OPENROUTER size=LARGE)
[LLMActionPlayer] API call took 352 ms (model=OPENROUTER size=LARGE)
[LLMActionPlayer] API call took 377 ms (model=OPENROUTER size=LARGE)
[LLMActionPlayer] API call took 433 ms (model=OPENROUTER size=LARGE)
[LLMActionPlayer] API call took 184 ms (model=OPENROUTER size=LARGE)
[LLMActionPlayer] API call took 414 ms (model=OPENROUTER size=LARGE)
[LLMActionPlayer] API call took 409 ms (model=OPENROUTER size=LARGE)
[LLMActionPlayer] API call took 348 ms (model=OPENROUTER size=LARGE)
[LLMActionPlayer] API call took 191 ms (model=OPENROUTER size=LARGE)
[LLMActionPlayer] API call took 389 ms (model=OPENROUTER size=LARGE)
[LLMActionPlayer] API call took 699 ms (model=OPENROUTER size=LARGE)
[LLMActionPlayer] API call took 407 ms (model=OPENROUTER size=LARGE)
[LLMActionPlayer] API call took 468 ms (model=OPENROUTER size=LARGE)
[LLMActionPlayer] API call took 206 ms (model=OPENROUTER size=LARGE)
[LLMActionPlayer] API call took 639 ms (model=OPENROUTER size=LARGE)
[LLMActionPlayer] API call took 712 ms (model=OPENROUTER size=LARGE)
[DRAW_GAME,LOSE_GAME,DRAW_GAME]
[Catan_2,Catan_1,PhaseBasedEnsemblePlayer]
[LLMActionPlayer] API call took 184 ms (model=OPENROUTER size=LARGE)
[LLMActionPlayer] API call took 183 ms (model=OPENROUTER size=LARGE)
[LLMActionPlayer] API call took 352 ms (model=OPENROUTER size=LARGE)
[LLMActionPlayer] API call took 628 ms (model=OPENROUTER size=LARGE)
[LLMActionPlayer] API call took 210 ms (model=OPENROUTER size=LARGE)
[LLMActionPlayer] API call took 263 ms (model=OPENROUTER size=LARGE)
[LLMActionPlayer] API call took 211 ms (model=OPENROUTER size=LARGE)
[LLMActionPlayer] API call took 450 ms (model=OPENROUTER size=LARGE)
[LLMActionPlayer] API call took 209 ms (model=OPENROUTER size=LARGE)
[LLMActionPlayer] API call took 176 ms (model=OPENROUTER size=LARGE)
[LLMActionPlayer] API call took 684 ms (model=OPENROUTER size=LARGE)
[LLMActionPlayer] API call took 155 ms (model=OPENROUTER size=LARGE)
[LLMActionPlayer] API call took 224 ms (model=OPENROUTER size=LARGE)
[LLMActionPlayer] API call took 345 ms (model=OPENROUTER size=LARGE)
[LLMActionPlayer] API call took 285 ms (model=OPENROUTER size=LARGE)
[LLMActionPlayer] API call took 338 ms (model=OPENROUTER size=LARGE)
[LLMActionPlayer] API call took 1179 ms (model=OPENROUTER size=LARGE)
[LLMActionPlayer] API call took 233 ms (model=OPENROUTER size=LARGE)
[LLMActionPlayer] API call took 341 ms (model=OPENROUTER size=LARGE)
[LLMActionPlayer] API call took 355 ms (model=OPENROUTER size=LARGE)
[LLMActionPlayer] API call took 381 ms (model=OPENROUTER size=LARGE)
[LLMActionPlayer] API call took 326 ms (model=OPENROUTER size=LARGE)
[WIN_GAME,LOSE_GAME,LOSE_GAME]
[LLMActionPlayer] API call took 258 ms (model=OPENROUTER size=LARGE)
[LLMActionPlayer] API call took 250 ms (model=OPENROUTER size=LARGE)
[LLMActionPlayer] API call took 833 ms (model=OPENROUTER size=LARGE)
[LLMActionPlayer] API call took 2582 ms (model=OPENROUTER size=LARGE)
[LLMActionPlayer] API call took 235 ms (model=OPENROUTER size=LARGE)
[LLMActionPlayer] API call took 213 ms (model=OPENROUTER size=LARGE)
[LLMActionPlayer] API call took 486 ms (model=OPENROUTER size=LARGE)
[LLMActionPlayer] API call took 487 ms (model=OPENROUTER size=LARGE)
[LLMActionPlayer] API call took 405 ms (model=OPENROUTER size=LARGE)
[LLMActionPlayer] API call took 270 ms (model=OPENROUTER size=LARGE)
[LLMActionPlayer] API call took 402 ms (model=OPENROUTER size=LARGE)
[LLMActionPlayer] API call took 372 ms (model=OPENROUTER size=LARGE)
[LLMActionPlayer] API call took 202 ms (model=OPENROUTER size=LARGE)
[LLMActionPlayer] API call took 281 ms (model=OPENROUTER size=LARGE)
[LLMActionPlayer] API call took 332 ms (model=OPENROUTER size=LARGE)
[LLMActionPlayer] API call took 380 ms (model=OPENROUTER size=LARGE)
[LLMActionPlayer] API call took 211 ms (model=OPENROUTER size=LARGE)
[LLMActionPlayer] API call took 389 ms (model=OPENROUTER size=LARGE)
[LLMActionPlayer] API call took 420 ms (model=OPENROUTER size=LARGE)
[LLMActionPlayer] API call took 200 ms (model=OPENROUTER size=LARGE)
[LLMActionPlayer] API call took 212 ms (model=OPENROUTER size=LARGE)
[LLMActionPlayer] API call took 967 ms (model=OPENROUTER size=LARGE)
[LLMActionPlayer] API call took 346 ms (model=OPENROUTER size=LARGE)
[LLMActionPlayer] API call took 200 ms (model=OPENROUTER size=LARGE)
[LLMActionPlayer] API call took 293 ms (model=OPENROUTER size=LARGE)
[LLMActionPlayer] API call took 402 ms (model=OPENROUTER size=LARGE)
[LLMActionPlayer] API call took 303 ms (model=OPENROUTER size=LARGE)
[LLMActionPlayer] API call took 197 ms (model=OPENROUTER size=LARGE)
[LLMActionPlayer] API call took 529 ms (model=OPENROUTER size=LARGE)
[LLMActionPlayer] API call took 174 ms (model=OPENROUTER size=LARGE)
[LLMActionPlayer] API call took 205 ms (model=OPENROUTER size=LARGE)
[LLMActionPlayer] API call took 417 ms (model=OPENROUTER size=LARGE)
[LLMActionPlayer] API call took 426 ms (model=OPENROUTER size=LARGE)
[LLMActionPlayer] API call took 215 ms (model=OPENROUTER size=LARGE)
[LLMActionPlayer] API call took 237 ms (model=OPENROUTER size=LARGE)
[LLMActionPlayer] API call took 338 ms (model=OPENROUTER size=LARGE)
[LLMActionPlayer] API call took 536 ms (model=OPENROUTER size=LARGE)
[LLMActionPlayer] API call took 216 ms (model=OPENROUTER size=LARGE)
[LLMActionPlayer] API call took 356 ms (model=OPENROUTER size=LARGE)
[LLMActionPlayer] API call took 394 ms (model=OPENROUTER size=LARGE)
[LLMActionPlayer] API call took 402 ms (model=OPENROUTER size=LARGE)
[LLMActionPlayer] API call took 238 ms (model=OPENROUTER size=LARGE)
[LLMActionPlayer] API call took 483 ms (model=OPENROUTER size=LARGE)
[LLMActionPlayer] API call took 256 ms (model=OPENROUTER size=LARGE)
[LLMActionPlayer] API call took 195 ms (model=OPENROUTER size=LARGE)
[LLMActionPlayer] API call took 503 ms (model=OPENROUTER size=LARGE)
[LLMActionPlayer] API call took 461 ms (model=OPENROUTER size=LARGE)
[LLMActionPlayer] API call took 461 ms (model=OPENROUTER size=LARGE)
[LLMActionPlayer] API call took 441 ms (model=OPENROUTER size=LARGE)
[LLMActionPlayer] API call took 597 ms (model=OPENROUTER size=LARGE)
[LLMActionPlayer] API call took 239 ms (model=OPENROUTER size=LARGE)
[LLMActionPlayer] API call took 628 ms (model=OPENROUTER size=LARGE)
[LLMActionPlayer] API call took 488 ms (model=OPENROUTER size=LARGE)
[WIN_GAME,LOSE_GAME,LOSE_GAME]
[LLMActionPlayer] API call took 191 ms (model=OPENROUTER size=LARGE)
[LLMActionPlayer] API call took 183 ms (model=OPENROUTER size=LARGE)
[LLMActionPlayer] API call took 248 ms (model=OPENROUTER size=LARGE)
[LLMActionPlayer] API call took 507 ms (model=OPENROUTER size=LARGE)
[LLMActionPlayer] API call took 219 ms (model=OPENROUTER size=LARGE)
[LLMActionPlayer] API call took 206 ms (model=OPENROUTER size=LARGE)
[LLMActionPlayer] API call took 272 ms (model=OPENROUTER size=LARGE)
[LLMActionPlayer] API call took 205 ms (model=OPENROUTER size=LARGE)
[LLMActionPlayer] API call took 707 ms (model=OPENROUTER size=LARGE)
[LLMActionPlayer] API call took 277 ms (model=OPENROUTER size=LARGE)
[LLMActionPlayer] API call took 264 ms (model=OPENROUTER size=LARGE)
[LLMActionPlayer] API call took 179 ms (model=OPENROUTER size=LARGE)
[LLMActionPlayer] API call took 418 ms (model=OPENROUTER size=LARGE)
[LLMActionPlayer] API call took 384 ms (model=OPENROUTER size=LARGE)
[LLMActionPlayer] API call took 168 ms (model=OPENROUTER size=LARGE)
[LLMActionPlayer] API call took 357 ms (model=OPENROUTER size=LARGE)
[LLMActionPlayer] API call took 367 ms (model=OPENROUTER size=LARGE)
[LLMActionPlayer] API call took 262 ms (model=OPENROUTER size=LARGE)
[LLMActionPlayer] API call took 222 ms (model=OPENROUTER size=LARGE)
[LLMActionPlayer] API call took 418 ms (model=OPENROUTER size=LARGE)
[LLMActionPlayer] API call took 389 ms (model=OPENROUTER size=LARGE)
[LLMActionPlayer] API call took 176 ms (model=OPENROUTER size=LARGE)
[LLMActionPlayer] API call took 253 ms (model=OPENROUTER size=LARGE)
[LLMActionPlayer] API call took 541 ms (model=OPENROUTER size=LARGE)
[LLMActionPlayer] API call took 382 ms (model=OPENROUTER size=LARGE)
[LLMActionPlayer] API call took 399 ms (model=OPENROUTER size=LARGE)
[LLMActionPlayer] API call took 340 ms (model=OPENROUTER size=LARGE)
[LLMActionPlayer] API call took 230 ms (model=OPENROUTER size=LARGE)
[LLMActionPlayer] API call took 214 ms (model=OPENROUTER size=LARGE)
[LLMActionPlayer] API call took 393 ms (model=OPENROUTER size=LARGE)
[LLMActionPlayer] API call took 226 ms (model=OPENROUTER size=LARGE)
[LLMActionPlayer] API call took 415 ms (model=OPENROUTER size=LARGE)
[LLMActionPlayer] API call took 204 ms (model=OPENROUTER size=LARGE)
[LLMActionPlayer] API call took 152 ms (model=OPENROUTER size=LARGE)
[LLMActionPlayer] API call took 158 ms (model=OPENROUTER size=LARGE)
[LLMActionPlayer] API call took 176 ms (model=OPENROUTER size=LARGE)
[LLMActionPlayer] API call took 397 ms (model=OPENROUTER size=LARGE)
[LLMActionPlayer] API call took 325 ms (model=OPENROUTER size=LARGE)
[LLMActionPlayer] API call took 228 ms (model=OPENROUTER size=LARGE)
[LLMActionPlayer] API call took 483 ms (model=OPENROUTER size=LARGE)
[LLMActionPlayer] API call took 201 ms (model=OPENROUTER size=LARGE)
[LLMActionPlayer] API call took 576 ms (model=OPENROUTER size=LARGE)
[LLMActionPlayer] API call took 524 ms (model=OPENROUTER size=LARGE)
[LLMActionPlayer] API call took 449 ms (model=OPENROUTER size=LARGE)
[LLMActionPlayer] API call took 503 ms (model=OPENROUTER size=LARGE)
[LLMActionPlayer] API call took 966 ms (model=OPENROUTER size=LARGE)
[LLMActionPlayer] API call took 810 ms (model=OPENROUTER size=LARGE)
[LLMActionPlayer] API call took 528 ms (model=OPENROUTER size=LARGE)
[LLMActionPlayer] API call took 220 ms (model=OPENROUTER size=LARGE)
[LLMActionPlayer] API call took 722 ms (model=OPENROUTER size=LARGE)
[LLMActionPlayer] API call took 789 ms (model=OPENROUTER size=LARGE)
[LLMActionPlayer] API call took 2927 ms (model=OPENROUTER size=LARGE)
[LLMActionPlayer] API call took 763 ms (model=OPENROUTER size=LARGE)
[LLMActionPlayer] API call took 184 ms (model=OPENROUTER size=LARGE)
[LLMActionPlayer] API call took 718 ms (model=OPENROUTER size=LARGE)
[LLMActionPlayer] API call took 739 ms (model=OPENROUTER size=LARGE)
[LLMActionPlayer] API call took 774 ms (model=OPENROUTER size=LARGE)
[LLMActionPlayer] API call took 902 ms (model=OPENROUTER size=LARGE)
[LLMActionPlayer] API call took 149 ms (model=OPENROUTER size=LARGE)
[LLMActionPlayer] API call took 337 ms (model=OPENROUTER size=LARGE)
[LLMActionPlayer] API call took 780 ms (model=OPENROUTER size=LARGE)
[LLMActionPlayer] API call took 883 ms (model=OPENROUTER size=LARGE)
[LLMActionPlayer] API call took 746 ms (model=OPENROUTER size=LARGE)
[LLMActionPlayer] API call took 808 ms (model=OPENROUTER size=LARGE)
[LLMActionPlayer] API call took 762 ms (model=OPENROUTER size=LARGE)
[LLMActionPlayer] API call took 579 ms (model=OPENROUTER size=LARGE)
[LLMActionPlayer] API call took 239 ms (model=OPENROUTER size=LARGE)
[LLMActionPlayer] API call took 296 ms (model=OPENROUTER size=LARGE)
[LLMActionPlayer] API call took 741 ms (model=OPENROUTER size=LARGE)
[LLMActionPlayer] API call took 785 ms (model=OPENROUTER size=LARGE)
[LLMActionPlayer] API call took 746 ms (model=OPENROUTER size=LARGE)
[LLMActionPlayer] API call took 825 ms (model=OPENROUTER size=LARGE)
[LLMActionPlayer] API call took 243 ms (model=OPENROUTER size=LARGE)
[LLMActionPlayer] API call took 991 ms (model=OPENROUTER size=LARGE)
[LLMActionPlayer] API call took 782 ms (model=OPENROUTER size=LARGE)
[LLMActionPlayer] API call took 173 ms (model=OPENROUTER size=LARGE)
[LLMActionPlayer] API call took 1249 ms (model=OPENROUTER size=LARGE)
[LLMActionPlayer] API call took 659 ms (model=OPENROUTER size=LARGE)
[LLMActionPlayer] API call took 797 ms (model=OPENROUTER size=LARGE)
[LLMActionPlayer] API call took 1346 ms (model=OPENROUTER size=LARGE)
[LLMActionPlayer] API call took 857 ms (model=OPENROUTER size=LARGE)
[LLMActionPlayer] API call took 834 ms (model=OPENROUTER size=LARGE)
[LLMActionPlayer] API call took 897 ms (model=OPENROUTER size=LARGE)
[LLMActionPlayer] API call took 243 ms (model=OPENROUTER size=LARGE)
[LLMActionPlayer] API call took 782 ms (model=OPENROUTER size=LARGE)
[LLMActionPlayer] API call took 636 ms (model=OPENROUTER size=LARGE)
[LLMActionPlayer] API call took 1050 ms (model=OPENROUTER size=LARGE)
[LOSE_GAME,LOSE_GAME,WIN_GAME]
[LLMActionPlayer] API call took 203 ms (model=OPENROUTER size=LARGE)
[LLMActionPlayer] API call took 161 ms (model=OPENROUTER size=LARGE)
[LLMActionPlayer] API call took 169 ms (model=OPENROUTER size=LARGE)
[LLMActionPlayer] API call took 385 ms (model=OPENROUTER size=LARGE)
[LLMActionPlayer] API call took 215 ms (model=OPENROUTER size=LARGE)
[LLMActionPlayer] API call took 292 ms (model=OPENROUTER size=LARGE)
[LLMActionPlayer] API call took 271 ms (model=OPENROUTER size=LARGE)
[LLMActionPlayer] API call took 402 ms (model=OPENROUTER size=LARGE)
[LLMActionPlayer] API call took 264 ms (model=OPENROUTER size=LARGE)
[LLMActionPlayer] API call took 182 ms (model=OPENROUTER size=LARGE)
[LLMActionPlayer] API call took 293 ms (model=OPENROUTER size=LARGE)
[LLMActionPlayer] API call took 195 ms (model=OPENROUTER size=LARGE)
[LLMActionPlayer] API call took 195 ms (model=OPENROUTER size=LARGE)
[LLMActionPlayer] API call took 180 ms (model=OPENROUTER size=LARGE)
[LLMActionPlayer] API call took 661 ms (model=OPENROUTER size=LARGE)
[LLMActionPlayer] API call took 516 ms (model=OPENROUTER size=LARGE)
[LLMActionPlayer] API call took 238 ms (model=OPENROUTER size=LARGE)
[LLMActionPlayer] API call took 179 ms (model=OPENROUTER size=LARGE)
[LLMActionPlayer] API call took 324 ms (model=OPENROUTER size=LARGE)
[LLMActionPlayer] API call took 382 ms (model=OPENROUTER size=LARGE)
[LLMActionPlayer] API call took 652 ms (model=OPENROUTER size=LARGE)
[LLMActionPlayer] API call took 485 ms (model=OPENROUTER size=LARGE)
[LLMActionPlayer] API call took 430 ms (model=OPENROUTER size=LARGE)
[LLMActionPlayer] API call took 1121 ms (model=OPENROUTER size=LARGE)
[LLMActionPlayer] API call took 270 ms (model=OPENROUTER size=LARGE)
[LLMActionPlayer] API call took 314 ms (model=OPENROUTER size=LARGE)
[LLMActionPlayer] API call took 438 ms (model=OPENROUTER size=LARGE)
[LLMActionPlayer] API call took 173 ms (model=OPENROUTER size=LARGE)
[LLMActionPlayer] API call took 399 ms (model=OPENROUTER size=LARGE)
[LLMActionPlayer] API call took 187 ms (model=OPENROUTER size=LARGE)
[LLMActionPlayer] API call took 373 ms (model=OPENROUTER size=LARGE)
[LLMActionPlayer] API call took 387 ms (model=OPENROUTER size=LARGE)
[LLMActionPlayer] API call took 233 ms (model=OPENROUTER size=LARGE)
[LLMActionPlayer] API call took 161 ms (model=OPENROUTER size=LARGE)
[LLMActionPlayer] API call took 451 ms (model=OPENROUTER size=LARGE)
[LLMActionPlayer] API call took 447 ms (model=OPENROUTER size=LARGE)
[LLMActionPlayer] API call took 1306 ms (model=OPENROUTER size=LARGE)
[LLMActionPlayer] API call took 428 ms (model=OPENROUTER size=LARGE)
[LLMActionPlayer] API call took 311 ms (model=OPENROUTER size=LARGE)
[LLMActionPlayer] API call took 308 ms (model=OPENROUTER size=LARGE)
[LLMActionPlayer] API call took 439 ms (model=OPENROUTER size=LARGE)
[LLMActionPlayer] API call took 210 ms (model=OPENROUTER size=LARGE)
[LLMActionPlayer] API call took 212 ms (model=OPENROUTER size=LARGE)
[LLMActionPlayer] API call took 229 ms (model=OPENROUTER size=LARGE)
[LLMActionPlayer] API call took 513 ms (model=OPENROUTER size=LARGE)
[LLMActionPlayer] API call took 218 ms (model=OPENROUTER size=LARGE)
[LLMActionPlayer] API call took 963 ms (model=OPENROUTER size=LARGE)
[LLMActionPlayer] API call took 367 ms (model=OPENROUTER size=LARGE)
[LLMActionPlayer] API call took 302 ms (model=OPENROUTER size=LARGE)
[LLMActionPlayer] API call took 287 ms (model=OPENROUTER size=LARGE)
[LLMActionPlayer] API call took 200 ms (model=OPENROUTER size=LARGE)
[LLMActionPlayer] API call took 184 ms (model=OPENROUTER size=LARGE)
[LLMActionPlayer] API call took 493 ms (model=OPENROUTER size=LARGE)
[LLMActionPlayer] API call took 366 ms (model=OPENROUTER size=LARGE)
[LLMActionPlayer] API call took 487 ms (model=OPENROUTER size=LARGE)
[LLMActionPlayer] API call took 377 ms (model=OPENROUTER size=LARGE)
[LLMActionPlayer] API call took 197 ms (model=OPENROUTER size=LARGE)
[LLMActionPlayer] API call took 446 ms (model=OPENROUTER size=LARGE)
[LLMActionPlayer] API call took 340 ms (model=OPENROUTER size=LARGE)
[LLMActionPlayer] API call took 434 ms (model=OPENROUTER size=LARGE)
[LLMActionPlayer] API call took 170 ms (model=OPENROUTER size=LARGE)
[LOSE_GAME,WIN_GAME,LOSE_GAME]
[LLMActionPlayer] API call took 395 ms (model=OPENROUTER size=LARGE)
[LLMActionPlayer] API call took 390 ms (model=OPENROUTER size=LARGE)
[LLMActionPlayer] API call took 227 ms (model=OPENROUTER size=LARGE)
[LLMActionPlayer] API call took 192 ms (model=OPENROUTER size=LARGE)
[LLMActionPlayer] API call took 209 ms (model=OPENROUTER size=LARGE)
[LLMActionPlayer] API call took 146 ms (model=OPENROUTER size=LARGE)
[LLMActionPlayer] API call took 222 ms (model=OPENROUTER size=LARGE)
[LLMActionPlayer] API call took 649 ms (model=OPENROUTER size=LARGE)
[LLMActionPlayer] API call took 288 ms (model=OPENROUTER size=LARGE)
[LLMActionPlayer] API call took 148 ms (model=OPENROUTER size=LARGE)
[LLMActionPlayer] API call took 475 ms (model=OPENROUTER size=LARGE)
[LLMActionPlayer] API call took 595 ms (model=OPENROUTER size=LARGE)
[LLMActionPlayer] API call took 266 ms (model=OPENROUTER size=LARGE)
[LLMActionPlayer] API call took 570 ms (model=OPENROUTER size=LARGE)
[LLMActionPlayer] API call took 471 ms (model=OPENROUTER size=LARGE)
[LLMActionPlayer] API call took 247 ms (model=OPENROUTER size=LARGE)
[LLMActionPlayer] API call took 467 ms (model=OPENROUTER size=LARGE)
[LLMActionPlayer] API call took 355 ms (model=OPENROUTER size=LARGE)
[LLMActionPlayer] API call took 439 ms (model=OPENROUTER size=LARGE)
[LLMActionPlayer] API call took 263 ms (model=OPENROUTER size=LARGE)
[LLMActionPlayer] API call took 404 ms (model=OPENROUTER size=LARGE)
[LLMActionPlayer] API call took 252 ms (model=OPENROUTER size=LARGE)
[LLMActionPlayer] API call took 454 ms (model=OPENROUTER size=LARGE)
[LLMActionPlayer] API call took 228 ms (model=OPENROUTER size=LARGE)
[LLMActionPlayer] API call took 359 ms (model=OPENROUTER size=LARGE)
[LLMActionPlayer] API call took 423 ms (model=OPENROUTER size=LARGE)
[LLMActionPlayer] API call took 150 ms (model=OPENROUTER size=LARGE)
[LLMActionPlayer] API call took 250 ms (model=OPENROUTER size=LARGE)
[LLMActionPlayer] API call took 675 ms (model=OPENROUTER size=LARGE)
[LLMActionPlayer] API call took 862 ms (model=OPENROUTER size=LARGE)
[LLMActionPlayer] API call took 599 ms (model=OPENROUTER size=LARGE)
[LLMActionPlayer] API call took 384 ms (model=OPENROUTER size=LARGE)
[LLMActionPlayer] API call took 768 ms (model=OPENROUTER size=LARGE)
[LLMActionPlayer] API call took 440 ms (model=OPENROUTER size=LARGE)
[LLMActionPlayer] API call took 470 ms (model=OPENROUTER size=LARGE)
[LLMActionPlayer] API call took 357 ms (model=OPENROUTER size=LARGE)
[LLMActionPlayer] API call took 354 ms (model=OPENROUTER size=LARGE)
[LLMActionPlayer] API call took 465 ms (model=OPENROUTER size=LARGE)
[LLMActionPlayer] API call took 375 ms (model=OPENROUTER size=LARGE)
[LLMActionPlayer] API call took 668 ms (model=OPENROUTER size=LARGE)
[LLMActionPlayer] API call took 358 ms (model=OPENROUTER size=LARGE)
[LLMActionPlayer] API call took 450 ms (model=OPENROUTER size=LARGE)
[LLMActionPlayer] API call took 764 ms (model=OPENROUTER size=LARGE)
[LLMActionPlayer] API call took 569 ms (model=OPENROUTER size=LARGE)
[LLMActionPlayer] API call took 732 ms (model=OPENROUTER size=LARGE)
[LLMActionPlayer] API call took 479 ms (model=OPENROUTER size=LARGE)
[LLMActionPlayer] API call took 426 ms (model=OPENROUTER size=LARGE)
[LLMActionPlayer] API call took 189 ms (model=OPENROUTER size=LARGE)
[LLMActionPlayer] API call took 438 ms (model=OPENROUTER size=LARGE)
[LLMActionPlayer] API call took 363 ms (model=OPENROUTER size=LARGE)
[LLMActionPlayer] API call took 394 ms (model=OPENROUTER size=LARGE)
[LLMActionPlayer] API call took 181 ms (model=OPENROUTER size=LARGE)
[LLMActionPlayer] API call took 435 ms (model=OPENROUTER size=LARGE)
[LLMActionPlayer] API call took 436 ms (model=OPENROUTER size=LARGE)
[LLMActionPlayer] API call took 417 ms (model=OPENROUTER size=LARGE)
[LLMActionPlayer] API call took 228 ms (model=OPENROUTER size=LARGE)
[LLMActionPlayer] API call took 358 ms (model=OPENROUTER size=LARGE)
[LLMActionPlayer] API call took 421 ms (model=OPENROUTER size=LARGE)
[LLMActionPlayer] API call took 576 ms (model=OPENROUTER size=LARGE)
[LLMActionPlayer] API call took 407 ms (model=OPENROUTER size=LARGE)
[LLMActionPlayer] API call took 419 ms (model=OPENROUTER size=LARGE)
[LLMActionPlayer] API call took 205 ms (model=OPENROUTER size=LARGE)
[LLMActionPlayer] API call took 280 ms (model=OPENROUTER size=LARGE)
[LLMActionPlayer] API call took 260 ms (model=OPENROUTER size=LARGE)
[LLMActionPlayer] API call took 213 ms (model=OPENROUTER size=LARGE)
[LLMActionPlayer] API call took 415 ms (model=OPENROUTER size=LARGE)
[LLMActionPlayer] API call took 365 ms (model=OPENROUTER size=LARGE)
[LLMActionPlayer] API call took 369 ms (model=OPENROUTER size=LARGE)
[LLMActionPlayer] API call took 358 ms (model=OPENROUTER size=LARGE)
[LLMActionPlayer] API call took 513 ms (model=OPENROUTER size=LARGE)
[LLMActionPlayer] API call took 195 ms (model=OPENROUTER size=LARGE)
[LLMActionPlayer] API call took 438 ms (model=OPENROUTER size=LARGE)
[LLMActionPlayer] API call took 429 ms (model=OPENROUTER size=LARGE)
[LLMActionPlayer] API call took 253 ms (model=OPENROUTER size=LARGE)
[LLMActionPlayer] API call took 180 ms (model=OPENROUTER size=LARGE)
[LLMActionPlayer] API call took 401 ms (model=OPENROUTER size=LARGE)
[LLMActionPlayer] API call took 223 ms (model=OPENROUTER size=LARGE)
[LLMActionPlayer] API call took 580 ms (model=OPENROUTER size=LARGE)
[LLMActionPlayer] API call took 550 ms (model=OPENROUTER size=LARGE)
[LLMActionPlayer] API call took 1058 ms (model=OPENROUTER size=LARGE)
[LLMActionPlayer] API call took 392 ms (model=OPENROUTER size=LARGE)
[LLMActionPlayer] API call took 330 ms (model=OPENROUTER size=LARGE)
[LLMActionPlayer] API call took 446 ms (model=OPENROUTER size=LARGE)
[LLMActionPlayer] API call took 334 ms (model=OPENROUTER size=LARGE)
[LLMActionPlayer] API call took 204 ms (model=OPENROUTER size=LARGE)
[LLMActionPlayer] API call took 658 ms (model=OPENROUTER size=LARGE)
[LLMActionPlayer] API call took 377 ms (model=OPENROUTER size=LARGE)
[LLMActionPlayer] API call took 319 ms (model=OPENROUTER size=LARGE)
[LLMActionPlayer] API call took 429 ms (model=OPENROUTER size=LARGE)
[LLMActionPlayer] API call took 692 ms (model=OPENROUTER size=LARGE)
[LLMActionPlayer] API call took 244 ms (model=OPENROUTER size=LARGE)
[LLMActionPlayer] API call took 204 ms (model=OPENROUTER size=LARGE)
[LOSE_GAME,WIN_GAME,LOSE_GAME]
[LLMActionPlayer] API call took 191 ms (model=OPENROUTER size=LARGE)
[LLMActionPlayer] API call took 273 ms (model=OPENROUTER size=LARGE)
[LLMActionPlayer] API call took 211 ms (model=OPENROUTER size=LARGE)
[LLMActionPlayer] API call took 492 ms (model=OPENROUTER size=LARGE)
[LLMActionPlayer] API call took 392 ms (model=OPENROUTER size=LARGE)
[LLMActionPlayer] API call took 389 ms (model=OPENROUTER size=LARGE)
[LLMActionPlayer] API call took 213 ms (model=OPENROUTER size=LARGE)
[LLMActionPlayer] API call took 497 ms (model=OPENROUTER size=LARGE)
[LLMActionPlayer] API call took 390 ms (model=OPENROUTER size=LARGE)
[LLMActionPlayer] API call took 221 ms (model=OPENROUTER size=LARGE)
[LLMActionPlayer] API call took 596 ms (model=OPENROUTER size=LARGE)
[LLMActionPlayer] API call took 376 ms (model=OPENROUTER size=LARGE)
[LLMActionPlayer] API call took 422 ms (model=OPENROUTER size=LARGE)
[LLMActionPlayer] API call took 379 ms (model=OPENROUTER size=LARGE)
[LLMActionPlayer] API call took 429 ms (model=OPENROUTER size=LARGE)
[LLMActionPlayer] API call took 366 ms (model=OPENROUTER size=LARGE)
[LLMActionPlayer] API call took 219 ms (model=OPENROUTER size=LARGE)
[LLMActionPlayer] API call took 177 ms (model=OPENROUTER size=LARGE)
[LLMActionPlayer] API call took 436 ms (model=OPENROUTER size=LARGE)
[LLMActionPlayer] API call took 1352 ms (model=OPENROUTER size=LARGE)
[LLMActionPlayer] API call took 284 ms (model=OPENROUTER size=LARGE)
[LLMActionPlayer] API call took 594 ms (model=OPENROUTER size=LARGE)
[LLMActionPlayer] API call took 547 ms (model=OPENROUTER size=LARGE)
[LLMActionPlayer] API call took 213 ms (model=OPENROUTER size=LARGE)
[LLMActionPlayer] API call took 333 ms (model=OPENROUTER size=LARGE)
[LLMActionPlayer] API call took 385 ms (model=OPENROUTER size=LARGE)
[LLMActionPlayer] API call took 366 ms (model=OPENROUTER size=LARGE)
[LLMActionPlayer] API call took 304 ms (model=OPENROUTER size=LARGE)
[LLMActionPlayer] API call took 286 ms (model=OPENROUTER size=LARGE)
[LLMActionPlayer] API call took 601 ms (model=OPENROUTER size=LARGE)
[LLMActionPlayer] API call took 185 ms (model=OPENROUTER size=LARGE)
[LLMActionPlayer] API call took 213 ms (model=OPENROUTER size=LARGE)
[LLMActionPlayer] API call took 199 ms (model=OPENROUTER size=LARGE)
[LLMActionPlayer] API call took 352 ms (model=OPENROUTER size=LARGE)
[LLMActionPlayer] API call took 354 ms (model=OPENROUTER size=LARGE)
[LLMActionPlayer] API call took 223 ms (model=OPENROUTER size=LARGE)
[LLMActionPlayer] API call took 450 ms (model=OPENROUTER size=LARGE)
[LLMActionPlayer] API call took 393 ms (model=OPENROUTER size=LARGE)
[LLMActionPlayer] API call took 516 ms (model=OPENROUTER size=LARGE)
[LLMActionPlayer] API call took 207 ms (model=OPENROUTER size=LARGE)
[LLMActionPlayer] API call took 393 ms (model=OPENROUTER size=LARGE)
[LLMActionPlayer] API call took 369 ms (model=OPENROUTER size=LARGE)
[LLMActionPlayer] API call took 159 ms (model=OPENROUTER size=LARGE)
[LLMActionPlayer] API call took 204 ms (model=OPENROUTER size=LARGE)
[LLMActionPlayer] API call took 440 ms (model=OPENROUTER size=LARGE)
[LLMActionPlayer] API call took 479 ms (model=OPENROUTER size=LARGE)
[LLMActionPlayer] API call took 240 ms (model=OPENROUTER size=LARGE)
[LLMActionPlayer] API call took 666 ms (model=OPENROUTER size=LARGE)
[LLMActionPlayer] API call took 499 ms (model=OPENROUTER size=LARGE)
[LLMActionPlayer] API call took 271 ms (model=OPENROUTER size=LARGE)
[LLMActionPlayer] API call took 168 ms (model=OPENROUTER size=LARGE)
[LLMActionPlayer] API call took 380 ms (model=OPENROUTER size=LARGE)
[LLMActionPlayer] API call took 1671 ms (model=OPENROUTER size=LARGE)
[LLMActionPlayer] API call took 595 ms (model=OPENROUTER size=LARGE)
[LLMActionPlayer] API call took 171 ms (model=OPENROUTER size=LARGE)
[LLMActionPlayer] API call took 197 ms (model=OPENROUTER size=LARGE)
[LLMActionPlayer] API call took 204 ms (model=OPENROUTER size=LARGE)
[LLMActionPlayer] API call took 238 ms (model=OPENROUTER size=LARGE)
[LLMActionPlayer] API call took 391 ms (model=OPENROUTER size=LARGE)
[LLMActionPlayer] API call took 410 ms (model=OPENROUTER size=LARGE)
[LLMActionPlayer] API call took 292 ms (model=OPENROUTER size=LARGE)
[LLMActionPlayer] API call took 493 ms (model=OPENROUTER size=LARGE)
[LLMActionPlayer] API call took 421 ms (model=OPENROUTER size=LARGE)
[LLMActionPlayer] API call took 896 ms (model=OPENROUTER size=LARGE)
[LLMActionPlayer] API call took 364 ms (model=OPENROUTER size=LARGE)
[LLMActionPlayer] API call took 355 ms (model=OPENROUTER size=LARGE)
[LLMActionPlayer] API call took 386 ms (model=OPENROUTER size=LARGE)
[LLMActionPlayer] API call took 288 ms (model=OPENROUTER size=LARGE)
[LLMActionPlayer] API call took 538 ms (model=OPENROUTER size=LARGE)
[LLMActionPlayer] API call took 354 ms (model=OPENROUTER size=LARGE)
[LLMActionPlayer] API call took 310 ms (model=OPENROUTER size=LARGE)
[LLMActionPlayer] API call took 232 ms (model=OPENROUTER size=LARGE)
[LLMActionPlayer] API call took 907 ms (model=OPENROUTER size=LARGE)
[LLMActionPlayer] API call took 412 ms (model=OPENROUTER size=LARGE)
[LLMActionPlayer] API call took 386 ms (model=OPENROUTER size=LARGE)
[LLMActionPlayer] API call took 436 ms (model=OPENROUTER size=LARGE)
[LLMActionPlayer] API call took 386 ms (model=OPENROUTER size=LARGE)
[LLMActionPlayer] API call took 250 ms (model=OPENROUTER size=LARGE)
[LLMActionPlayer] API call took 745 ms (model=OPENROUTER size=LARGE)
[LLMActionPlayer] API call took 751 ms (model=OPENROUTER size=LARGE)
[LLMActionPlayer] API call took 327 ms (model=OPENROUTER size=LARGE)
[LLMActionPlayer] API call took 332 ms (model=OPENROUTER size=LARGE)
[WIN_GAME,LOSE_GAME,LOSE_GAME]
[LLMActionPlayer] API call took 232 ms (model=OPENROUTER size=LARGE)
[LLMActionPlayer] API call took 271 ms (model=OPENROUTER size=LARGE)
[LLMActionPlayer] API call took 400 ms (model=OPENROUTER size=LARGE)
[LLMActionPlayer] API call took 289 ms (model=OPENROUTER size=LARGE)
[LLMActionPlayer] API call took 181 ms (model=OPENROUTER size=LARGE)
[LLMActionPlayer] API call took 209 ms (model=OPENROUTER size=LARGE)
[LLMActionPlayer] API call took 391 ms (model=OPENROUTER size=LARGE)
[LLMActionPlayer] API call took 487 ms (model=OPENROUTER size=LARGE)
[LLMActionPlayer] API call took 185 ms (model=OPENROUTER size=LARGE)
[LLMActionPlayer] API call took 1138 ms (model=OPENROUTER size=LARGE)
[LLMActionPlayer] API call took 372 ms (model=OPENROUTER size=LARGE)
[LLMActionPlayer] API call took 454 ms (model=OPENROUTER size=LARGE)
[LLMActionPlayer] API call took 709 ms (model=OPENROUTER size=LARGE)
[LLMActionPlayer] API call took 305 ms (model=OPENROUTER size=LARGE)
[LLMActionPlayer] API call took 275 ms (model=OPENROUTER size=LARGE)
[LLMActionPlayer] API call took 376 ms (model=OPENROUTER size=LARGE)
[LLMActionPlayer] API call took 426 ms (model=OPENROUTER size=LARGE)
[LLMActionPlayer] API call took 593 ms (model=OPENROUTER size=LARGE)
[LLMActionPlayer] API call took 188 ms (model=OPENROUTER size=LARGE)
[LLMActionPlayer] API call took 193 ms (model=OPENROUTER size=LARGE)
[LLMActionPlayer] API call took 907 ms (model=OPENROUTER size=LARGE)
[LLMActionPlayer] API call took 387 ms (model=OPENROUTER size=LARGE)
[LLMActionPlayer] API call took 215 ms (model=OPENROUTER size=LARGE)
[LLMActionPlayer] API call took 175 ms (model=OPENROUTER size=LARGE)
[LLMActionPlayer] API call took 226 ms (model=OPENROUTER size=LARGE)
[LLMActionPlayer] API call took 503 ms (model=OPENROUTER size=LARGE)
[LLMActionPlayer] API call took 178 ms (model=OPENROUTER size=LARGE)
[LLMActionPlayer] API call took 179 ms (model=OPENROUTER size=LARGE)
[LLMActionPlayer] API call took 209 ms (model=OPENROUTER size=LARGE)
[LLMActionPlayer] API call took 308 ms (model=OPENROUTER size=LARGE)
[LLMActionPlayer] API call took 528 ms (model=OPENROUTER size=LARGE)
[LLMActionPlayer] API call took 434 ms (model=OPENROUTER size=LARGE)
[LLMActionPlayer] API call took 415 ms (model=OPENROUTER size=LARGE)
[LLMActionPlayer] API call took 171 ms (model=OPENROUTER size=LARGE)
[LLMActionPlayer] API call took 366 ms (model=OPENROUTER size=LARGE)
[LLMActionPlayer] API call took 429 ms (model=OPENROUTER size=LARGE)
[LLMActionPlayer] API call took 391 ms (model=OPENROUTER size=LARGE)
[LLMActionPlayer] API call took 458 ms (model=OPENROUTER size=LARGE)
[LLMActionPlayer] API call took 406 ms (model=OPENROUTER size=LARGE)
[LLMActionPlayer] API call took 343 ms (model=OPENROUTER size=LARGE)
[LLMActionPlayer] API call took 153 ms (model=OPENROUTER size=LARGE)
[LLMActionPlayer] API call took 417 ms (model=OPENROUTER size=LARGE)
[LLMActionPlayer] API call took 424 ms (model=OPENROUTER size=LARGE)
[LLMActionPlayer] API call took 467 ms (model=OPENROUTER size=LARGE)
[LLMActionPlayer] API call took 476 ms (model=OPENROUTER size=LARGE)
[LLMActionPlayer] API call took 454 ms (model=OPENROUTER size=LARGE)
[LLMActionPlayer] API call took 322 ms (model=OPENROUTER size=LARGE)
[LLMActionPlayer] API call took 268 ms (model=OPENROUTER size=LARGE)
[LLMActionPlayer] API call took 412 ms (model=OPENROUTER size=LARGE)
[LLMActionPlayer] API call took 435 ms (model=OPENROUTER size=LARGE)
[LLMActionPlayer] API call took 765 ms (model=OPENROUTER size=LARGE)
[LLMActionPlayer] API call took 356 ms (model=OPENROUTER size=LARGE)
[LLMActionPlayer] API call took 236 ms (model=OPENROUTER size=LARGE)
[LOSE_GAME,WIN_GAME,LOSE_GAME]
[LLMActionPlayer] API call took 203 ms (model=OPENROUTER size=LARGE)
[LLMActionPlayer] API call took 213 ms (model=OPENROUTER size=LARGE)
[LLMActionPlayer] API call took 450 ms (model=OPENROUTER size=LARGE)
[LLMActionPlayer] API call took 148 ms (model=OPENROUTER size=LARGE)
[LLMActionPlayer] API call took 211 ms (model=OPENROUTER size=LARGE)
[LLMActionPlayer] API call took 253 ms (model=OPENROUTER size=LARGE)
[LLMActionPlayer] API call took 965 ms (model=OPENROUTER size=LARGE)
[LLMActionPlayer] API call took 398 ms (model=OPENROUTER size=LARGE)
[LLMActionPlayer] API call took 376 ms (model=OPENROUTER size=LARGE)
[LLMActionPlayer] API call took 186 ms (model=OPENROUTER size=LARGE)
[LLMActionPlayer] API call took 508 ms (model=OPENROUTER size=LARGE)
[LLMActionPlayer] API call took 345 ms (model=OPENROUTER size=LARGE)
[LLMActionPlayer] API call took 366 ms (model=OPENROUTER size=LARGE)
[LLMActionPlayer] API call took 271 ms (model=OPENROUTER size=LARGE)
[LLMActionPlayer] API call took 435 ms (model=OPENROUTER size=LARGE)
[LLMActionPlayer] API call took 324 ms (model=OPENROUTER size=LARGE)
[LLMActionPlayer] API call took 222 ms (model=OPENROUTER size=LARGE)
[LLMActionPlayer] API call took 388 ms (model=OPENROUTER size=LARGE)
[LLMActionPlayer] API call took 389 ms (model=OPENROUTER size=LARGE)
[LLMActionPlayer] API call took 407 ms (model=OPENROUTER size=LARGE)
[LLMActionPlayer] API call took 323 ms (model=OPENROUTER size=LARGE)
[LLMActionPlayer] API call took 158 ms (model=OPENROUTER size=LARGE)
[LOSE_GAME,WIN_GAME,LOSE_GAME]
[LLMActionPlayer] API call took 200 ms (model=OPENROUTER size=LARGE)
[LLMActionPlayer] API call took 270 ms (model=OPENROUTER size=LARGE)
[LLMActionPlayer] API call took 262 ms (model=OPENROUTER size=LARGE)
[LLMActionPlayer] API call took 330 ms (model=OPENROUTER size=LARGE)
[LLMActionPlayer] API call took 471 ms (model=OPENROUTER size=LARGE)
[LLMActionPlayer] API call took 376 ms (model=OPENROUTER size=LARGE)
[LLMActionPlayer] API call took 443 ms (model=OPENROUTER size=LARGE)
[LLMActionPlayer] API call took 174 ms (model=OPENROUTER size=LARGE)
[LLMActionPlayer] API call took 783 ms (model=OPENROUTER size=LARGE)
[LLMActionPlayer] API call took 427 ms (model=OPENROUTER size=LARGE)
[LLMActionPlayer] API call took 233 ms (model=OPENROUTER size=LARGE)
[LLMActionPlayer] API call took 202 ms (model=OPENROUTER size=LARGE)
[LLMActionPlayer] API call took 600 ms (model=OPENROUTER size=LARGE)
[LLMActionPlayer] API call took 223 ms (model=OPENROUTER size=LARGE)
[LLMActionPlayer] API call took 461 ms (model=OPENROUTER size=LARGE)
[LLMActionPlayer] API call took 200 ms (model=OPENROUTER size=LARGE)
[LLMActionPlayer] API call took 217 ms (model=OPENROUTER size=LARGE)
[LLMActionPlayer] API call took 867 ms (model=OPENROUTER size=LARGE)
[LLMActionPlayer] API call took 472 ms (model=OPENROUTER size=LARGE)
[LLMActionPlayer] API call took 348 ms (model=OPENROUTER size=LARGE)
[LLMActionPlayer] API call took 449 ms (model=OPENROUTER size=LARGE)
[LLMActionPlayer] API call took 169 ms (model=OPENROUTER size=LARGE)
[LLMActionPlayer] API call took 410 ms (model=OPENROUTER size=LARGE)
[LLMActionPlayer] API call took 310 ms (model=OPENROUTER size=LARGE)
[LLMActionPlayer] API call took 173 ms (model=OPENROUTER size=LARGE)
[LLMActionPlayer] API call took 598 ms (model=OPENROUTER size=LARGE)
[LLMActionPlayer] API call took 325 ms (model=OPENROUTER size=LARGE)
[LLMActionPlayer] API call took 953 ms (model=OPENROUTER size=LARGE)
[LLMActionPlayer] API call took 405 ms (model=OPENROUTER size=LARGE)
[LLMActionPlayer] API call took 337 ms (model=OPENROUTER size=LARGE)
[LLMActionPlayer] API call took 648 ms (model=OPENROUTER size=LARGE)
[LLMActionPlayer] API call took 468 ms (model=OPENROUTER size=LARGE)
[LLMActionPlayer] API call took 405 ms (model=OPENROUTER size=LARGE)
[LLMActionPlayer] API call took 347 ms (model=OPENROUTER size=LARGE)
[LLMActionPlayer] API call took 301 ms (model=OPENROUTER size=LARGE)
[WIN_GAME,LOSE_GAME,LOSE_GAME]
[LLMActionPlayer] API call took 197 ms (model=OPENROUTER size=LARGE)
[LLMActionPlayer] API call took 158 ms (model=OPENROUTER size=LARGE)
[LLMActionPlayer] API call took 183 ms (model=OPENROUTER size=LARGE)
[LLMActionPlayer] API call took 2036 ms (model=OPENROUTER size=LARGE)
[LLMActionPlayer] API call took 389 ms (model=OPENROUTER size=LARGE)
[LLMActionPlayer] API call took 345 ms (model=OPENROUTER size=LARGE)
[LLMActionPlayer] API call took 252 ms (model=OPENROUTER size=LARGE)
[LLMActionPlayer] API call took 815 ms (model=OPENROUTER size=LARGE)
[LLMActionPlayer] API call took 191 ms (model=OPENROUTER size=LARGE)
[LLMActionPlayer] API call took 506 ms (model=OPENROUTER size=LARGE)
[LLMActionPlayer] API call took 569 ms (model=OPENROUTER size=LARGE)
[LLMActionPlayer] API call took 591 ms (model=OPENROUTER size=LARGE)
[LLMActionPlayer] API call took 445 ms (model=OPENROUTER size=LARGE)
[LLMActionPlayer] API call took 402 ms (model=OPENROUTER size=LARGE)
[LLMActionPlayer] API call took 243 ms (model=OPENROUTER size=LARGE)
[WIN_GAME,LOSE_GAME,LOSE_GAME]
[LLMActionPlayer] API call took 201 ms (model=OPENROUTER size=LARGE)
[LLMActionPlayer] API call took 368 ms (model=OPENROUTER size=LARGE)
[LLMActionPlayer] API call took 191 ms (model=OPENROUTER size=LARGE)
[LLMActionPlayer] API call took 235 ms (model=OPENROUTER size=LARGE)
[LLMActionPlayer] API call took 198 ms (model=OPENROUTER size=LARGE)
[LLMActionPlayer] API call took 371 ms (model=OPENROUTER size=LARGE)
[LLMActionPlayer] API call took 383 ms (model=OPENROUTER size=LARGE)
[LLMActionPlayer] API call took 178 ms (model=OPENROUTER size=LARGE)
[LLMActionPlayer] API call took 420 ms (model=OPENROUTER size=LARGE)
[LLMActionPlayer] API call took 399 ms (model=OPENROUTER size=LARGE)
[LLMActionPlayer] API call took 2639 ms (model=OPENROUTER size=LARGE)
[LLMActionPlayer] API call took 364 ms (model=OPENROUTER size=LARGE)
[LLMActionPlayer] API call took 395 ms (model=OPENROUTER size=LARGE)
[LLMActionPlayer] API call took 197 ms (model=OPENROUTER size=LARGE)
[LLMActionPlayer] API call took 489 ms (model=OPENROUTER size=LARGE)
[LLMActionPlayer] API call took 214 ms (model=OPENROUTER size=LARGE)
[LLMActionPlayer] API call took 3233 ms (model=OPENROUTER size=LARGE)
[LLMActionPlayer] API call took 422 ms (model=OPENROUTER size=LARGE)
[LLMActionPlayer] API call took 3174 ms (model=OPENROUTER size=LARGE)
[LLMActionPlayer] API call took 508 ms (model=OPENROUTER size=LARGE)
[LLMActionPlayer] API call took 196 ms (model=OPENROUTER size=LARGE)
[LLMActionPlayer] API call took 338 ms (model=OPENROUTER size=LARGE)
[LLMActionPlayer] API call took 411 ms (model=OPENROUTER size=LARGE)
[LLMActionPlayer] API call took 149 ms (model=OPENROUTER size=LARGE)
[LLMActionPlayer] API call took 478 ms (model=OPENROUTER size=LARGE)
[LLMActionPlayer] API call took 431 ms (model=OPENROUTER size=LARGE)
[LLMActionPlayer] API call took 207 ms (model=OPENROUTER size=LARGE)
[LLMActionPlayer] API call took 554 ms (model=OPENROUTER size=LARGE)
[LLMActionPlayer] API call took 651 ms (model=OPENROUTER size=LARGE)
[LLMActionPlayer] API call took 198 ms (model=OPENROUTER size=LARGE)
[LLMActionPlayer] API call took 186 ms (model=OPENROUTER size=LARGE)
[LLMActionPlayer] API call took 2295 ms (model=OPENROUTER size=LARGE)
[LLMActionPlayer] API call took 420 ms (model=OPENROUTER size=LARGE)
[LLMActionPlayer] API call took 432 ms (model=OPENROUTER size=LARGE)
[LLMActionPlayer] API call took 166 ms (model=OPENROUTER size=LARGE)
[LLMActionPlayer] API call took 174 ms (model=OPENROUTER size=LARGE)
[LLMActionPlayer] API call took 430 ms (model=OPENROUTER size=LARGE)
[LLMActionPlayer] API call took 209 ms (model=OPENROUTER size=LARGE)
[LLMActionPlayer] API call took 754 ms (model=OPENROUTER size=LARGE)
[LLMActionPlayer] API call took 415 ms (model=OPENROUTER size=LARGE)
[LLMActionPlayer] API call took 219 ms (model=OPENROUTER size=LARGE)
[LLMActionPlayer] API call took 2149 ms (model=OPENROUTER size=LARGE)
[LLMActionPlayer] API call took 185 ms (model=OPENROUTER size=LARGE)
[LLMActionPlayer] API call took 463 ms (model=OPENROUTER size=LARGE)
[LLMActionPlayer] API call took 509 ms (model=OPENROUTER size=LARGE)
[LLMActionPlayer] API call took 156 ms (model=OPENROUTER size=LARGE)
[LLMActionPlayer] API call took 438 ms (model=OPENROUTER size=LARGE)
[LLMActionPlayer] API call took 417 ms (model=OPENROUTER size=LARGE)
[LLMActionPlayer] API call took 213 ms (model=OPENROUTER size=LARGE)
[LLMActionPlayer] API call took 3011 ms (model=OPENROUTER size=LARGE)
[LLMActionPlayer] API call took 696 ms (model=OPENROUTER size=LARGE)
[LLMActionPlayer] API call took 198 ms (model=OPENROUTER size=LARGE)
[LLMActionPlayer] API call took 545 ms (model=OPENROUTER size=LARGE)
[LLMActionPlayer] API call took 763 ms (model=OPENROUTER size=LARGE)
[LLMActionPlayer] API call took 499 ms (model=OPENROUTER size=LARGE)
[LLMActionPlayer] API call took 688 ms (model=OPENROUTER size=LARGE)
[LLMActionPlayer] API call took 405 ms (model=OPENROUTER size=LARGE)
[LLMActionPlayer] API call took 2674 ms (model=OPENROUTER size=LARGE)
[LLMActionPlayer] API call took 3704 ms (model=OPENROUTER size=LARGE)
[LLMActionPlayer] API call took 584 ms (model=OPENROUTER size=LARGE)
[LLMActionPlayer] API call took 472 ms (model=OPENROUTER size=LARGE)
[LLMActionPlayer] API call took 405 ms (model=OPENROUTER size=LARGE)
[LLMActionPlayer] API call took 489 ms (model=OPENROUTER size=LARGE)
[LLMActionPlayer] API call took 462 ms (model=OPENROUTER size=LARGE)
[LLMActionPlayer] API call took 579 ms (model=OPENROUTER size=LARGE)
[LLMActionPlayer] API call took 376 ms (model=OPENROUTER size=LARGE)
[LLMActionPlayer] API call took 1911 ms (model=OPENROUTER size=LARGE)
[LLMActionPlayer] API call took 3256 ms (model=OPENROUTER size=LARGE)
[LLMActionPlayer] API call took 417 ms (model=OPENROUTER size=LARGE)
[LLMActionPlayer] API call took 397 ms (model=OPENROUTER size=LARGE)
[LOSE_GAME,LOSE_GAME,WIN_GAME]
[LLMActionPlayer] API call took 251 ms (model=OPENROUTER size=LARGE)
[LLMActionPlayer] API call took 218 ms (model=OPENROUTER size=LARGE)
[LLMActionPlayer] API call took 198 ms (model=OPENROUTER size=LARGE)
[LLMActionPlayer] API call took 221 ms (model=OPENROUTER size=LARGE)
[LLMActionPlayer] API call took 224 ms (model=OPENROUTER size=LARGE)
[LLMActionPlayer] API call took 378 ms (model=OPENROUTER size=LARGE)
[LLMActionPlayer] API call took 3059 ms (model=OPENROUTER size=LARGE)
[LLMActionPlayer] API call took 484 ms (model=OPENROUTER size=LARGE)
[LLMActionPlayer] API call took 1494 ms (model=OPENROUTER size=LARGE)
[LLMActionPlayer] API call took 2093 ms (model=OPENROUTER size=LARGE)
[LLMActionPlayer] API call took 184 ms (model=OPENROUTER size=LARGE)
[LLMActionPlayer] API call took 362 ms (model=OPENROUTER size=LARGE)
[LLMActionPlayer] API call took 2869 ms (model=OPENROUTER size=LARGE)
[LLMActionPlayer] API call took 277 ms (model=OPENROUTER size=LARGE)
[LLMActionPlayer] API call took 220 ms (model=OPENROUTER size=LARGE)
[LLMActionPlayer] API call took 360 ms (model=OPENROUTER size=LARGE)
[LLMActionPlayer] API call took 285 ms (model=OPENROUTER size=LARGE)
[LLMActionPlayer] API call took 392 ms (model=OPENROUTER size=LARGE)
[LLMActionPlayer] API call took 673 ms (model=OPENROUTER size=LARGE)
[LLMActionPlayer] API call took 517 ms (model=OPENROUTER size=LARGE)
[LLMActionPlayer] API call took 383 ms (model=OPENROUTER size=LARGE)
[LLMActionPlayer] API call took 650 ms (model=OPENROUTER size=LARGE)
[LLMActionPlayer] API call took 204 ms (model=OPENROUTER size=LARGE)
[LLMActionPlayer] API call took 376 ms (model=OPENROUTER size=LARGE)
[LLMActionPlayer] API call took 292 ms (model=OPENROUTER size=LARGE)
[LLMActionPlayer] API call took 357 ms (model=OPENROUTER size=LARGE)
[LLMActionPlayer] API call took 383 ms (model=OPENROUTER size=LARGE)
[LLMActionPlayer] API call took 148 ms (model=OPENROUTER size=LARGE)
[LLMActionPlayer] API call took 184 ms (model=OPENROUTER size=LARGE)
[LLMActionPlayer] API call took 495 ms (model=OPENROUTER size=LARGE)
[LLMActionPlayer] API call took 473 ms (model=OPENROUTER size=LARGE)
[LLMActionPlayer] API call took 416 ms (model=OPENROUTER size=LARGE)
[LLMActionPlayer] API call took 253 ms (model=OPENROUTER size=LARGE)
[LLMActionPlayer] API call took 365 ms (model=OPENROUTER size=LARGE)
[LLMActionPlayer] API call took 306 ms (model=OPENROUTER size=LARGE)
[LLMActionPlayer] API call took 214 ms (model=OPENROUTER size=LARGE)
[LLMActionPlayer] API call took 352 ms (model=OPENROUTER size=LARGE)
[LLMActionPlayer] API call took 3012 ms (model=OPENROUTER size=LARGE)
[LLMActionPlayer] API call took 382 ms (model=OPENROUTER size=LARGE)
[LLMActionPlayer] API call took 754 ms (model=OPENROUTER size=LARGE)
[LLMActionPlayer] API call took 382 ms (model=OPENROUTER size=LARGE)
[LLMActionPlayer] API call took 506 ms (model=OPENROUTER size=LARGE)
[LLMActionPlayer] API call took 569 ms (model=OPENROUTER size=LARGE)
[LLMActionPlayer] API call took 453 ms (model=OPENROUTER size=LARGE)
[LLMActionPlayer] API call took 428 ms (model=OPENROUTER size=LARGE)
[LLMActionPlayer] API call took 413 ms (model=OPENROUTER size=LARGE)
[LLMActionPlayer] API call took 182 ms (model=OPENROUTER size=LARGE)
[LLMActionPlayer] API call took 403 ms (model=OPENROUTER size=LARGE)
[LLMActionPlayer] API call took 366 ms (model=OPENROUTER size=LARGE)
[LLMActionPlayer] API call took 469 ms (model=OPENROUTER size=LARGE)
[LLMActionPlayer] API call took 838 ms (model=OPENROUTER size=LARGE)
[LLMActionPlayer] API call took 281 ms (model=OPENROUTER size=LARGE)
[LLMActionPlayer] API call took 406 ms (model=OPENROUTER size=LARGE)
[LLMActionPlayer] Invalid response: I will propose a trade to acquire the resource I lack, which is LUMBER, by giving away the resource I hold in surplus, which is GRAIN, in a 1:1 ratio, so I choose Trade (p2 to p0 : 5 GRAIN for 1 LUMBER).
[LLMActionPlayer] Action ID : null selected randomly since LLM returned non valid action[LLMActionPlayer] API call took 398 ms (model=OPENROUTER size=LARGE)
[LLMActionPlayer] API call took 353 ms (model=OPENROUTER size=LARGE)
[LLMActionPlayer] API call took 158 ms (model=OPENROUTER size=LARGE)
[LLMActionPlayer] API call took 286 ms (model=OPENROUTER size=LARGE)
[LLMActionPlayer] API call took 332 ms (model=OPENROUTER size=LARGE)
[LLMActionPlayer] API call took 436 ms (model=OPENROUTER size=LARGE)
[LLMActionPlayer] API call took 623 ms (model=OPENROUTER size=LARGE)
[LLMActionPlayer] API call took 204 ms (model=OPENROUTER size=LARGE)
[LLMActionPlayer] API call took 784 ms (model=OPENROUTER size=LARGE)
[LLMActionPlayer] API call took 467 ms (model=OPENROUTER size=LARGE)
[LLMActionPlayer] API call took 431 ms (model=OPENROUTER size=LARGE)
[LLMActionPlayer] API call took 329 ms (model=OPENROUTER size=LARGE)
[LLMActionPlayer] API call took 448 ms (model=OPENROUTER size=LARGE)
[LLMActionPlayer] API call took 404 ms (model=OPENROUTER size=LARGE)
[LLMActionPlayer] API call took 376 ms (model=OPENROUTER size=LARGE)
[LLMActionPlayer] API call took 183 ms (model=OPENROUTER size=LARGE)
[LLMActionPlayer] API call took 411 ms (model=OPENROUTER size=LARGE)
[LLMActionPlayer] API call took 413 ms (model=OPENROUTER size=LARGE)
[LLMActionPlayer] API call took 216 ms (model=OPENROUTER size=LARGE)
[LLMActionPlayer] API call took 631 ms (model=OPENROUTER size=LARGE)
[LLMActionPlayer] API call took 351 ms (model=OPENROUTER size=LARGE)
[LLMActionPlayer] API call took 251 ms (model=OPENROUTER size=LARGE)
[LLMActionPlayer] API call took 448 ms (model=OPENROUTER size=LARGE)
[LLMActionPlayer] API call took 432 ms (model=OPENROUTER size=LARGE)
[LLMActionPlayer] API call took 372 ms (model=OPENROUTER size=LARGE)
[LLMActionPlayer] API call took 429 ms (model=OPENROUTER size=LARGE)
[LLMActionPlayer] API call took 201 ms (model=OPENROUTER size=LARGE)
[LLMActionPlayer] API call took 616 ms (model=OPENROUTER size=LARGE)
[LLMActionPlayer] API call took 537 ms (model=OPENROUTER size=LARGE)
[LLMActionPlayer] API call took 497 ms (model=OPENROUTER size=LARGE)
[WIN_GAME,LOSE_GAME,LOSE_GAME]
[LLMActionPlayer] API call took 604 ms (model=OPENROUTER size=LARGE)
[LLMActionPlayer] API call took 913 ms (model=OPENROUTER size=LARGE)
[LLMActionPlayer] API call took 355 ms (model=OPENROUTER size=LARGE)
[LLMActionPlayer] API call took 416 ms (model=OPENROUTER size=LARGE)
[LLMActionPlayer] API call took 426 ms (model=OPENROUTER size=LARGE)
[LLMActionPlayer] API call took 641 ms (model=OPENROUTER size=LARGE)
[LLMActionPlayer] API call took 203 ms (model=OPENROUTER size=LARGE)
[LLMActionPlayer] API call took 360 ms (model=OPENROUTER size=LARGE)
[LLMActionPlayer] API call took 286 ms (model=OPENROUTER size=LARGE)
[LLMActionPlayer] API call took 456 ms (model=OPENROUTER size=LARGE)
[LLMActionPlayer] API call took 440 ms (model=OPENROUTER size=LARGE)
[LLMActionPlayer] API call took 333 ms (model=OPENROUTER size=LARGE)
[LLMActionPlayer] API call took 267 ms (model=OPENROUTER size=LARGE)
[LLMActionPlayer] API call took 252 ms (model=OPENROUTER size=LARGE)
[LLMActionPlayer] API call took 333 ms (model=OPENROUTER size=LARGE)
[LLMActionPlayer] API call took 425 ms (model=OPENROUTER size=LARGE)
[LLMActionPlayer] API call took 213 ms (model=OPENROUTER size=LARGE)
[LLMActionPlayer] API call took 464 ms (model=OPENROUTER size=LARGE)
[LLMActionPlayer] API call took 377 ms (model=OPENROUTER size=LARGE)
[LLMActionPlayer] API call took 258 ms (model=OPENROUTER size=LARGE)
[LLMActionPlayer] API call took 635 ms (model=OPENROUTER size=LARGE)
[LLMActionPlayer] API call took 479 ms (model=OPENROUTER size=LARGE)
[LLMActionPlayer] API call took 191 ms (model=OPENROUTER size=LARGE)
[LLMActionPlayer] API call took 357 ms (model=OPENROUTER size=LARGE)
[LLMActionPlayer] API call took 292 ms (model=OPENROUTER size=LARGE)
[LLMActionPlayer] API call took 199 ms (model=OPENROUTER size=LARGE)
[LLMActionPlayer] API call took 376 ms (model=OPENROUTER size=LARGE)
[LLMActionPlayer] API call took 316 ms (model=OPENROUTER size=LARGE)
[LLMActionPlayer] API call took 218 ms (model=OPENROUTER size=LARGE)
[LLMActionPlayer] API call took 398 ms (model=OPENROUTER size=LARGE)
[LLMActionPlayer] API call took 341 ms (model=OPENROUTER size=LARGE)
[WIN_GAME,LOSE_GAME,LOSE_GAME]
[LLMActionPlayer] API call took 403 ms (model=OPENROUTER size=LARGE)
[LLMActionPlayer] API call took 622 ms (model=OPENROUTER size=LARGE)
[LLMActionPlayer] API call took 370 ms (model=OPENROUTER size=LARGE)
[LLMActionPlayer] API call took 3297 ms (model=OPENROUTER size=LARGE)
[LLMActionPlayer] API call took 200 ms (model=OPENROUTER size=LARGE)
[LLMActionPlayer] API call took 287 ms (model=OPENROUTER size=LARGE)
[LLMActionPlayer] API call took 207 ms (model=OPENROUTER size=LARGE)
[LLMActionPlayer] API call took 176 ms (model=OPENROUTER size=LARGE)
[LLMActionPlayer] API call took 310 ms (model=OPENROUTER size=LARGE)
[LLMActionPlayer] API call took 287 ms (model=OPENROUTER size=LARGE)
[LLMActionPlayer] API call took 328 ms (model=OPENROUTER size=LARGE)
[LLMActionPlayer] API call took 150 ms (model=OPENROUTER size=LARGE)
[LLMActionPlayer] API call took 382 ms (model=OPENROUTER size=LARGE)
[LLMActionPlayer] API call took 468 ms (model=OPENROUTER size=LARGE)
[LLMActionPlayer] API call took 407 ms (model=OPENROUTER size=LARGE)
[LLMActionPlayer] API call took 1252 ms (model=OPENROUTER size=LARGE)
[LLMActionPlayer] API call took 283 ms (model=OPENROUTER size=LARGE)
[LLMActionPlayer] API call took 394 ms (model=OPENROUTER size=LARGE)
[LLMActionPlayer] API call took 378 ms (model=OPENROUTER size=LARGE)
[LLMActionPlayer] API call took 219 ms (model=OPENROUTER size=LARGE)
[LLMActionPlayer] API call took 168 ms (model=OPENROUTER size=LARGE)
[LLMActionPlayer] API call took 221 ms (model=OPENROUTER size=LARGE)
[LLMActionPlayer] API call took 3173 ms (model=OPENROUTER size=LARGE)
[LLMActionPlayer] API call took 303 ms (model=OPENROUTER size=LARGE)
[LLMActionPlayer] API call took 346 ms (model=OPENROUTER size=LARGE)
[LLMActionPlayer] API call took 492 ms (model=OPENROUTER size=LARGE)
[LLMActionPlayer] API call took 215 ms (model=OPENROUTER size=LARGE)
[LLMActionPlayer] API call took 363 ms (model=OPENROUTER size=LARGE)
[LLMActionPlayer] API call took 174 ms (model=OPENROUTER size=LARGE)
[LLMActionPlayer] API call took 183 ms (model=OPENROUTER size=LARGE)
[LLMActionPlayer] API call took 486 ms (model=OPENROUTER size=LARGE)
[LLMActionPlayer] API call took 675 ms (model=OPENROUTER size=LARGE)
[LLMActionPlayer] API call took 472 ms (model=OPENROUTER size=LARGE)
[LLMActionPlayer] API call took 494 ms (model=OPENROUTER size=LARGE)
[LLMActionPlayer] API call took 659 ms (model=OPENROUTER size=LARGE)
[LLMActionPlayer] API call took 418 ms (model=OPENROUTER size=LARGE)
[LLMActionPlayer] API call took 252 ms (model=OPENROUTER size=LARGE)
[LLMActionPlayer] API call took 587 ms (model=OPENROUTER size=LARGE)
[LLMActionPlayer] API call took 605 ms (model=OPENROUTER size=LARGE)
[LLMActionPlayer] API call took 569 ms (model=OPENROUTER size=LARGE)
[LLMActionPlayer] API call took 526 ms (model=OPENROUTER size=LARGE)
[WIN_GAME,LOSE_GAME,LOSE_GAME]
[LLMActionPlayer] API call took 182 ms (model=OPENROUTER size=LARGE)
[LLMActionPlayer] API call took 253 ms (model=OPENROUTER size=LARGE)
[LLMActionPlayer] API call took 187 ms (model=OPENROUTER size=LARGE)
[LLMActionPlayer] API call took 191 ms (model=OPENROUTER size=LARGE)
[LLMActionPlayer] API call took 156 ms (model=OPENROUTER size=LARGE)
[LLMActionPlayer] API call took 220 ms (model=OPENROUTER size=LARGE)
[LLMActionPlayer] API call took 395 ms (model=OPENROUTER size=LARGE)
[LLMActionPlayer] API call took 429 ms (model=OPENROUTER size=LARGE)
[LLMActionPlayer] API call took 184 ms (model=OPENROUTER size=LARGE)
[LLMActionPlayer] API call took 280 ms (model=OPENROUTER size=LARGE)
[LLMActionPlayer] API call took 340 ms (model=OPENROUTER size=LARGE)
[LLMActionPlayer] API call took 228 ms (model=OPENROUTER size=LARGE)
[LLMActionPlayer] API call took 219 ms (model=OPENROUTER size=LARGE)
[LLMActionPlayer] API call took 197 ms (model=OPENROUTER size=LARGE)
[LLMActionPlayer] API call took 536 ms (model=OPENROUTER size=LARGE)
[LLMActionPlayer] API call took 729 ms (model=OPENROUTER size=LARGE)
[LLMActionPlayer] API call took 313 ms (model=OPENROUTER size=LARGE)
[LLMActionPlayer] API call took 256 ms (model=OPENROUTER size=LARGE)
[LLMActionPlayer] API call took 570 ms (model=OPENROUTER size=LARGE)
[LLMActionPlayer] API call took 493 ms (model=OPENROUTER size=LARGE)
[LLMActionPlayer] API call took 581 ms (model=OPENROUTER size=LARGE)
[LLMActionPlayer] API call took 310 ms (model=OPENROUTER size=LARGE)
[LLMActionPlayer] API call took 183 ms (model=OPENROUTER size=LARGE)
[LLMActionPlayer] API call took 805 ms (model=OPENROUTER size=LARGE)
[LLMActionPlayer] API call took 655 ms (model=OPENROUTER size=LARGE)
[LLMActionPlayer] API call took 220 ms (model=OPENROUTER size=LARGE)
[LLMActionPlayer] API call took 601 ms (model=OPENROUTER size=LARGE)
[LLMActionPlayer] API call took 845 ms (model=OPENROUTER size=LARGE)
[LLMActionPlayer] API call took 694 ms (model=OPENROUTER size=LARGE)
[LLMActionPlayer] API call took 463 ms (model=OPENROUTER size=LARGE)
[LLMActionPlayer] API call took 368 ms (model=OPENROUTER size=LARGE)
[LLMActionPlayer] API call took 531 ms (model=OPENROUTER size=LARGE)
[LLMActionPlayer] API call took 180 ms (model=OPENROUTER size=LARGE)
[LLMActionPlayer] API call took 522 ms (model=OPENROUTER size=LARGE)
[LLMActionPlayer] API call took 460 ms (model=OPENROUTER size=LARGE)
[LLMActionPlayer] API call took 423 ms (model=OPENROUTER size=LARGE)
[LLMActionPlayer] API call took 195 ms (model=OPENROUTER size=LARGE)
[LLMActionPlayer] API call took 272 ms (model=OPENROUTER size=LARGE)
[LLMActionPlayer] API call took 535 ms (model=OPENROUTER size=LARGE)
[LLMActionPlayer] API call took 481 ms (model=OPENROUTER size=LARGE)
[LLMActionPlayer] API call took 217 ms (model=OPENROUTER size=LARGE)
[LLMActionPlayer] API call took 548 ms (model=OPENROUTER size=LARGE)
[LLMActionPlayer] API call took 549 ms (model=OPENROUTER size=LARGE)
[LLMActionPlayer] API call took 210 ms (model=OPENROUTER size=LARGE)
[LLMActionPlayer] API call took 375 ms (model=OPENROUTER size=LARGE)
[LLMActionPlayer] API call took 365 ms (model=OPENROUTER size=LARGE)
[LLMActionPlayer] API call took 367 ms (model=OPENROUTER size=LARGE)
[LLMActionPlayer] API call took 327 ms (model=OPENROUTER size=LARGE)
[WIN_GAME,LOSE_GAME,LOSE_GAME]
[LLMActionPlayer] API call took 326 ms (model=OPENROUTER size=LARGE)
[LLMActionPlayer] API call took 184 ms (model=OPENROUTER size=LARGE)
[LLMActionPlayer] API call took 392 ms (model=OPENROUTER size=LARGE)
[LLMActionPlayer] API call took 188 ms (model=OPENROUTER size=LARGE)
[LLMActionPlayer] API call took 329 ms (model=OPENROUTER size=LARGE)
[LLMActionPlayer] API call took 458 ms (model=OPENROUTER size=LARGE)
[LLMActionPlayer] API call took 212 ms (model=OPENROUTER size=LARGE)
[LLMActionPlayer] API call took 400 ms (model=OPENROUTER size=LARGE)
[LLMActionPlayer] API call took 397 ms (model=OPENROUTER size=LARGE)
[LLMActionPlayer] API call took 454 ms (model=OPENROUTER size=LARGE)
[LLMActionPlayer] API call took 2534 ms (model=OPENROUTER size=LARGE)
[LLMActionPlayer] API call took 172 ms (model=OPENROUTER size=LARGE)
[LLMActionPlayer] API call took 411 ms (model=OPENROUTER size=LARGE)
[LLMActionPlayer] API call took 197 ms (model=OPENROUTER size=LARGE)
[LLMActionPlayer] API call took 248 ms (model=OPENROUTER size=LARGE)
[LLMActionPlayer] API call took 215 ms (model=OPENROUTER size=LARGE)
[LLMActionPlayer] API call took 265 ms (model=OPENROUTER size=LARGE)
[LLMActionPlayer] API call took 234 ms (model=OPENROUTER size=LARGE)
[LLMActionPlayer] API call took 132 ms (model=OPENROUTER size=LARGE)
[LLMActionPlayer] API call took 514 ms (model=OPENROUTER size=LARGE)
[LLMActionPlayer] API call took 159 ms (model=OPENROUTER size=LARGE)
[LLMActionPlayer] API call took 580 ms (model=OPENROUTER size=LARGE)
[LLMActionPlayer] API call took 354 ms (model=OPENROUTER size=LARGE)
[LLMActionPlayer] API call took 250 ms (model=OPENROUTER size=LARGE)
[LLMActionPlayer] API call took 174 ms (model=OPENROUTER size=LARGE)
[LLMActionPlayer] API call took 214 ms (model=OPENROUTER size=LARGE)
[LLMActionPlayer] API call took 537 ms (model=OPENROUTER size=LARGE)
[LLMActionPlayer] API call took 407 ms (model=OPENROUTER size=LARGE)
[LLMActionPlayer] API call took 374 ms (model=OPENROUTER size=LARGE)
[LLMActionPlayer] API call took 419 ms (model=OPENROUTER size=LARGE)
[LLMActionPlayer] API call took 288 ms (model=OPENROUTER size=LARGE)
[LLMActionPlayer] API call took 172 ms (model=OPENROUTER size=LARGE)
[LLMActionPlayer] API call took 279 ms (model=OPENROUTER size=LARGE)
[LLMActionPlayer] API call took 2741 ms (model=OPENROUTER size=LARGE)
[LLMActionPlayer] API call took 594 ms (model=OPENROUTER size=LARGE)
[LLMActionPlayer] API call took 228 ms (model=OPENROUTER size=LARGE)
[LLMActionPlayer] API call took 174 ms (model=OPENROUTER size=LARGE)
[LLMActionPlayer] API call took 514 ms (model=OPENROUTER size=LARGE)
[LLMActionPlayer] API call took 590 ms (model=OPENROUTER size=LARGE)
[LLMActionPlayer] API call took 247 ms (model=OPENROUTER size=LARGE)
[LLMActionPlayer] API call took 504 ms (model=OPENROUTER size=LARGE)
[LOSE_GAME,LOSE_GAME,WIN_GAME]
[LLMActionPlayer] API call took 242 ms (model=OPENROUTER size=LARGE)
[LLMActionPlayer] API call took 181 ms (model=OPENROUTER size=LARGE)
[LLMActionPlayer] API call took 186 ms (model=OPENROUTER size=LARGE)
[LLMActionPlayer] API call took 405 ms (model=OPENROUTER size=LARGE)
[LLMActionPlayer] API call took 169 ms (model=OPENROUTER size=LARGE)
[LLMActionPlayer] API call took 161 ms (model=OPENROUTER size=LARGE)
[LLMActionPlayer] API call took 2772 ms (model=OPENROUTER size=LARGE)
[LLMActionPlayer] API call took 172 ms (model=OPENROUTER size=LARGE)
[LLMActionPlayer] API call took 393 ms (model=OPENROUTER size=LARGE)
[LLMActionPlayer] API call took 561 ms (model=OPENROUTER size=LARGE)
[LLMActionPlayer] API call took 192 ms (model=OPENROUTER size=LARGE)
[LLMActionPlayer] API call took 282 ms (model=OPENROUTER size=LARGE)
[LLMActionPlayer] API call took 508 ms (model=OPENROUTER size=LARGE)
[LLMActionPlayer] API call took 184 ms (model=OPENROUTER size=LARGE)
[LLMActionPlayer] API call took 353 ms (model=OPENROUTER size=LARGE)
[LLMActionPlayer] API call took 273 ms (model=OPENROUTER size=LARGE)
[LLMActionPlayer] API call took 407 ms (model=OPENROUTER size=LARGE)
[LLMActionPlayer] API call took 299 ms (model=OPENROUTER size=LARGE)
[LLMActionPlayer] API call took 209 ms (model=OPENROUTER size=LARGE)
[LLMActionPlayer] API call took 196 ms (model=OPENROUTER size=LARGE)
[LLMActionPlayer] API call took 341 ms (model=OPENROUTER size=LARGE)
[LLMActionPlayer] API call took 265 ms (model=OPENROUTER size=LARGE)
[LLMActionPlayer] API call took 218 ms (model=OPENROUTER size=LARGE)
[LLMActionPlayer] API call took 215 ms (model=OPENROUTER size=LARGE)
[LLMActionPlayer] API call took 643 ms (model=OPENROUTER size=LARGE)
[LLMActionPlayer] API call took 351 ms (model=OPENROUTER size=LARGE)
[LLMActionPlayer] API call took 176 ms (model=OPENROUTER size=LARGE)
[LLMActionPlayer] API call took 472 ms (model=OPENROUTER size=LARGE)
[LLMActionPlayer] API call took 252 ms (model=OPENROUTER size=LARGE)
[LLMActionPlayer] API call took 437 ms (model=OPENROUTER size=LARGE)
[LLMActionPlayer] API call took 395 ms (model=OPENROUTER size=LARGE)
[LLMActionPlayer] API call took 2728 ms (model=OPENROUTER size=LARGE)
[LLMActionPlayer] API call took 248 ms (model=OPENROUTER size=LARGE)
[LLMActionPlayer] API call took 209 ms (model=OPENROUTER size=LARGE)
[LLMActionPlayer] API call took 195 ms (model=OPENROUTER size=LARGE)
[LLMActionPlayer] API call took 267 ms (model=OPENROUTER size=LARGE)
[LLMActionPlayer] API call took 138 ms (model=OPENROUTER size=LARGE)
[LLMActionPlayer] API call took 406 ms (model=OPENROUTER size=LARGE)
[LLMActionPlayer] API call took 351 ms (model=OPENROUTER size=LARGE)
[LLMActionPlayer] API call took 413 ms (model=OPENROUTER size=LARGE)
[LLMActionPlayer] API call took 222 ms (model=OPENROUTER size=LARGE)
[LLMActionPlayer] API call took 392 ms (model=OPENROUTER size=LARGE)
[LLMActionPlayer] API call took 456 ms (model=OPENROUTER size=LARGE)
[LLMActionPlayer] API call took 211 ms (model=OPENROUTER size=LARGE)
[LLMActionPlayer] API call took 415 ms (model=OPENROUTER size=LARGE)
[LLMActionPlayer] API call took 559 ms (model=OPENROUTER size=LARGE)
[LLMActionPlayer] API call took 206 ms (model=OPENROUTER size=LARGE)
[LLMActionPlayer] API call took 178 ms (model=OPENROUTER size=LARGE)
[LLMActionPlayer] API call took 785 ms (model=OPENROUTER size=LARGE)
[LLMActionPlayer] API call took 3312 ms (model=OPENROUTER size=LARGE)
[LOSE_GAME,LOSE_GAME,WIN_GAME]
[LLMActionPlayer] API call took 161 ms (model=OPENROUTER size=LARGE)
[LLMActionPlayer] API call took 212 ms (model=OPENROUTER size=LARGE)
[LLMActionPlayer] API call took 363 ms (model=OPENROUTER size=LARGE)
[LLMActionPlayer] API call took 403 ms (model=OPENROUTER size=LARGE)
[LLMActionPlayer] API call took 375 ms (model=OPENROUTER size=LARGE)
[LLMActionPlayer] API call took 186 ms (model=OPENROUTER size=LARGE)
[LLMActionPlayer] API call took 295 ms (model=OPENROUTER size=LARGE)
[LLMActionPlayer] API call took 554 ms (model=OPENROUTER size=LARGE)
[LLMActionPlayer] API call took 172 ms (model=OPENROUTER size=LARGE)
[LLMActionPlayer] API call took 141 ms (model=OPENROUTER size=LARGE)
[LLMActionPlayer] API call took 263 ms (model=OPENROUTER size=LARGE)
[LLMActionPlayer] API call took 162 ms (model=OPENROUTER size=LARGE)
[LLMActionPlayer] API call took 501 ms (model=OPENROUTER size=LARGE)
[LLMActionPlayer] API call took 207 ms (model=OPENROUTER size=LARGE)
[LLMActionPlayer] API call took 922 ms (model=OPENROUTER size=LARGE)
[LLMActionPlayer] API call took 322 ms (model=OPENROUTER size=LARGE)
[LLMActionPlayer] API call took 213 ms (model=OPENROUTER size=LARGE)
[LLMActionPlayer] API call took 181 ms (model=OPENROUTER size=LARGE)
[LLMActionPlayer] API call took 210 ms (model=OPENROUTER size=LARGE)
[LLMActionPlayer] API call took 202 ms (model=OPENROUTER size=LARGE)
[LLMActionPlayer] API call took 183 ms (model=OPENROUTER size=LARGE)
[LLMActionPlayer] API call took 215 ms (model=OPENROUTER size=LARGE)
[LLMActionPlayer] API call took 239 ms (model=OPENROUTER size=LARGE)
[LLMActionPlayer] API call took 425 ms (model=OPENROUTER size=LARGE)
[LLMActionPlayer] API call took 564 ms (model=OPENROUTER size=LARGE)
[LLMActionPlayer] API call took 303 ms (model=OPENROUTER size=LARGE)
[LLMActionPlayer] API call took 317 ms (model=OPENROUTER size=LARGE)
[LLMActionPlayer] API call took 369 ms (model=OPENROUTER size=LARGE)
[LLMActionPlayer] API call took 478 ms (model=OPENROUTER size=LARGE)
[LLMActionPlayer] API call took 471 ms (model=OPENROUTER size=LARGE)
[LLMActionPlayer] API call took 434 ms (model=OPENROUTER size=LARGE)
[LLMActionPlayer] API call took 300 ms (model=OPENROUTER size=LARGE)
[LLMActionPlayer] API call took 382 ms (model=OPENROUTER size=LARGE)
[LLMActionPlayer] API call took 193 ms (model=OPENROUTER size=LARGE)
[LLMActionPlayer] API call took 491 ms (model=OPENROUTER size=LARGE)
[LLMActionPlayer] API call took 484 ms (model=OPENROUTER size=LARGE)
[LLMActionPlayer] API call took 241 ms (model=OPENROUTER size=LARGE)
[LLMActionPlayer] API call took 278 ms (model=OPENROUTER size=LARGE)
[LLMActionPlayer] API call took 202 ms (model=OPENROUTER size=LARGE)
[LLMActionPlayer] API call took 190 ms (model=OPENROUTER size=LARGE)
[LLMActionPlayer] API call took 398 ms (model=OPENROUTER size=LARGE)
[LLMActionPlayer] API call took 409 ms (model=OPENROUTER size=LARGE)
[LLMActionPlayer] API call took 230 ms (model=OPENROUTER size=LARGE)
[LLMActionPlayer] API call took 650 ms (model=OPENROUTER size=LARGE)
[LLMActionPlayer] API call took 569 ms (model=OPENROUTER size=LARGE)
[LLMActionPlayer] API call took 207 ms (model=OPENROUTER size=LARGE)
[LLMActionPlayer] API call took 211 ms (model=OPENROUTER size=LARGE)
[LOSE_GAME,WIN_GAME,LOSE_GAME]
[LLMActionPlayer] API call took 188 ms (model=OPENROUTER size=LARGE)
[LLMActionPlayer] API call took 258 ms (model=OPENROUTER size=LARGE)
[LLMActionPlayer] API call took 2776 ms (model=OPENROUTER size=LARGE)
[LLMActionPlayer] API call took 197 ms (model=OPENROUTER size=LARGE)
[LLMActionPlayer] API call took 346 ms (model=OPENROUTER size=LARGE)
[LLMActionPlayer] API call took 288 ms (model=OPENROUTER size=LARGE)
[LLMActionPlayer] API call took 284 ms (model=OPENROUTER size=LARGE)
[LLMActionPlayer] API call took 350 ms (model=OPENROUTER size=LARGE)
[LLMActionPlayer] API call took 200 ms (model=OPENROUTER size=LARGE)
[LLMActionPlayer] API call took 376 ms (model=OPENROUTER size=LARGE)
[LLMActionPlayer] API call took 294 ms (model=OPENROUTER size=LARGE)
[LLMActionPlayer] API call took 386 ms (model=OPENROUTER size=LARGE)
[LLMActionPlayer] API call took 201 ms (model=OPENROUTER size=LARGE)
[LLMActionPlayer] API call took 337 ms (model=OPENROUTER size=LARGE)
[LLMActionPlayer] API call took 411 ms (model=OPENROUTER size=LARGE)
[LLMActionPlayer] API call took 532 ms (model=OPENROUTER size=LARGE)
[LLMActionPlayer] API call took 490 ms (model=OPENROUTER size=LARGE)
[LLMActionPlayer] API call took 397 ms (model=OPENROUTER size=LARGE)
[LLMActionPlayer] API call took 197 ms (model=OPENROUTER size=LARGE)
[LLMActionPlayer] API call took 399 ms (model=OPENROUTER size=LARGE)
[LLMActionPlayer] API call took 373 ms (model=OPENROUTER size=LARGE)
[LLMActionPlayer] API call took 450 ms (model=OPENROUTER size=LARGE)
[LLMActionPlayer] API call took 294 ms (model=OPENROUTER size=LARGE)
[LLMActionPlayer] API call took 274 ms (model=OPENROUTER size=LARGE)
[LLMActionPlayer] API call took 581 ms (model=OPENROUTER size=LARGE)
[LLMActionPlayer] API call took 232 ms (model=OPENROUTER size=LARGE)
[LLMActionPlayer] API call took 380 ms (model=OPENROUTER size=LARGE)
[LLMActionPlayer] API call took 364 ms (model=OPENROUTER size=LARGE)
[LLMActionPlayer] API call took 577 ms (model=OPENROUTER size=LARGE)
[LLMActionPlayer] API call took 279 ms (model=OPENROUTER size=LARGE)
[LLMActionPlayer] API call took 3436 ms (model=OPENROUTER size=LARGE)
[LLMActionPlayer] API call took 308 ms (model=OPENROUTER size=LARGE)
[LLMActionPlayer] API call took 287 ms (model=OPENROUTER size=LARGE)
[LLMActionPlayer] API call took 657 ms (model=OPENROUTER size=LARGE)
[LLMActionPlayer] API call took 199 ms (model=OPENROUTER size=LARGE)
[LLMActionPlayer] API call took 247 ms (model=OPENROUTER size=LARGE)
[LLMActionPlayer] API call took 514 ms (model=OPENROUTER size=LARGE)
[LLMActionPlayer] API call took 717 ms (model=OPENROUTER size=LARGE)
[LLMActionPlayer] API call took 459 ms (model=OPENROUTER size=LARGE)
[LLMActionPlayer] API call took 187 ms (model=OPENROUTER size=LARGE)
[LLMActionPlayer] API call took 451 ms (model=OPENROUTER size=LARGE)
[LLMActionPlayer] API call took 456 ms (model=OPENROUTER size=LARGE)
[LLMActionPlayer] API call took 202 ms (model=OPENROUTER size=LARGE)
[LLMActionPlayer] API call took 448 ms (model=OPENROUTER size=LARGE)
[LLMActionPlayer] API call took 443 ms (model=OPENROUTER size=LARGE)
[LLMActionPlayer] API call took 221 ms (model=OPENROUTER size=LARGE)
[LLMActionPlayer] API call took 187 ms (model=OPENROUTER size=LARGE)
[LOSE_GAME,WIN_GAME,LOSE_GAME]
[LLMActionPlayer] API call took 131 ms (model=OPENROUTER size=LARGE)
[LLMActionPlayer] API call took 359 ms (model=OPENROUTER size=LARGE)
[LLMActionPlayer] API call took 405 ms (model=OPENROUTER size=LARGE)
[LLMActionPlayer] API call took 585 ms (model=OPENROUTER size=LARGE)
[LLMActionPlayer] API call took 251 ms (model=OPENROUTER size=LARGE)
[LLMActionPlayer] API call took 166 ms (model=OPENROUTER size=LARGE)
[LLMActionPlayer] API call took 344 ms (model=OPENROUTER size=LARGE)
[LLMActionPlayer] API call took 401 ms (model=OPENROUTER size=LARGE)
[LLMActionPlayer] API call took 191 ms (model=OPENROUTER size=LARGE)
[LLMActionPlayer] API call took 186 ms (model=OPENROUTER size=LARGE)
[LLMActionPlayer] API call took 326 ms (model=OPENROUTER size=LARGE)
[LLMActionPlayer] API call took 298 ms (model=OPENROUTER size=LARGE)
[LLMActionPlayer] API call took 215 ms (model=OPENROUTER size=LARGE)
[LLMActionPlayer] API call took 412 ms (model=OPENROUTER size=LARGE)
[LLMActionPlayer] API call took 473 ms (model=OPENROUTER size=LARGE)
[LLMActionPlayer] API call took 184 ms (model=OPENROUTER size=LARGE)
[LLMActionPlayer] API call took 370 ms (model=OPENROUTER size=LARGE)
[LLMActionPlayer] API call took 381 ms (model=OPENROUTER size=LARGE)
[LLMActionPlayer] API call took 182 ms (model=OPENROUTER size=LARGE)
[LLMActionPlayer] API call took 195 ms (model=OPENROUTER size=LARGE)
[LLMActionPlayer] API call took 460 ms (model=OPENROUTER size=LARGE)
[LLMActionPlayer] API call took 741 ms (model=OPENROUTER size=LARGE)
[LLMActionPlayer] API call took 289 ms (model=OPENROUTER size=LARGE)
[LLMActionPlayer] API call took 323 ms (model=OPENROUTER size=LARGE)
[LLMActionPlayer] API call took 358 ms (model=OPENROUTER size=LARGE)
[LLMActionPlayer] API call took 314 ms (model=OPENROUTER size=LARGE)
[LLMActionPlayer] API call took 306 ms (model=OPENROUTER size=LARGE)
[LLMActionPlayer] API call took 403 ms (model=OPENROUTER size=LARGE)
[LLMActionPlayer] API call took 398 ms (model=OPENROUTER size=LARGE)
[LLMActionPlayer] API call took 419 ms (model=OPENROUTER size=LARGE)
[LLMActionPlayer] API call took 341 ms (model=OPENROUTER size=LARGE)
[LLMActionPlayer] API call took 182 ms (model=OPENROUTER size=LARGE)
[LLMActionPlayer] API call took 149 ms (model=OPENROUTER size=LARGE)
[LLMActionPlayer] API call took 333 ms (model=OPENROUTER size=LARGE)
[LOSE_GAME,WIN_GAME,LOSE_GAME]
[LLMActionPlayer] API call took 342 ms (model=OPENROUTER size=LARGE)
[LLMActionPlayer] API call took 350 ms (model=OPENROUTER size=LARGE)
[LLMActionPlayer] API call took 219 ms (model=OPENROUTER size=LARGE)
[LLMActionPlayer] API call took 436 ms (model=OPENROUTER size=LARGE)
[LLMActionPlayer] API call took 425 ms (model=OPENROUTER size=LARGE)
[LLMActionPlayer] API call took 258 ms (model=OPENROUTER size=LARGE)
[LLMActionPlayer] API call took 226 ms (model=OPENROUTER size=LARGE)
[LLMActionPlayer] API call took 662 ms (model=OPENROUTER size=LARGE)
[LLMActionPlayer] API call took 481 ms (model=OPENROUTER size=LARGE)
[LLMActionPlayer] API call took 288 ms (model=OPENROUTER size=LARGE)
[LLMActionPlayer] API call took 433 ms (model=OPENROUTER size=LARGE)
[LLMActionPlayer] API call took 372 ms (model=OPENROUTER size=LARGE)
[LLMActionPlayer] API call took 163 ms (model=OPENROUTER size=LARGE)
[LLMActionPlayer] API call took 152 ms (model=OPENROUTER size=LARGE)
[LLMActionPlayer] API call took 199 ms (model=OPENROUTER size=LARGE)
[LLMActionPlayer] API call took 495 ms (model=OPENROUTER size=LARGE)
[LLMActionPlayer] API call took 197 ms (model=OPENROUTER size=LARGE)
[LLMActionPlayer] API call took 185 ms (model=OPENROUTER size=LARGE)
[LLMActionPlayer] API call took 295 ms (model=OPENROUTER size=LARGE)
[LLMActionPlayer] API call took 311 ms (model=OPENROUTER size=LARGE)
[LOSE_GAME,WIN_GAME,LOSE_GAME]
[LLMActionPlayer] API call took 173 ms (model=OPENROUTER size=LARGE)
[LLMActionPlayer] API call took 257 ms (model=OPENROUTER size=LARGE)
[LLMActionPlayer] API call took 194 ms (model=OPENROUTER size=LARGE)
[LLMActionPlayer] API call took 195 ms (model=OPENROUTER size=LARGE)
[LLMActionPlayer] API call took 319 ms (model=OPENROUTER size=LARGE)
[LLMActionPlayer] API call took 347 ms (model=OPENROUTER size=LARGE)
[LLMActionPlayer] API call took 463 ms (model=OPENROUTER size=LARGE)
[LLMActionPlayer] API call took 325 ms (model=OPENROUTER size=LARGE)
[LLMActionPlayer] API call took 312 ms (model=OPENROUTER size=LARGE)
[LLMActionPlayer] API call took 206 ms (model=OPENROUTER size=LARGE)
[LLMActionPlayer] API call took 391 ms (model=OPENROUTER size=LARGE)
[LLMActionPlayer] API call took 403 ms (model=OPENROUTER size=LARGE)
[LLMActionPlayer] API call took 325 ms (model=OPENROUTER size=LARGE)
[LLMActionPlayer] API call took 470 ms (model=OPENROUTER size=LARGE)
[LLMActionPlayer] API call took 360 ms (model=OPENROUTER size=LARGE)
[LLMActionPlayer] API call took 322 ms (model=OPENROUTER size=LARGE)
[LLMActionPlayer] API call took 354 ms (model=OPENROUTER size=LARGE)
[LLMActionPlayer] API call took 423 ms (model=OPENROUTER size=LARGE)
[LLMActionPlayer] API call took 370 ms (model=OPENROUTER size=LARGE)
[LLMActionPlayer] API call took 242 ms (model=OPENROUTER size=LARGE)
[LLMActionPlayer] API call took 197 ms (model=OPENROUTER size=LARGE)
[LLMActionPlayer] API call took 152 ms (model=OPENROUTER size=LARGE)
[LLMActionPlayer] API call took 682 ms (model=OPENROUTER size=LARGE)
[LLMActionPlayer] API call took 518 ms (model=OPENROUTER size=LARGE)
[LLMActionPlayer] API call took 805 ms (model=OPENROUTER size=LARGE)
[LLMActionPlayer] API call took 650 ms (model=OPENROUTER size=LARGE)
[LLMActionPlayer] API call took 667 ms (model=OPENROUTER size=LARGE)
[LLMActionPlayer] API call took 607 ms (model=OPENROUTER size=LARGE)
[LLMActionPlayer] API call took 262 ms (model=OPENROUTER size=LARGE)
[LLMActionPlayer] API call took 443 ms (model=OPENROUTER size=LARGE)
[LLMActionPlayer] API call took 586 ms (model=OPENROUTER size=LARGE)
[LLMActionPlayer] API call took 463 ms (model=OPENROUTER size=LARGE)
[LLMActionPlayer] API call took 500 ms (model=OPENROUTER size=LARGE)
[LLMActionPlayer] API call took 495 ms (model=OPENROUTER size=LARGE)
[LLMActionPlayer] API call took 439 ms (model=OPENROUTER size=LARGE)
[LLMActionPlayer] API call took 363 ms (model=OPENROUTER size=LARGE)
[LLMActionPlayer] API call took 807 ms (model=OPENROUTER size=LARGE)
[LLMActionPlayer] API call took 467 ms (model=OPENROUTER size=LARGE)
[LLMActionPlayer] API call took 165 ms (model=OPENROUTER size=LARGE)
[LLMActionPlayer] API call took 518 ms (model=OPENROUTER size=LARGE)
[LLMActionPlayer] API call took 276 ms (model=OPENROUTER size=LARGE)
[LLMActionPlayer] API call took 337 ms (model=OPENROUTER size=LARGE)
[LLMActionPlayer] API call took 529 ms (model=OPENROUTER size=LARGE)
[LLMActionPlayer] API call took 453 ms (model=OPENROUTER size=LARGE)
[LLMActionPlayer] API call took 150 ms (model=OPENROUTER size=LARGE)
[LLMActionPlayer] API call took 265 ms (model=OPENROUTER size=LARGE)
[LLMActionPlayer] API call took 391 ms (model=OPENROUTER size=LARGE)
[LLMActionPlayer] API call took 339 ms (model=OPENROUTER size=LARGE)
[LLMActionPlayer] API call took 483 ms (model=OPENROUTER size=LARGE)
[LLMActionPlayer] API call took 181 ms (model=OPENROUTER size=LARGE)
[LLMActionPlayer] API call took 180 ms (model=OPENROUTER size=LARGE)
[LLMActionPlayer] API call took 222 ms (model=OPENROUTER size=LARGE)
[LLMActionPlayer] API call took 355 ms (model=OPENROUTER size=LARGE)
[LLMActionPlayer] API call took 368 ms (model=OPENROUTER size=LARGE)
[LLMActionPlayer] API call took 499 ms (model=OPENROUTER size=LARGE)
[LLMActionPlayer] API call took 537 ms (model=OPENROUTER size=LARGE)
[LLMActionPlayer] API call took 498 ms (model=OPENROUTER size=LARGE)
[LLMActionPlayer] API call took 327 ms (model=OPENROUTER size=LARGE)
[LLMActionPlayer] API call took 347 ms (model=OPENROUTER size=LARGE)
[LLMActionPlayer] API call took 317 ms (model=OPENROUTER size=LARGE)
[LLMActionPlayer] API call took 187 ms (model=OPENROUTER size=LARGE)
[LLMActionPlayer] API call took 712 ms (model=OPENROUTER size=LARGE)
[LLMActionPlayer] API call took 352 ms (model=OPENROUTER size=LARGE)
[WIN_GAME,LOSE_GAME,LOSE_GAME]
[LLMActionPlayer] API call took 192 ms (model=OPENROUTER size=LARGE)
[LLMActionPlayer] API call took 221 ms (model=OPENROUTER size=LARGE)
[LLMActionPlayer] API call took 218 ms (model=OPENROUTER size=LARGE)
[LLMActionPlayer] API call took 725 ms (model=OPENROUTER size=LARGE)
[LLMActionPlayer] API call took 411 ms (model=OPENROUTER size=LARGE)
[LLMActionPlayer] API call took 193 ms (model=OPENROUTER size=LARGE)
[LLMActionPlayer] API call took 338 ms (model=OPENROUTER size=LARGE)
[LLMActionPlayer] API call took 242 ms (model=OPENROUTER size=LARGE)
[LLMActionPlayer] API call took 202 ms (model=OPENROUTER size=LARGE)
[LLMActionPlayer] API call took 200 ms (model=OPENROUTER size=LARGE)
[LLMActionPlayer] API call took 270 ms (model=OPENROUTER size=LARGE)
[LLMActionPlayer] API call took 200 ms (model=OPENROUTER size=LARGE)
[LLMActionPlayer] API call took 227 ms (model=OPENROUTER size=LARGE)
[LLMActionPlayer] API call took 195 ms (model=OPENROUTER size=LARGE)
[LLMActionPlayer] API call took 240 ms (model=OPENROUTER size=LARGE)
[LLMActionPlayer] API call took 188 ms (model=OPENROUTER size=LARGE)
[LLMActionPlayer] API call took 217 ms (model=OPENROUTER size=LARGE)
[LLMActionPlayer] API call took 366 ms (model=OPENROUTER size=LARGE)
[LLMActionPlayer] API call took 430 ms (model=OPENROUTER size=LARGE)
[LLMActionPlayer] API call took 159 ms (model=OPENROUTER size=LARGE)
[LLMActionPlayer] API call took 209 ms (model=OPENROUTER size=LARGE)
[LLMActionPlayer] API call took 198 ms (model=OPENROUTER size=LARGE)
[LLMActionPlayer] API call took 155 ms (model=OPENROUTER size=LARGE)
[WIN_GAME,LOSE_GAME,LOSE_GAME]
[LLMActionPlayer] API call took 201 ms (model=OPENROUTER size=LARGE)
[LLMActionPlayer] API call took 429 ms (model=OPENROUTER size=LARGE)
[LLMActionPlayer] API call took 212 ms (model=OPENROUTER size=LARGE)
[LLMActionPlayer] API call took 200 ms (model=OPENROUTER size=LARGE)
[LLMActionPlayer] API call took 212 ms (model=OPENROUTER size=LARGE)
[LLMActionPlayer] API call took 221 ms (model=OPENROUTER size=LARGE)
[LLMActionPlayer] API call took 183 ms (model=OPENROUTER size=LARGE)
[LLMActionPlayer] API call took 214 ms (model=OPENROUTER size=LARGE)
[LLMActionPlayer] API call took 387 ms (model=OPENROUTER size=LARGE)
[LLMActionPlayer] API call took 246 ms (model=OPENROUTER size=LARGE)
[LLMActionPlayer] API call took 567 ms (model=OPENROUTER size=LARGE)
[LLMActionPlayer] API call took 425 ms (model=OPENROUTER size=LARGE)
[LLMActionPlayer] API call took 329 ms (model=OPENROUTER size=LARGE)
[LLMActionPlayer] API call took 342 ms (model=OPENROUTER size=LARGE)
[LLMActionPlayer] API call took 329 ms (model=OPENROUTER size=LARGE)
[LLMActionPlayer] API call took 177 ms (model=OPENROUTER size=LARGE)
[LLMActionPlayer] API call took 385 ms (model=OPENROUTER size=LARGE)
[LLMActionPlayer] API call took 356 ms (model=OPENROUTER size=LARGE)
[LLMActionPlayer] API call took 495 ms (model=OPENROUTER size=LARGE)
[WIN_GAME,LOSE_GAME,LOSE_GAME]
[LLMActionPlayer] API call took 182 ms (model=OPENROUTER size=LARGE)
[LLMActionPlayer] API call took 211 ms (model=OPENROUTER size=LARGE)
[LLMActionPlayer] API call took 409 ms (model=OPENROUTER size=LARGE)
[LLMActionPlayer] API call took 252 ms (model=OPENROUTER size=LARGE)
[LLMActionPlayer] API call took 210 ms (model=OPENROUTER size=LARGE)
[LLMActionPlayer] API call took 512 ms (model=OPENROUTER size=LARGE)
[LLMActionPlayer] API call took 526 ms (model=OPENROUTER size=LARGE)
[LLMActionPlayer] API call took 320 ms (model=OPENROUTER size=LARGE)
[LLMActionPlayer] API call took 222 ms (model=OPENROUTER size=LARGE)
[LLMActionPlayer] API call took 264 ms (model=OPENROUTER size=LARGE)
[LLMActionPlayer] API call took 226 ms (model=OPENROUTER size=LARGE)
[LLMActionPlayer] API call took 243 ms (model=OPENROUTER size=LARGE)
[LLMActionPlayer] API call took 162 ms (model=OPENROUTER size=LARGE)
[LLMActionPlayer] API call took 188 ms (model=OPENROUTER size=LARGE)
[LLMActionPlayer] API call took 622 ms (model=OPENROUTER size=LARGE)
[LLMActionPlayer] API call took 339 ms (model=OPENROUTER size=LARGE)
[LLMActionPlayer] API call took 188 ms (model=OPENROUTER size=LARGE)
[LLMActionPlayer] API call took 469 ms (model=OPENROUTER size=LARGE)
[LLMActionPlayer] API call took 487 ms (model=OPENROUTER size=LARGE)
[LLMActionPlayer] API call took 420 ms (model=OPENROUTER size=LARGE)
[LLMActionPlayer] API call took 239 ms (model=OPENROUTER size=LARGE)
[LLMActionPlayer] API call took 573 ms (model=OPENROUTER size=LARGE)
[LLMActionPlayer] API call took 641 ms (model=OPENROUTER size=LARGE)
[LLMActionPlayer] API call took 387 ms (model=OPENROUTER size=LARGE)
[LLMActionPlayer] API call took 517 ms (model=OPENROUTER size=LARGE)
[LLMActionPlayer] API call took 296 ms (model=OPENROUTER size=LARGE)
[LLMActionPlayer] API call took 383 ms (model=OPENROUTER size=LARGE)
[LLMActionPlayer] API call took 429 ms (model=OPENROUTER size=LARGE)
[LLMActionPlayer] API call took 511 ms (model=OPENROUTER size=LARGE)
[LLMActionPlayer] API call took 333 ms (model=OPENROUTER size=LARGE)
[LLMActionPlayer] API call took 208 ms (model=OPENROUTER size=LARGE)
[LLMActionPlayer] API call took 465 ms (model=OPENROUTER size=LARGE)
[LLMActionPlayer] API call took 356 ms (model=OPENROUTER size=LARGE)
[LLMActionPlayer] API call took 231 ms (model=OPENROUTER size=LARGE)
[LLMActionPlayer] API call took 465 ms (model=OPENROUTER size=LARGE)
[LLMActionPlayer] API call took 232 ms (model=OPENROUTER size=LARGE)
[LLMActionPlayer] API call took 232 ms (model=OPENROUTER size=LARGE)
[LLMActionPlayer] API call took 226 ms (model=OPENROUTER size=LARGE)
[LLMActionPlayer] API call took 372 ms (model=OPENROUTER size=LARGE)
[LLMActionPlayer] API call took 323 ms (model=OPENROUTER size=LARGE)
[LLMActionPlayer] API call took 464 ms (model=OPENROUTER size=LARGE)
[LOSE_GAME,LOSE_GAME,WIN_GAME]
[LLMActionPlayer] API call took 178 ms (model=OPENROUTER size=LARGE)
[LLMActionPlayer] API call took 454 ms (model=OPENROUTER size=LARGE)
[LLMActionPlayer] API call took 193 ms (model=OPENROUTER size=LARGE)
[LLMActionPlayer] API call took 520 ms (model=OPENROUTER size=LARGE)
[LLMActionPlayer] API call took 205 ms (model=OPENROUTER size=LARGE)
[LLMActionPlayer] API call took 219 ms (model=OPENROUTER size=LARGE)
[LLMActionPlayer] API call took 199 ms (model=OPENROUTER size=LARGE)
[LLMActionPlayer] API call took 617 ms (model=OPENROUTER size=LARGE)
[LLMActionPlayer] API call took 352 ms (model=OPENROUTER size=LARGE)
[LLMActionPlayer] API call took 242 ms (model=OPENROUTER size=LARGE)
[LLMActionPlayer] API call took 373 ms (model=OPENROUTER size=LARGE)
[LLMActionPlayer] API call took 282 ms (model=OPENROUTER size=LARGE)
[LLMActionPlayer] API call took 401 ms (model=OPENROUTER size=LARGE)
[LLMActionPlayer] API call took 453 ms (model=OPENROUTER size=LARGE)
[LLMActionPlayer] API call took 452 ms (model=OPENROUTER size=LARGE)
[LLMActionPlayer] API call took 451 ms (model=OPENROUTER size=LARGE)
[LLMActionPlayer] API call took 205 ms (model=OPENROUTER size=LARGE)
[LLMActionPlayer] API call took 479 ms (model=OPENROUTER size=LARGE)
[LLMActionPlayer] API call took 394 ms (model=OPENROUTER size=LARGE)
[LLMActionPlayer] API call took 568 ms (model=OPENROUTER size=LARGE)
[LLMActionPlayer] API call took 607 ms (model=OPENROUTER size=LARGE)
[LLMActionPlayer] API call took 560 ms (model=OPENROUTER size=LARGE)
[LLMActionPlayer] API call took 599 ms (model=OPENROUTER size=LARGE)
[LOSE_GAME,LOSE_GAME,WIN_GAME]
[LLMActionPlayer] API call took 207 ms (model=OPENROUTER size=LARGE)
[LLMActionPlayer] API call took 256 ms (model=OPENROUTER size=LARGE)
[LLMActionPlayer] API call took 474 ms (model=OPENROUTER size=LARGE)
[LLMActionPlayer] API call took 192 ms (model=OPENROUTER size=LARGE)
[LLMActionPlayer] API call took 568 ms (model=OPENROUTER size=LARGE)
[LLMActionPlayer] API call took 205 ms (model=OPENROUTER size=LARGE)
[LLMActionPlayer] API call took 443 ms (model=OPENROUTER size=LARGE)
[LLMActionPlayer] API call took 641 ms (model=OPENROUTER size=LARGE)
[LLMActionPlayer] API call took 658 ms (model=OPENROUTER size=LARGE)
[LLMActionPlayer] API call took 161 ms (model=OPENROUTER size=LARGE)
[LLMActionPlayer] API call took 606 ms (model=OPENROUTER size=LARGE)
[LLMActionPlayer] API call took 346 ms (model=OPENROUTER size=LARGE)
[LLMActionPlayer] API call took 801 ms (model=OPENROUTER size=LARGE)
[LLMActionPlayer] API call took 415 ms (model=OPENROUTER size=LARGE)
[LLMActionPlayer] API call took 378 ms (model=OPENROUTER size=LARGE)
[LLMActionPlayer] API call took 491 ms (model=OPENROUTER size=LARGE)
[LLMActionPlayer] API call took 357 ms (model=OPENROUTER size=LARGE)
[LLMActionPlayer] API call took 365 ms (model=OPENROUTER size=LARGE)
[LLMActionPlayer] API call took 303 ms (model=OPENROUTER size=LARGE)
[LLMActionPlayer] API call took 347 ms (model=OPENROUTER size=LARGE)
[LLMActionPlayer] API call took 316 ms (model=OPENROUTER size=LARGE)
[LLMActionPlayer] API call took 484 ms (model=OPENROUTER size=LARGE)
[LLMActionPlayer] API call took 213 ms (model=OPENROUTER size=LARGE)
[LLMActionPlayer] API call took 471 ms (model=OPENROUTER size=LARGE)
[LLMActionPlayer] API call took 391 ms (model=OPENROUTER size=LARGE)
[LLMActionPlayer] API call took 192 ms (model=OPENROUTER size=LARGE)
[LLMActionPlayer] API call took 376 ms (model=OPENROUTER size=LARGE)
[LLMActionPlayer] API call took 209 ms (model=OPENROUTER size=LARGE)
[LLMActionPlayer] API call took 191 ms (model=OPENROUTER size=LARGE)
[LLMActionPlayer] API call took 568 ms (model=OPENROUTER size=LARGE)
[LLMActionPlayer] API call took 465 ms (model=OPENROUTER size=LARGE)
[LLMActionPlayer] API call took 535 ms (model=OPENROUTER size=LARGE)
[LLMActionPlayer] API call took 185 ms (model=OPENROUTER size=LARGE)
[LLMActionPlayer] API call took 170 ms (model=OPENROUTER size=LARGE)
[LLMActionPlayer] API call took 382 ms (model=OPENROUTER size=LARGE)
[LLMActionPlayer] API call took 218 ms (model=OPENROUTER size=LARGE)
[LLMActionPlayer] API call took 848 ms (model=OPENROUTER size=LARGE)
[LLMActionPlayer] API call took 408 ms (model=OPENROUTER size=LARGE)
[WIN_GAME,LOSE_GAME,LOSE_GAME]
[LLMActionPlayer] API call took 616 ms (model=OPENROUTER size=LARGE)
[LLMActionPlayer] API call took 186 ms (model=OPENROUTER size=LARGE)
[LLMActionPlayer] API call took 235 ms (model=OPENROUTER size=LARGE)
[LLMActionPlayer] API call took 324 ms (model=OPENROUTER size=LARGE)
[LLMActionPlayer] API call took 284 ms (model=OPENROUTER size=LARGE)
[LLMActionPlayer] API call took 210 ms (model=OPENROUTER size=LARGE)
[LLMActionPlayer] API call took 375 ms (model=OPENROUTER size=LARGE)
[LLMActionPlayer] API call took 419 ms (model=OPENROUTER size=LARGE)
[LLMActionPlayer] API call took 199 ms (model=OPENROUTER size=LARGE)
[LLMActionPlayer] API call took 424 ms (model=OPENROUTER size=LARGE)
[LLMActionPlayer] API call took 649 ms (model=OPENROUTER size=LARGE)
[LLMActionPlayer] API call took 187 ms (model=OPENROUTER size=LARGE)
[LLMActionPlayer] API call took 172 ms (model=OPENROUTER size=LARGE)
[LLMActionPlayer] API call took 444 ms (model=OPENROUTER size=LARGE)
[LLMActionPlayer] API call took 337 ms (model=OPENROUTER size=LARGE)
[LLMActionPlayer] API call took 215 ms (model=OPENROUTER size=LARGE)
[LLMActionPlayer] API call took 142 ms (model=OPENROUTER size=LARGE)
[LLMActionPlayer] API call took 674 ms (model=OPENROUTER size=LARGE)
[LLMActionPlayer] API call took 654 ms (model=OPENROUTER size=LARGE)
[LLMActionPlayer] API call took 233 ms (model=OPENROUTER size=LARGE)
[LLMActionPlayer] API call took 217 ms (model=OPENROUTER size=LARGE)
[LLMActionPlayer] API call took 149 ms (model=OPENROUTER size=LARGE)
[LLMActionPlayer] API call took 356 ms (model=OPENROUTER size=LARGE)
[LLMActionPlayer] API call took 479 ms (model=OPENROUTER size=LARGE)
[LLMActionPlayer] API call took 223 ms (model=OPENROUTER size=LARGE)
[LLMActionPlayer] API call took 386 ms (model=OPENROUTER size=LARGE)
[LLMActionPlayer] API call took 321 ms (model=OPENROUTER size=LARGE)
[LLMActionPlayer] API call took 402 ms (model=OPENROUTER size=LARGE)
[LLMActionPlayer] API call took 393 ms (model=OPENROUTER size=LARGE)
[LLMActionPlayer] API call took 285 ms (model=OPENROUTER size=LARGE)
[LLMActionPlayer] API call took 231 ms (model=OPENROUTER size=LARGE)
[LLMActionPlayer] API call took 1415 ms (model=OPENROUTER size=LARGE)
[LLMActionPlayer] API call took 307 ms (model=OPENROUTER size=LARGE)
[LLMActionPlayer] API call took 246 ms (model=OPENROUTER size=LARGE)
[LLMActionPlayer] API call took 246 ms (model=OPENROUTER size=LARGE)
[LLMActionPlayer] API call took 387 ms (model=OPENROUTER size=LARGE)
[LLMActionPlayer] API call took 542 ms (model=OPENROUTER size=LARGE)
[LLMActionPlayer] API call took 307 ms (model=OPENROUTER size=LARGE)
[LLMActionPlayer] API call took 534 ms (model=OPENROUTER size=LARGE)
[LLMActionPlayer] API call took 607 ms (model=OPENROUTER size=LARGE)
[WIN_GAME,LOSE_GAME,LOSE_GAME]
[LLMActionPlayer] API call took 982 ms (model=OPENROUTER size=LARGE)
[LLMActionPlayer] API call took 186 ms (model=OPENROUTER size=LARGE)
[LLMActionPlayer] API call took 282 ms (model=OPENROUTER size=LARGE)
[LLMActionPlayer] API call took 206 ms (model=OPENROUTER size=LARGE)
[LLMActionPlayer] API call took 204 ms (model=OPENROUTER size=LARGE)
[LLMActionPlayer] API call took 455 ms (model=OPENROUTER size=LARGE)
[LLMActionPlayer] API call took 210 ms (model=OPENROUTER size=LARGE)
[LLMActionPlayer] API call took 462 ms (model=OPENROUTER size=LARGE)
[LLMActionPlayer] API call took 300 ms (model=OPENROUTER size=LARGE)
[LLMActionPlayer] API call took 1056 ms (model=OPENROUTER size=LARGE)
[LLMActionPlayer] API call took 879 ms (model=OPENROUTER size=LARGE)
[LLMActionPlayer] API call took 460 ms (model=OPENROUTER size=LARGE)
[LLMActionPlayer] API call took 616 ms (model=OPENROUTER size=LARGE)
[LLMActionPlayer] API call took 967 ms (model=OPENROUTER size=LARGE)
[LLMActionPlayer] API call took 429 ms (model=OPENROUTER size=LARGE)
[LLMActionPlayer] API call took 176 ms (model=OPENROUTER size=LARGE)
[LLMActionPlayer] API call took 279 ms (model=OPENROUTER size=LARGE)
[LLMActionPlayer] API call took 203 ms (model=OPENROUTER size=LARGE)
[LLMActionPlayer] API call took 173 ms (model=OPENROUTER size=LARGE)
[LLMActionPlayer] API call took 567 ms (model=OPENROUTER size=LARGE)
[LLMActionPlayer] API call took 312 ms (model=OPENROUTER size=LARGE)
[LLMActionPlayer] API call took 345 ms (model=OPENROUTER size=LARGE)
[LLMActionPlayer] API call took 252 ms (model=OPENROUTER size=LARGE)
[LLMActionPlayer] API call took 268 ms (model=OPENROUTER size=LARGE)
[LLMActionPlayer] API call took 393 ms (model=OPENROUTER size=LARGE)
[LLMActionPlayer] API call took 356 ms (model=OPENROUTER size=LARGE)
[LLMActionPlayer] API call took 173 ms (model=OPENROUTER size=LARGE)
[LLMActionPlayer] API call took 348 ms (model=OPENROUTER size=LARGE)
[LLMActionPlayer] API call took 360 ms (model=OPENROUTER size=LARGE)
[WIN_GAME,LOSE_GAME,LOSE_GAME]
[LLMActionPlayer] API call took 280 ms (model=OPENROUTER size=LARGE)
[LLMActionPlayer] API call took 983 ms (model=OPENROUTER size=LARGE)
[LLMActionPlayer] API call took 437 ms (model=OPENROUTER size=LARGE)
[LLMActionPlayer] API call took 203 ms (model=OPENROUTER size=LARGE)
[LLMActionPlayer] API call took 206 ms (model=OPENROUTER size=LARGE)
[LLMActionPlayer] API call took 519 ms (model=OPENROUTER size=LARGE)
[LLMActionPlayer] API call took 307 ms (model=OPENROUTER size=LARGE)
[LLMActionPlayer] API call took 278 ms (model=OPENROUTER size=LARGE)
[LLMActionPlayer] API call took 429 ms (model=OPENROUTER size=LARGE)
[LLMActionPlayer] API call took 164 ms (model=OPENROUTER size=LARGE)
[LLMActionPlayer] API call took 193 ms (model=OPENROUTER size=LARGE)
[LLMActionPlayer] API call took 341 ms (model=OPENROUTER size=LARGE)
[LLMActionPlayer] API call took 302 ms (model=OPENROUTER size=LARGE)
[LLMActionPlayer] API call took 449 ms (model=OPENROUTER size=LARGE)
[LLMActionPlayer] API call took 210 ms (model=OPENROUTER size=LARGE)
[LLMActionPlayer] API call took 521 ms (model=OPENROUTER size=LARGE)
[LLMActionPlayer] API call took 209 ms (model=OPENROUTER size=LARGE)
[LLMActionPlayer] API call took 184 ms (model=OPENROUTER size=LARGE)
[LLMActionPlayer] API call took 237 ms (model=OPENROUTER size=LARGE)
[LLMActionPlayer] API call took 329 ms (model=OPENROUTER size=LARGE)
[LLMActionPlayer] API call took 423 ms (model=OPENROUTER size=LARGE)
[LLMActionPlayer] API call took 220 ms (model=OPENROUTER size=LARGE)
[LLMActionPlayer] API call took 212 ms (model=OPENROUTER size=LARGE)
[LLMActionPlayer] API call took 372 ms (model=OPENROUTER size=LARGE)
[LLMActionPlayer] API call took 516 ms (model=OPENROUTER size=LARGE)
[LLMActionPlayer] API call took 258 ms (model=OPENROUTER size=LARGE)
[LLMActionPlayer] API call took 427 ms (model=OPENROUTER size=LARGE)
[LLMActionPlayer] API call took 203 ms (model=OPENROUTER size=LARGE)
[LLMActionPlayer] API call took 303 ms (model=OPENROUTER size=LARGE)
[LLMActionPlayer] API call took 212 ms (model=OPENROUTER size=LARGE)
[LLMActionPlayer] API call took 178 ms (model=OPENROUTER size=LARGE)
[LLMActionPlayer] API call took 470 ms (model=OPENROUTER size=LARGE)
[LLMActionPlayer] API call took 406 ms (model=OPENROUTER size=LARGE)
[LLMActionPlayer] API call took 213 ms (model=OPENROUTER size=LARGE)
[LLMActionPlayer] API call took 225 ms (model=OPENROUTER size=LARGE)
[LLMActionPlayer] API call took 505 ms (model=OPENROUTER size=LARGE)
[LLMActionPlayer] API call took 543 ms (model=OPENROUTER size=LARGE)
[LLMActionPlayer] API call took 201 ms (model=OPENROUTER size=LARGE)
[LLMActionPlayer] API call took 308 ms (model=OPENROUTER size=LARGE)
[LLMActionPlayer] API call took 690 ms (model=OPENROUTER size=LARGE)
[LLMActionPlayer] API call took 701 ms (model=OPENROUTER size=LARGE)
[LOSE_GAME,LOSE_GAME,WIN_GAME]
[LLMActionPlayer] API call took 181 ms (model=OPENROUTER size=LARGE)
[LLMActionPlayer] API call took 214 ms (model=OPENROUTER size=LARGE)
[LLMActionPlayer] API call took 412 ms (model=OPENROUTER size=LARGE)
[LLMActionPlayer] API call took 224 ms (model=OPENROUTER size=LARGE)
[LLMActionPlayer] API call took 413 ms (model=OPENROUTER size=LARGE)
[LLMActionPlayer] API call took 310 ms (model=OPENROUTER size=LARGE)
[LLMActionPlayer] API call took 194 ms (model=OPENROUTER size=LARGE)
[LLMActionPlayer] API call took 366 ms (model=OPENROUTER size=LARGE)
[LLMActionPlayer] API call took 357 ms (model=OPENROUTER size=LARGE)
[LLMActionPlayer] API call took 213 ms (model=OPENROUTER size=LARGE)
[LLMActionPlayer] API call took 232 ms (model=OPENROUTER size=LARGE)
[LLMActionPlayer] API call took 521 ms (model=OPENROUTER size=LARGE)
[LLMActionPlayer] API call took 591 ms (model=OPENROUTER size=LARGE)
[LLMActionPlayer] API call took 264 ms (model=OPENROUTER size=LARGE)
[LLMActionPlayer] API call took 674 ms (model=OPENROUTER size=LARGE)
[LLMActionPlayer] API call took 375 ms (model=OPENROUTER size=LARGE)
[LLMActionPlayer] API call took 621 ms (model=OPENROUTER size=LARGE)
[LLMActionPlayer] API call took 158 ms (model=OPENROUTER size=LARGE)
[LLMActionPlayer] API call took 493 ms (model=OPENROUTER size=LARGE)
[LLMActionPlayer] API call took 450 ms (model=OPENROUTER size=LARGE)
[LLMActionPlayer] API call took 487 ms (model=OPENROUTER size=LARGE)
[LLMActionPlayer] API call took 464 ms (model=OPENROUTER size=LARGE)
[LLMActionPlayer] API call took 478 ms (model=OPENROUTER size=LARGE)
[LLMActionPlayer] API call took 494 ms (model=OPENROUTER size=LARGE)
[LLMActionPlayer] API call took 697 ms (model=OPENROUTER size=LARGE)
[LOSE_GAME,LOSE_GAME,WIN_GAME]
[LLMActionPlayer] API call took 213 ms (model=OPENROUTER size=LARGE)
[LLMActionPlayer] API call took 154 ms (model=OPENROUTER size=LARGE)
[LLMActionPlayer] API call took 135 ms (model=OPENROUTER size=LARGE)
[LLMActionPlayer] API call took 398 ms (model=OPENROUTER size=LARGE)
[LLMActionPlayer] API call took 563 ms (model=OPENROUTER size=LARGE)
[LLMActionPlayer] API call took 174 ms (model=OPENROUTER size=LARGE)
[LLMActionPlayer] API call took 458 ms (model=OPENROUTER size=LARGE)
[LLMActionPlayer] API call took 393 ms (model=OPENROUTER size=LARGE)
[LLMActionPlayer] API call took 274 ms (model=OPENROUTER size=LARGE)
[LLMActionPlayer] API call took 383 ms (model=OPENROUTER size=LARGE)
[LLMActionPlayer] API call took 348 ms (model=OPENROUTER size=LARGE)
[LLMActionPlayer] API call took 179 ms (model=OPENROUTER size=LARGE)
[LLMActionPlayer] API call took 313 ms (model=OPENROUTER size=LARGE)
[LLMActionPlayer] API call took 165 ms (model=OPENROUTER size=LARGE)
[LLMActionPlayer] API call took 414 ms (model=OPENROUTER size=LARGE)
[LLMActionPlayer] API call took 188 ms (model=OPENROUTER size=LARGE)
[LLMActionPlayer] API call took 287 ms (model=OPENROUTER size=LARGE)
[LLMActionPlayer] API call took 248 ms (model=OPENROUTER size=LARGE)
[LLMActionPlayer] API call took 338 ms (model=OPENROUTER size=LARGE)
[LLMActionPlayer] API call took 380 ms (model=OPENROUTER size=LARGE)
[LLMActionPlayer] API call took 210 ms (model=OPENROUTER size=LARGE)
[WIN_GAME,LOSE_GAME,LOSE_GAME]
[LLMActionPlayer] API call took 284 ms (model=OPENROUTER size=LARGE)
[LLMActionPlayer] API call took 213 ms (model=OPENROUTER size=LARGE)
[LLMActionPlayer] API call took 350 ms (model=OPENROUTER size=LARGE)
[LLMActionPlayer] API call took 206 ms (model=OPENROUTER size=LARGE)
[LLMActionPlayer] API call took 394 ms (model=OPENROUTER size=LARGE)
[LLMActionPlayer] API call took 202 ms (model=OPENROUTER size=LARGE)
[LLMActionPlayer] API call took 174 ms (model=OPENROUTER size=LARGE)
[LLMActionPlayer] API call took 158 ms (model=OPENROUTER size=LARGE)
[LLMActionPlayer] API call took 573 ms (model=OPENROUTER size=LARGE)
[LLMActionPlayer] API call took 286 ms (model=OPENROUTER size=LARGE)
[LLMActionPlayer] API call took 244 ms (model=OPENROUTER size=LARGE)
[LLMActionPlayer] API call took 2846 ms (model=OPENROUTER size=LARGE)
[LLMActionPlayer] API call took 346 ms (model=OPENROUTER size=LARGE)
[LLMActionPlayer] API call took 152 ms (model=OPENROUTER size=LARGE)
[LLMActionPlayer] API call took 193 ms (model=OPENROUTER size=LARGE)
[LLMActionPlayer] API call took 206 ms (model=OPENROUTER size=LARGE)
[LLMActionPlayer] API call took 192 ms (model=OPENROUTER size=LARGE)
[LLMActionPlayer] API call took 204 ms (model=OPENROUTER size=LARGE)
[LLMActionPlayer] API call took 179 ms (model=OPENROUTER size=LARGE)
[LLMActionPlayer] API call took 353 ms (model=OPENROUTER size=LARGE)
[LLMActionPlayer] API call took 295 ms (model=OPENROUTER size=LARGE)
[LLMActionPlayer] API call took 218 ms (model=OPENROUTER size=LARGE)
[LLMActionPlayer] API call took 322 ms (model=OPENROUTER size=LARGE)
[WIN_GAME,LOSE_GAME,LOSE_GAME]
[Catan_2,PhaseBasedEnsemblePlayer,Catan_1]
[LLMActionPlayer] API call took 456 ms (model=OPENROUTER size=LARGE)
[LLMActionPlayer] API call took 169 ms (model=OPENROUTER size=LARGE)
[LLMActionPlayer] API call took 359 ms (model=OPENROUTER size=LARGE)
[LLMActionPlayer] API call took 358 ms (model=OPENROUTER size=LARGE)
[LLMActionPlayer] API call took 351 ms (model=OPENROUTER size=LARGE)
[LLMActionPlayer] API call took 395 ms (model=OPENROUTER size=LARGE)
[LLMActionPlayer] API call took 235 ms (model=OPENROUTER size=LARGE)
[LLMActionPlayer] API call took 153 ms (model=OPENROUTER size=LARGE)
[LLMActionPlayer] API call took 454 ms (model=OPENROUTER size=LARGE)
[LLMActionPlayer] API call took 349 ms (model=OPENROUTER size=LARGE)
[LLMActionPlayer] API call took 359 ms (model=OPENROUTER size=LARGE)
[LLMActionPlayer] API call took 199 ms (model=OPENROUTER size=LARGE)
[LLMActionPlayer] API call took 520 ms (model=OPENROUTER size=LARGE)
[LLMActionPlayer] API call took 612 ms (model=OPENROUTER size=LARGE)
[LLMActionPlayer] API call took 168 ms (model=OPENROUTER size=LARGE)
[LLMActionPlayer] API call took 151 ms (model=OPENROUTER size=LARGE)
[LLMActionPlayer] API call took 154 ms (model=OPENROUTER size=LARGE)
[LLMActionPlayer] API call took 352 ms (model=OPENROUTER size=LARGE)
[LLMActionPlayer] API call took 383 ms (model=OPENROUTER size=LARGE)
[LLMActionPlayer] API call took 330 ms (model=OPENROUTER size=LARGE)
[LLMActionPlayer] API call took 589 ms (model=OPENROUTER size=LARGE)
[LLMActionPlayer] API call took 259 ms (model=OPENROUTER size=LARGE)
[LLMActionPlayer] API call took 312 ms (model=OPENROUTER size=LARGE)
[LLMActionPlayer] API call took 246 ms (model=OPENROUTER size=LARGE)
[WIN_GAME,LOSE_GAME,LOSE_GAME]
[LLMActionPlayer] API call took 270 ms (model=OPENROUTER size=LARGE)
[LLMActionPlayer] API call took 225 ms (model=OPENROUTER size=LARGE)
[LLMActionPlayer] API call took 415 ms (model=OPENROUTER size=LARGE)
[LLMActionPlayer] API call took 361 ms (model=OPENROUTER size=LARGE)
[LLMActionPlayer] API call took 397 ms (model=OPENROUTER size=LARGE)
[LLMActionPlayer] API call took 427 ms (model=OPENROUTER size=LARGE)
[LLMActionPlayer] API call took 391 ms (model=OPENROUTER size=LARGE)
[LLMActionPlayer] API call took 434 ms (model=OPENROUTER size=LARGE)
[LLMActionPlayer] API call took 173 ms (model=OPENROUTER size=LARGE)
[LLMActionPlayer] API call took 399 ms (model=OPENROUTER size=LARGE)
[LLMActionPlayer] API call took 455 ms (model=OPENROUTER size=LARGE)
[LLMActionPlayer] API call took 330 ms (model=OPENROUTER size=LARGE)
[LLMActionPlayer] API call took 366 ms (model=OPENROUTER size=LARGE)
[LLMActionPlayer] API call took 486 ms (model=OPENROUTER size=LARGE)
[LLMActionPlayer] API call took 469 ms (model=OPENROUTER size=LARGE)
[LLMActionPlayer] API call took 604 ms (model=OPENROUTER size=LARGE)
[LLMActionPlayer] API call took 505 ms (model=OPENROUTER size=LARGE)
[LLMActionPlayer] API call took 513 ms (model=OPENROUTER size=LARGE)
[LLMActionPlayer] API call took 607 ms (model=OPENROUTER size=LARGE)
[LLMActionPlayer] API call took 743 ms (model=OPENROUTER size=LARGE)
[LLMActionPlayer] API call took 187 ms (model=OPENROUTER size=LARGE)
[LLMActionPlayer] API call took 529 ms (model=OPENROUTER size=LARGE)
[LLMActionPlayer] API call took 422 ms (model=OPENROUTER size=LARGE)
[LLMActionPlayer] API call took 431 ms (model=OPENROUTER size=LARGE)
[LLMActionPlayer] API call took 183 ms (model=OPENROUTER size=LARGE)
[LLMActionPlayer] API call took 494 ms (model=OPENROUTER size=LARGE)
[LLMActionPlayer] API call took 440 ms (model=OPENROUTER size=LARGE)
[LLMActionPlayer] API call took 657 ms (model=OPENROUTER size=LARGE)
[LLMActionPlayer] API call took 538 ms (model=OPENROUTER size=LARGE)
[LLMActionPlayer] API call took 345 ms (model=OPENROUTER size=LARGE)
[LLMActionPlayer] API call took 351 ms (model=OPENROUTER size=LARGE)
[LOSE_GAME,WIN_GAME,LOSE_GAME]
[LLMActionPlayer] API call took 187 ms (model=OPENROUTER size=LARGE)
[LLMActionPlayer] API call took 166 ms (model=OPENROUTER size=LARGE)
[LLMActionPlayer] API call took 210 ms (model=OPENROUTER size=LARGE)
[LLMActionPlayer] API call took 144 ms (model=OPENROUTER size=LARGE)
[LLMActionPlayer] API call took 248 ms (model=OPENROUTER size=LARGE)
[LLMActionPlayer] API call took 173 ms (model=OPENROUTER size=LARGE)
[LLMActionPlayer] API call took 440 ms (model=OPENROUTER size=LARGE)
[LLMActionPlayer] API call took 349 ms (model=OPENROUTER size=LARGE)
[LLMActionPlayer] API call took 420 ms (model=OPENROUTER size=LARGE)
[LLMActionPlayer] API call took 441 ms (model=OPENROUTER size=LARGE)
[LLMActionPlayer] API call took 689 ms (model=OPENROUTER size=LARGE)
[LLMActionPlayer] API call took 373 ms (model=OPENROUTER size=LARGE)
[LLMActionPlayer] API call took 408 ms (model=OPENROUTER size=LARGE)
[LLMActionPlayer] API call took 422 ms (model=OPENROUTER size=LARGE)
[LLMActionPlayer] API call took 433 ms (model=OPENROUTER size=LARGE)
[LLMActionPlayer] API call took 383 ms (model=OPENROUTER size=LARGE)
[LLMActionPlayer] API call took 558 ms (model=OPENROUTER size=LARGE)
[LLMActionPlayer] API call took 253 ms (model=OPENROUTER size=LARGE)
[LLMActionPlayer] API call took 359 ms (model=OPENROUTER size=LARGE)
[LLMActionPlayer] API call took 353 ms (model=OPENROUTER size=LARGE)
[LLMActionPlayer] API call took 186 ms (model=OPENROUTER size=LARGE)
[LLMActionPlayer] API call took 234 ms (model=OPENROUTER size=LARGE)
[LLMActionPlayer] API call took 200 ms (model=OPENROUTER size=LARGE)
[LLMActionPlayer] API call took 261 ms (model=OPENROUTER size=LARGE)
[LLMActionPlayer] API call took 423 ms (model=OPENROUTER size=LARGE)
[LLMActionPlayer] API call took 219 ms (model=OPENROUTER size=LARGE)
[LLMActionPlayer] API call took 191 ms (model=OPENROUTER size=LARGE)
[LLMActionPlayer] API call took 504 ms (model=OPENROUTER size=LARGE)
[LLMActionPlayer] API call took 692 ms (model=OPENROUTER size=LARGE)
[LLMActionPlayer] API call took 475 ms (model=OPENROUTER size=LARGE)
[LLMActionPlayer] API call took 233 ms (model=OPENROUTER size=LARGE)
[LLMActionPlayer] API call took 419 ms (model=OPENROUTER size=LARGE)
[LLMActionPlayer] API call took 500 ms (model=OPENROUTER size=LARGE)
[LLMActionPlayer] API call took 390 ms (model=OPENROUTER size=LARGE)
[LLMActionPlayer] API call took 290 ms (model=OPENROUTER size=LARGE)
[LLMActionPlayer] API call took 456 ms (model=OPENROUTER size=LARGE)
[LLMActionPlayer] API call took 499 ms (model=OPENROUTER size=LARGE)
[LLMActionPlayer] API call took 434 ms (model=OPENROUTER size=LARGE)
[LLMActionPlayer] API call took 438 ms (model=OPENROUTER size=LARGE)
[LLMActionPlayer] API call took 193 ms (model=OPENROUTER size=LARGE)
[LLMActionPlayer] API call took 173 ms (model=OPENROUTER size=LARGE)
[LLMActionPlayer] API call took 384 ms (model=OPENROUTER size=LARGE)
[LLMActionPlayer] API call took 370 ms (model=OPENROUTER size=LARGE)
[LLMActionPlayer] API call took 288 ms (model=OPENROUTER size=LARGE)
[LLMActionPlayer] API call took 414 ms (model=OPENROUTER size=LARGE)
[LLMActionPlayer] API call took 504 ms (model=OPENROUTER size=LARGE)
[LLMActionPlayer] API call took 237 ms (model=OPENROUTER size=LARGE)
[LLMActionPlayer] API call took 362 ms (model=OPENROUTER size=LARGE)
[LLMActionPlayer] API call took 563 ms (model=OPENROUTER size=LARGE)
[LLMActionPlayer] API call took 154 ms (model=OPENROUTER size=LARGE)
[LLMActionPlayer] API call took 607 ms (model=OPENROUTER size=LARGE)
[LLMActionPlayer] API call took 393 ms (model=OPENROUTER size=LARGE)
[LLMActionPlayer] API call took 586 ms (model=OPENROUTER size=LARGE)
[LLMActionPlayer] API call took 411 ms (model=OPENROUTER size=LARGE)
[LLMActionPlayer] API call took 409 ms (model=OPENROUTER size=LARGE)
[LLMActionPlayer] API call took 457 ms (model=OPENROUTER size=LARGE)
[LLMActionPlayer] API call took 456 ms (model=OPENROUTER size=LARGE)
[LLMActionPlayer] API call took 230 ms (model=OPENROUTER size=LARGE)
[LLMActionPlayer] API call took 515 ms (model=OPENROUTER size=LARGE)
[LLMActionPlayer] API call took 697 ms (model=OPENROUTER size=LARGE)
[LLMActionPlayer] API call took 472 ms (model=OPENROUTER size=LARGE)
[LLMActionPlayer] API call took 153 ms (model=OPENROUTER size=LARGE)
[LLMActionPlayer] API call took 837 ms (model=OPENROUTER size=LARGE)
[LLMActionPlayer] API call took 400 ms (model=OPENROUTER size=LARGE)
[LLMActionPlayer] API call took 466 ms (model=OPENROUTER size=LARGE)
[LLMActionPlayer] API call took 394 ms (model=OPENROUTER size=LARGE)
[LLMActionPlayer] API call took 643 ms (model=OPENROUTER size=LARGE)
[LLMActionPlayer] API call took 451 ms (model=OPENROUTER size=LARGE)
[LLMActionPlayer] API call took 486 ms (model=OPENROUTER size=LARGE)
[LLMActionPlayer] API call took 427 ms (model=OPENROUTER size=LARGE)
[LLMActionPlayer] API call took 355 ms (model=OPENROUTER size=LARGE)
[LLMActionPlayer] API call took 321 ms (model=OPENROUTER size=LARGE)
[LLMActionPlayer] API call took 288 ms (model=OPENROUTER size=LARGE)
[LLMActionPlayer] API call took 318 ms (model=OPENROUTER size=LARGE)
[LLMActionPlayer] API call took 276 ms (model=OPENROUTER size=LARGE)
[LLMActionPlayer] API call took 354 ms (model=OPENROUTER size=LARGE)
[LLMActionPlayer] API call took 202 ms (model=OPENROUTER size=LARGE)
[LLMActionPlayer] API call took 330 ms (model=OPENROUTER size=LARGE)
[LLMActionPlayer] API call took 285 ms (model=OPENROUTER size=LARGE)
[LLMActionPlayer] API call took 284 ms (model=OPENROUTER size=LARGE)
[LLMActionPlayer] API call took 531 ms (model=OPENROUTER size=LARGE)
[LLMActionPlayer] API call took 458 ms (model=OPENROUTER size=LARGE)
[LLMActionPlayer] API call took 617 ms (model=OPENROUTER size=LARGE)
[LLMActionPlayer] API call took 510 ms (model=OPENROUTER size=LARGE)
[LLMActionPlayer] API call took 254 ms (model=OPENROUTER size=LARGE)
[LLMActionPlayer] API call took 421 ms (model=OPENROUTER size=LARGE)
[LLMActionPlayer] API call took 474 ms (model=OPENROUTER size=LARGE)
[LLMActionPlayer] API call took 424 ms (model=OPENROUTER size=LARGE)
[LLMActionPlayer] API call took 293 ms (model=OPENROUTER size=LARGE)
[LLMActionPlayer] API call took 437 ms (model=OPENROUTER size=LARGE)
[LLMActionPlayer] API call took 653 ms (model=OPENROUTER size=LARGE)
[LLMActionPlayer] API call took 205 ms (model=OPENROUTER size=LARGE)
[LLMActionPlayer] API call took 282 ms (model=OPENROUTER size=LARGE)
[LLMActionPlayer] API call took 545 ms (model=OPENROUTER size=LARGE)
[LLMActionPlayer] API call took 421 ms (model=OPENROUTER size=LARGE)
[LLMActionPlayer] API call took 255 ms (model=OPENROUTER size=LARGE)
[LLMActionPlayer] API call took 616 ms (model=OPENROUTER size=LARGE)
[LLMActionPlayer] API call took 455 ms (model=OPENROUTER size=LARGE)
[LLMActionPlayer] API call took 347 ms (model=OPENROUTER size=LARGE)
[LLMActionPlayer] API call took 197 ms (model=OPENROUTER size=LARGE)
[LLMActionPlayer] API call took 190 ms (model=OPENROUTER size=LARGE)
[LLMActionPlayer] API call took 600 ms (model=OPENROUTER size=LARGE)
[LLMActionPlayer] API call took 543 ms (model=OPENROUTER size=LARGE)
[LLMActionPlayer] API call took 425 ms (model=OPENROUTER size=LARGE)
[LLMActionPlayer] API call took 391 ms (model=OPENROUTER size=LARGE)
[LLMActionPlayer] API call took 202 ms (model=OPENROUTER size=LARGE)
[LLMActionPlayer] API call took 521 ms (model=OPENROUTER size=LARGE)
[LLMActionPlayer] API call took 595 ms (model=OPENROUTER size=LARGE)
[LLMActionPlayer] API call took 487 ms (model=OPENROUTER size=LARGE)
[LLMActionPlayer] API call took 394 ms (model=OPENROUTER size=LARGE)
[LOSE_GAME,WIN_GAME,LOSE_GAME]
[LLMActionPlayer] API call took 317 ms (model=OPENROUTER size=LARGE)
[LLMActionPlayer] API call took 285 ms (model=OPENROUTER size=LARGE)
[LLMActionPlayer] API call took 409 ms (model=OPENROUTER size=LARGE)
[LLMActionPlayer] API call took 192 ms (model=OPENROUTER size=LARGE)
[LLMActionPlayer] API call took 168 ms (model=OPENROUTER size=LARGE)
[LLMActionPlayer] API call took 247 ms (model=OPENROUTER size=LARGE)
[LLMActionPlayer] API call took 317 ms (model=OPENROUTER size=LARGE)
[LLMActionPlayer] API call took 450 ms (model=OPENROUTER size=LARGE)
[LLMActionPlayer] API call took 208 ms (model=OPENROUTER size=LARGE)
[LLMActionPlayer] API call took 166 ms (model=OPENROUTER size=LARGE)
[LLMActionPlayer] API call took 206 ms (model=OPENROUTER size=LARGE)
[LLMActionPlayer] API call took 349 ms (model=OPENROUTER size=LARGE)
[LLMActionPlayer] API call took 344 ms (model=OPENROUTER size=LARGE)
[LLMActionPlayer] API call took 193 ms (model=OPENROUTER size=LARGE)
[LLMActionPlayer] API call took 161 ms (model=OPENROUTER size=LARGE)
[LLMActionPlayer] API call took 436 ms (model=OPENROUTER size=LARGE)
[LLMActionPlayer] API call took 335 ms (model=OPENROUTER size=LARGE)
[LLMActionPlayer] API call took 240 ms (model=OPENROUTER size=LARGE)
[LLMActionPlayer] API call took 231 ms (model=OPENROUTER size=LARGE)
[LLMActionPlayer] API call took 507 ms (model=OPENROUTER size=LARGE)
[LLMActionPlayer] API call took 279 ms (model=OPENROUTER size=LARGE)
[LLMActionPlayer] API call took 161 ms (model=OPENROUTER size=LARGE)
[LLMActionPlayer] API call took 147 ms (model=OPENROUTER size=LARGE)
[LLMActionPlayer] API call took 375 ms (model=OPENROUTER size=LARGE)
[LLMActionPlayer] API call took 198 ms (model=OPENROUTER size=LARGE)
[LLMActionPlayer] API call took 215 ms (model=OPENROUTER size=LARGE)
[LLMActionPlayer] API call took 542 ms (model=OPENROUTER size=LARGE)
[LLMActionPlayer] API call took 343 ms (model=OPENROUTER size=LARGE)
[LLMActionPlayer] API call took 211 ms (model=OPENROUTER size=LARGE)
[LLMActionPlayer] API call took 385 ms (model=OPENROUTER size=LARGE)
[LLMActionPlayer] API call took 358 ms (model=OPENROUTER size=LARGE)
[LLMActionPlayer] API call took 171 ms (model=OPENROUTER size=LARGE)
[LLMActionPlayer] API call took 373 ms (model=OPENROUTER size=LARGE)
[LLMActionPlayer] API call took 420 ms (model=OPENROUTER size=LARGE)
[LOSE_GAME,LOSE_GAME,WIN_GAME]
[LLMActionPlayer] API call took 334 ms (model=OPENROUTER size=LARGE)
[LLMActionPlayer] API call took 329 ms (model=OPENROUTER size=LARGE)
[LLMActionPlayer] API call took 298 ms (model=OPENROUTER size=LARGE)
[LLMActionPlayer] API call took 346 ms (model=OPENROUTER size=LARGE)
[LLMActionPlayer] API call took 187 ms (model=OPENROUTER size=LARGE)
[LLMActionPlayer] API call took 196 ms (model=OPENROUTER size=LARGE)
[LLMActionPlayer] API call took 378 ms (model=OPENROUTER size=LARGE)
[LLMActionPlayer] API call took 471 ms (model=OPENROUTER size=LARGE)
[LLMActionPlayer] API call took 399 ms (model=OPENROUTER size=LARGE)
[LLMActionPlayer] API call took 598 ms (model=OPENROUTER size=LARGE)
[LLMActionPlayer] API call took 412 ms (model=OPENROUTER size=LARGE)
[LLMActionPlayer] API call took 371 ms (model=OPENROUTER size=LARGE)
[LLMActionPlayer] API call took 380 ms (model=OPENROUTER size=LARGE)
[LLMActionPlayer] API call took 248 ms (model=OPENROUTER size=LARGE)
[LLMActionPlayer] API call took 182 ms (model=OPENROUTER size=LARGE)
[LLMActionPlayer] API call took 390 ms (model=OPENROUTER size=LARGE)
[LLMActionPlayer] API call took 187 ms (model=OPENROUTER size=LARGE)
[LLMActionPlayer] API call took 224 ms (model=OPENROUTER size=LARGE)
[LLMActionPlayer] API call took 424 ms (model=OPENROUTER size=LARGE)
[LLMActionPlayer] API call took 446 ms (model=OPENROUTER size=LARGE)
[LLMActionPlayer] API call took 399 ms (model=OPENROUTER size=LARGE)
[LLMActionPlayer] API call took 360 ms (model=OPENROUTER size=LARGE)
[LLMActionPlayer] API call took 556 ms (model=OPENROUTER size=LARGE)
[LLMActionPlayer] API call took 223 ms (model=OPENROUTER size=LARGE)
[LLMActionPlayer] API call took 344 ms (model=OPENROUTER size=LARGE)
[LLMActionPlayer] API call took 285 ms (model=OPENROUTER size=LARGE)
[LLMActionPlayer] API call took 630 ms (model=OPENROUTER size=LARGE)
[LLMActionPlayer] API call took 474 ms (model=OPENROUTER size=LARGE)
[LLMActionPlayer] API call took 399 ms (model=OPENROUTER size=LARGE)
[LLMActionPlayer] API call took 382 ms (model=OPENROUTER size=LARGE)
[LLMActionPlayer] API call took 380 ms (model=OPENROUTER size=LARGE)
[LLMActionPlayer] API call took 182 ms (model=OPENROUTER size=LARGE)
[LLMActionPlayer] API call took 223 ms (model=OPENROUTER size=LARGE)
[LLMActionPlayer] API call took 340 ms (model=OPENROUTER size=LARGE)
[LLMActionPlayer] API call took 296 ms (model=OPENROUTER size=LARGE)
[LLMActionPlayer] API call took 157 ms (model=OPENROUTER size=LARGE)
[LLMActionPlayer] API call took 501 ms (model=OPENROUTER size=LARGE)
[LLMActionPlayer] API call took 614 ms (model=OPENROUTER size=LARGE)
[LLMActionPlayer] API call took 249 ms (model=OPENROUTER size=LARGE)
[LLMActionPlayer] API call took 185 ms (model=OPENROUTER size=LARGE)
[LLMActionPlayer] API call took 258 ms (model=OPENROUTER size=LARGE)
[LLMActionPlayer] API call took 135 ms (model=OPENROUTER size=LARGE)
[LLMActionPlayer] API call took 170 ms (model=OPENROUTER size=LARGE)
[LLMActionPlayer] API call took 155 ms (model=OPENROUTER size=LARGE)
[LLMActionPlayer] API call took 241 ms (model=OPENROUTER size=LARGE)
[LLMActionPlayer] API call took 506 ms (model=OPENROUTER size=LARGE)
[LLMActionPlayer] API call took 346 ms (model=OPENROUTER size=LARGE)
[DRAW_GAME,LOSE_GAME,DRAW_GAME]
[LLMActionPlayer] API call took 214 ms (model=OPENROUTER size=LARGE)
[LLMActionPlayer] API call took 276 ms (model=OPENROUTER size=LARGE)
[LLMActionPlayer] API call took 243 ms (model=OPENROUTER size=LARGE)
[LLMActionPlayer] API call took 431 ms (model=OPENROUTER size=LARGE)
[LLMActionPlayer] API call took 411 ms (model=OPENROUTER size=LARGE)
[LLMActionPlayer] API call took 199 ms (model=OPENROUTER size=LARGE)
[LLMActionPlayer] API call took 518 ms (model=OPENROUTER size=LARGE)
[LLMActionPlayer] API call took 191 ms (model=OPENROUTER size=LARGE)
[LLMActionPlayer] API call took 412 ms (model=OPENROUTER size=LARGE)
[LLMActionPlayer] API call took 379 ms (model=OPENROUTER size=LARGE)
[LLMActionPlayer] API call took 417 ms (model=OPENROUTER size=LARGE)
[LLMActionPlayer] API call took 256 ms (model=OPENROUTER size=LARGE)
[LLMActionPlayer] API call took 254 ms (model=OPENROUTER size=LARGE)
[LLMActionPlayer] API call took 265 ms (model=OPENROUTER size=LARGE)
[LLMActionPlayer] API call took 444 ms (model=OPENROUTER size=LARGE)
[LLMActionPlayer] API call took 456 ms (model=OPENROUTER size=LARGE)
[LLMActionPlayer] API call took 221 ms (model=OPENROUTER size=LARGE)
[LLMActionPlayer] API call took 165 ms (model=OPENROUTER size=LARGE)
[LLMActionPlayer] API call took 356 ms (model=OPENROUTER size=LARGE)
[LLMActionPlayer] API call took 387 ms (model=OPENROUTER size=LARGE)
[LLMActionPlayer] API call took 380 ms (model=OPENROUTER size=LARGE)
[LLMActionPlayer] API call took 406 ms (model=OPENROUTER size=LARGE)
[LLMActionPlayer] API call took 192 ms (model=OPENROUTER size=LARGE)
[LLMActionPlayer] API call took 164 ms (model=OPENROUTER size=LARGE)
[LLMActionPlayer] API call took 368 ms (model=OPENROUTER size=LARGE)
[LLMActionPlayer] API call took 359 ms (model=OPENROUTER size=LARGE)
[LLMActionPlayer] API call took 157 ms (model=OPENROUTER size=LARGE)
[LLMActionPlayer] API call took 348 ms (model=OPENROUTER size=LARGE)
[LLMActionPlayer] API call took 350 ms (model=OPENROUTER size=LARGE)
[LLMActionPlayer] API call took 181 ms (model=OPENROUTER size=LARGE)
[LLMActionPlayer] API call took 139 ms (model=OPENROUTER size=LARGE)
[LLMActionPlayer] API call took 441 ms (model=OPENROUTER size=LARGE)
[LLMActionPlayer] API call took 191 ms (model=OPENROUTER size=LARGE)
[LLMActionPlayer] API call took 455 ms (model=OPENROUTER size=LARGE)
[LLMActionPlayer] API call took 379 ms (model=OPENROUTER size=LARGE)
[LOSE_GAME,LOSE_GAME,WIN_GAME]
[LLMActionPlayer] API call took 159 ms (model=OPENROUTER size=LARGE)
[LLMActionPlayer] API call took 241 ms (model=OPENROUTER size=LARGE)
[LLMActionPlayer] API call took 161 ms (model=OPENROUTER size=LARGE)
[LLMActionPlayer] API call took 153 ms (model=OPENROUTER size=LARGE)
[LLMActionPlayer] API call took 561 ms (model=OPENROUTER size=LARGE)
[LLMActionPlayer] API call took 362 ms (model=OPENROUTER size=LARGE)
[LLMActionPlayer] API call took 181 ms (model=OPENROUTER size=LARGE)
[LLMActionPlayer] API call took 155 ms (model=OPENROUTER size=LARGE)
[LLMActionPlayer] API call took 665 ms (model=OPENROUTER size=LARGE)
[LLMActionPlayer] API call took 368 ms (model=OPENROUTER size=LARGE)
[LLMActionPlayer] API call took 396 ms (model=OPENROUTER size=LARGE)
[LLMActionPlayer] API call took 370 ms (model=OPENROUTER size=LARGE)
[LLMActionPlayer] API call took 414 ms (model=OPENROUTER size=LARGE)
[LLMActionPlayer] API call took 370 ms (model=OPENROUTER size=LARGE)
[LLMActionPlayer] API call took 400 ms (model=OPENROUTER size=LARGE)
[LLMActionPlayer] API call took 397 ms (model=OPENROUTER size=LARGE)
[LLMActionPlayer] API call took 424 ms (model=OPENROUTER size=LARGE)
[LLMActionPlayer] API call took 434 ms (model=OPENROUTER size=LARGE)
[LLMActionPlayer] API call took 474 ms (model=OPENROUTER size=LARGE)
[LLMActionPlayer] API call took 205 ms (model=OPENROUTER size=LARGE)
[LLMActionPlayer] API call took 422 ms (model=OPENROUTER size=LARGE)
[LLMActionPlayer] API call took 334 ms (model=OPENROUTER size=LARGE)
[LLMActionPlayer] API call took 489 ms (model=OPENROUTER size=LARGE)
[LLMActionPlayer] API call took 397 ms (model=OPENROUTER size=LARGE)
[LLMActionPlayer] API call took 227 ms (model=OPENROUTER size=LARGE)
[LLMActionPlayer] API call took 472 ms (model=OPENROUTER size=LARGE)
[LLMActionPlayer] API call took 496 ms (model=OPENROUTER size=LARGE)
[LLMActionPlayer] API call took 377 ms (model=OPENROUTER size=LARGE)
[LLMActionPlayer] API call took 404 ms (model=OPENROUTER size=LARGE)
[LLMActionPlayer] API call took 165 ms (model=OPENROUTER size=LARGE)
[LLMActionPlayer] API call took 424 ms (model=OPENROUTER size=LARGE)
[LLMActionPlayer] API call took 488 ms (model=OPENROUTER size=LARGE)
[LLMActionPlayer] API call took 416 ms (model=OPENROUTER size=LARGE)
[LLMActionPlayer] API call took 148 ms (model=OPENROUTER size=LARGE)
[LLMActionPlayer] API call took 573 ms (model=OPENROUTER size=LARGE)
[LLMActionPlayer] API call took 534 ms (model=OPENROUTER size=LARGE)
[LLMActionPlayer] API call took 386 ms (model=OPENROUTER size=LARGE)
[LLMActionPlayer] API call took 580 ms (model=OPENROUTER size=LARGE)
[LLMActionPlayer] API call took 422 ms (model=OPENROUTER size=LARGE)
[LLMActionPlayer] API call took 476 ms (model=OPENROUTER size=LARGE)
[LLMActionPlayer] API call took 674 ms (model=OPENROUTER size=LARGE)
[LLMActionPlayer] API call took 220 ms (model=OPENROUTER size=LARGE)
[LLMActionPlayer] API call took 487 ms (model=OPENROUTER size=LARGE)
[LLMActionPlayer] API call took 419 ms (model=OPENROUTER size=LARGE)
[LLMActionPlayer] API call took 381 ms (model=OPENROUTER size=LARGE)
[LLMActionPlayer] API call took 196 ms (model=OPENROUTER size=LARGE)
[LLMActionPlayer] API call took 503 ms (model=OPENROUTER size=LARGE)
[LLMActionPlayer] API call took 431 ms (model=OPENROUTER size=LARGE)
[LLMActionPlayer] API call took 238 ms (model=OPENROUTER size=LARGE)
[LLMActionPlayer] API call took 389 ms (model=OPENROUTER size=LARGE)
[LLMActionPlayer] API call took 364 ms (model=OPENROUTER size=LARGE)
[LLMActionPlayer] API call took 200 ms (model=OPENROUTER size=LARGE)
[LLMActionPlayer] API call took 310 ms (model=OPENROUTER size=LARGE)
[LLMActionPlayer] API call took 395 ms (model=OPENROUTER size=LARGE)
[LLMActionPlayer] API call took 211 ms (model=OPENROUTER size=LARGE)
[LLMActionPlayer] API call took 319 ms (model=OPENROUTER size=LARGE)
[LLMActionPlayer] API call took 318 ms (model=OPENROUTER size=LARGE)
[LLMActionPlayer] API call took 405 ms (model=OPENROUTER size=LARGE)
[LLMActionPlayer] API call took 388 ms (model=OPENROUTER size=LARGE)
[LLMActionPlayer] API call took 170 ms (model=OPENROUTER size=LARGE)
[LLMActionPlayer] API call took 432 ms (model=OPENROUTER size=LARGE)
[LLMActionPlayer] API call took 482 ms (model=OPENROUTER size=LARGE)
[LLMActionPlayer] API call took 470 ms (model=OPENROUTER size=LARGE)
[LLMActionPlayer] API call took 617 ms (model=OPENROUTER size=LARGE)
[LOSE_GAME,WIN_GAME,LOSE_GAME]
[LLMActionPlayer] API call took 198 ms (model=OPENROUTER size=LARGE)
[LLMActionPlayer] API call took 215 ms (model=OPENROUTER size=LARGE)
[LLMActionPlayer] API call took 379 ms (model=OPENROUTER size=LARGE)
[LLMActionPlayer] API call took 489 ms (model=OPENROUTER size=LARGE)
[LLMActionPlayer] API call took 169 ms (model=OPENROUTER size=LARGE)
[LLMActionPlayer] API call took 247 ms (model=OPENROUTER size=LARGE)
[LLMActionPlayer] API call took 463 ms (model=OPENROUTER size=LARGE)
[LLMActionPlayer] API call took 377 ms (model=OPENROUTER size=LARGE)
[LLMActionPlayer] API call took 260 ms (model=OPENROUTER size=LARGE)
[LLMActionPlayer] API call took 584 ms (model=OPENROUTER size=LARGE)
[LLMActionPlayer] API call took 212 ms (model=OPENROUTER size=LARGE)
[LLMActionPlayer] API call took 422 ms (model=OPENROUTER size=LARGE)
[LLMActionPlayer] API call took 417 ms (model=OPENROUTER size=LARGE)
[WIN_GAME,LOSE_GAME,LOSE_GAME]
[LLMActionPlayer] API call took 202 ms (model=OPENROUTER size=LARGE)
[LLMActionPlayer] API call took 238 ms (model=OPENROUTER size=LARGE)
[LLMActionPlayer] API call took 192 ms (model=OPENROUTER size=LARGE)
[LLMActionPlayer] API call took 517 ms (model=OPENROUTER size=LARGE)
[LLMActionPlayer] API call took 451 ms (model=OPENROUTER size=LARGE)
[LLMActionPlayer] API call took 167 ms (model=OPENROUTER size=LARGE)
[LLMActionPlayer] API call took 286 ms (model=OPENROUTER size=LARGE)
[LLMActionPlayer] API call took 229 ms (model=OPENROUTER size=LARGE)
[LLMActionPlayer] API call took 238 ms (model=OPENROUTER size=LARGE)
[LLMActionPlayer] API call took 532 ms (model=OPENROUTER size=LARGE)
[LLMActionPlayer] API call took 498 ms (model=OPENROUTER size=LARGE)
[LLMActionPlayer] API call took 404 ms (model=OPENROUTER size=LARGE)
[LLMActionPlayer] API call took 210 ms (model=OPENROUTER size=LARGE)
[LLMActionPlayer] API call took 429 ms (model=OPENROUTER size=LARGE)
[LLMActionPlayer] API call took 208 ms (model=OPENROUTER size=LARGE)
[LLMActionPlayer] API call took 151 ms (model=OPENROUTER size=LARGE)
[LLMActionPlayer] API call took 396 ms (model=OPENROUTER size=LARGE)
[LLMActionPlayer] API call took 367 ms (model=OPENROUTER size=LARGE)
[LLMActionPlayer] API call took 184 ms (model=OPENROUTER size=LARGE)
[LLMActionPlayer] API call took 195 ms (model=OPENROUTER size=LARGE)
[LLMActionPlayer] API call took 423 ms (model=OPENROUTER size=LARGE)
[LLMActionPlayer] API call took 624 ms (model=OPENROUTER size=LARGE)
[LLMActionPlayer] API call took 184 ms (model=OPENROUTER size=LARGE)
[LLMActionPlayer] API call took 408 ms (model=OPENROUTER size=LARGE)
[LLMActionPlayer] API call took 373 ms (model=OPENROUTER size=LARGE)
[LLMActionPlayer] API call took 322 ms (model=OPENROUTER size=LARGE)
[LLMActionPlayer] API call took 159 ms (model=OPENROUTER size=LARGE)
[LLMActionPlayer] API call took 633 ms (model=OPENROUTER size=LARGE)
[LLMActionPlayer] API call took 247 ms (model=OPENROUTER size=LARGE)
[LLMActionPlayer] API call took 616 ms (model=OPENROUTER size=LARGE)
[LLMActionPlayer] API call took 478 ms (model=OPENROUTER size=LARGE)
[LLMActionPlayer] API call took 913 ms (model=OPENROUTER size=LARGE)
[LLMActionPlayer] API call took 165 ms (model=OPENROUTER size=LARGE)
[LLMActionPlayer] API call took 327 ms (model=OPENROUTER size=LARGE)
[LLMActionPlayer] API call took 302 ms (model=OPENROUTER size=LARGE)
[LLMActionPlayer] API call took 369 ms (model=OPENROUTER size=LARGE)
[LLMActionPlayer] API call took 453 ms (model=OPENROUTER size=LARGE)
[LLMActionPlayer] API call took 142 ms (model=OPENROUTER size=LARGE)
[LLMActionPlayer] API call took 205 ms (model=OPENROUTER size=LARGE)
[LLMActionPlayer] API call took 815 ms (model=OPENROUTER size=LARGE)
[LLMActionPlayer] API call took 449 ms (model=OPENROUTER size=LARGE)
[LLMActionPlayer] API call took 198 ms (model=OPENROUTER size=LARGE)
[LLMActionPlayer] API call took 421 ms (model=OPENROUTER size=LARGE)
[LLMActionPlayer] API call took 202 ms (model=OPENROUTER size=LARGE)
[LLMActionPlayer] API call took 218 ms (model=OPENROUTER size=LARGE)
[LLMActionPlayer] API call took 150 ms (model=OPENROUTER size=LARGE)
[LLMActionPlayer] API call took 382 ms (model=OPENROUTER size=LARGE)
[LLMActionPlayer] API call took 197 ms (model=OPENROUTER size=LARGE)
[LLMActionPlayer] API call took 465 ms (model=OPENROUTER size=LARGE)
[LLMActionPlayer] API call took 502 ms (model=OPENROUTER size=LARGE)
[LLMActionPlayer] API call took 447 ms (model=OPENROUTER size=LARGE)
[LLMActionPlayer] API call took 449 ms (model=OPENROUTER size=LARGE)
[LLMActionPlayer] API call took 252 ms (model=OPENROUTER size=LARGE)
[LLMActionPlayer] API call took 479 ms (model=OPENROUTER size=LARGE)
[LLMActionPlayer] API call took 490 ms (model=OPENROUTER size=LARGE)
[LLMActionPlayer] API call took 383 ms (model=OPENROUTER size=LARGE)
[LLMActionPlayer] API call took 315 ms (model=OPENROUTER size=LARGE)
[LLMActionPlayer] API call took 184 ms (model=OPENROUTER size=LARGE)
[LLMActionPlayer] API call took 242 ms (model=OPENROUTER size=LARGE)
[LLMActionPlayer] API call took 243 ms (model=OPENROUTER size=LARGE)
[LLMActionPlayer] API call took 175 ms (model=OPENROUTER size=LARGE)
[LLMActionPlayer] API call took 187 ms (model=OPENROUTER size=LARGE)
[LLMActionPlayer] API call took 347 ms (model=OPENROUTER size=LARGE)
[LLMActionPlayer] API call took 550 ms (model=OPENROUTER size=LARGE)
[LLMActionPlayer] API call took 167 ms (model=OPENROUTER size=LARGE)
[LLMActionPlayer] API call took 521 ms (model=OPENROUTER size=LARGE)
[LLMActionPlayer] API call took 379 ms (model=OPENROUTER size=LARGE)
[LLMActionPlayer] API call took 386 ms (model=OPENROUTER size=LARGE)
[LLMActionPlayer] API call took 772 ms (model=OPENROUTER size=LARGE)
[LLMActionPlayer] API call took 494 ms (model=OPENROUTER size=LARGE)
[LLMActionPlayer] API call took 232 ms (model=OPENROUTER size=LARGE)
[LLMActionPlayer] API call took 584 ms (model=OPENROUTER size=LARGE)
[LLMActionPlayer] API call took 498 ms (model=OPENROUTER size=LARGE)
[LLMActionPlayer] API call took 742 ms (model=OPENROUTER size=LARGE)
[LLMActionPlayer] API call took 952 ms (model=OPENROUTER size=LARGE)
[LLMActionPlayer] API call took 224 ms (model=OPENROUTER size=LARGE)
[LLMActionPlayer] API call took 271 ms (model=OPENROUTER size=LARGE)
[LLMActionPlayer] API call took 652 ms (model=OPENROUTER size=LARGE)
[LLMActionPlayer] API call took 261 ms (model=OPENROUTER size=LARGE)
[LLMActionPlayer] API call took 375 ms (model=OPENROUTER size=LARGE)
[LLMActionPlayer] API call took 187 ms (model=OPENROUTER size=LARGE)
[LLMActionPlayer] API call took 420 ms (model=OPENROUTER size=LARGE)
[LLMActionPlayer] API call took 377 ms (model=OPENROUTER size=LARGE)
[LLMActionPlayer] API call took 191 ms (model=OPENROUTER size=LARGE)
[LLMActionPlayer] API call took 188 ms (model=OPENROUTER size=LARGE)
[LLMActionPlayer] API call took 479 ms (model=OPENROUTER size=LARGE)
[LLMActionPlayer] API call took 415 ms (model=OPENROUTER size=LARGE)
[LLMActionPlayer] API call took 409 ms (model=OPENROUTER size=LARGE)
[WIN_GAME,LOSE_GAME,LOSE_GAME]
[LLMActionPlayer] API call took 228 ms (model=OPENROUTER size=LARGE)
[LLMActionPlayer] API call took 256 ms (model=OPENROUTER size=LARGE)
[LLMActionPlayer] API call took 452 ms (model=OPENROUTER size=LARGE)
[LLMActionPlayer] API call took 376 ms (model=OPENROUTER size=LARGE)
[LLMActionPlayer] API call took 182 ms (model=OPENROUTER size=LARGE)
[LLMActionPlayer] API call took 510 ms (model=OPENROUTER size=LARGE)
[LLMActionPlayer] API call took 428 ms (model=OPENROUTER size=LARGE)
[LLMActionPlayer] API call took 464 ms (model=OPENROUTER size=LARGE)
[LLMActionPlayer] API call took 360 ms (model=OPENROUTER size=LARGE)
[LLMActionPlayer] API call took 402 ms (model=OPENROUTER size=LARGE)
[LLMActionPlayer] API call took 383 ms (model=OPENROUTER size=LARGE)
[LLMActionPlayer] API call took 506 ms (model=OPENROUTER size=LARGE)
[LLMActionPlayer] API call took 574 ms (model=OPENROUTER size=LARGE)
[LLMActionPlayer] API call took 256 ms (model=OPENROUTER size=LARGE)
[LLMActionPlayer] API call took 304 ms (model=OPENROUTER size=LARGE)
[LLMActionPlayer] API call took 618 ms (model=OPENROUTER size=LARGE)
[LLMActionPlayer] API call took 194 ms (model=OPENROUTER size=LARGE)
[LLMActionPlayer] API call took 414 ms (model=OPENROUTER size=LARGE)
[LLMActionPlayer] API call took 555 ms (model=OPENROUTER size=LARGE)
[LLMActionPlayer] API call took 432 ms (model=OPENROUTER size=LARGE)
[LLMActionPlayer] API call took 595 ms (model=OPENROUTER size=LARGE)
[LLMActionPlayer] API call took 309 ms (model=OPENROUTER size=LARGE)
[LLMActionPlayer] API call took 159 ms (model=OPENROUTER size=LARGE)
[LLMActionPlayer] API call took 524 ms (model=OPENROUTER size=LARGE)
[LLMActionPlayer] API call took 364 ms (model=OPENROUTER size=LARGE)
[LLMActionPlayer] API call took 295 ms (model=OPENROUTER size=LARGE)
[LLMActionPlayer] API call took 158 ms (model=OPENROUTER size=LARGE)
[LLMActionPlayer] API call took 571 ms (model=OPENROUTER size=LARGE)
[LLMActionPlayer] API call took 287 ms (model=OPENROUTER size=LARGE)
[LLMActionPlayer] API call took 222 ms (model=OPENROUTER size=LARGE)
[LLMActionPlayer] API call took 390 ms (model=OPENROUTER size=LARGE)
[LLMActionPlayer] API call took 359 ms (model=OPENROUTER size=LARGE)
[LLMActionPlayer] API call took 180 ms (model=OPENROUTER size=LARGE)
[LLMActionPlayer] API call took 447 ms (model=OPENROUTER size=LARGE)
[LLMActionPlayer] API call took 215 ms (model=OPENROUTER size=LARGE)
[LLMActionPlayer] API call took 609 ms (model=OPENROUTER size=LARGE)
[LLMActionPlayer] API call took 548 ms (model=OPENROUTER size=LARGE)
[DRAW_GAME,LOSE_GAME,DRAW_GAME]
[LLMActionPlayer] API call took 167 ms (model=OPENROUTER size=LARGE)
[LLMActionPlayer] API call took 329 ms (model=OPENROUTER size=LARGE)
[LLMActionPlayer] API call took 334 ms (model=OPENROUTER size=LARGE)
[LLMActionPlayer] API call took 209 ms (model=OPENROUTER size=LARGE)
[LLMActionPlayer] API call took 206 ms (model=OPENROUTER size=LARGE)
[LLMActionPlayer] API call took 151 ms (model=OPENROUTER size=LARGE)
[LLMActionPlayer] API call took 812 ms (model=OPENROUTER size=LARGE)
[LLMActionPlayer] API call took 326 ms (model=OPENROUTER size=LARGE)
[LLMActionPlayer] API call took 444 ms (model=OPENROUTER size=LARGE)
[LLMActionPlayer] API call took 326 ms (model=OPENROUTER size=LARGE)
[LLMActionPlayer] API call took 302 ms (model=OPENROUTER size=LARGE)
[LLMActionPlayer] API call took 157 ms (model=OPENROUTER size=LARGE)
[LLMActionPlayer] API call took 244 ms (model=OPENROUTER size=LARGE)
[LLMActionPlayer] API call took 337 ms (model=OPENROUTER size=LARGE)
[LLMActionPlayer] API call took 372 ms (model=OPENROUTER size=LARGE)
[LLMActionPlayer] API call took 180 ms (model=OPENROUTER size=LARGE)
[LLMActionPlayer] API call took 475 ms (model=OPENROUTER size=LARGE)
[LLMActionPlayer] API call took 377 ms (model=OPENROUTER size=LARGE)
[LLMActionPlayer] API call took 428 ms (model=OPENROUTER size=LARGE)
[LLMActionPlayer] API call took 646 ms (model=OPENROUTER size=LARGE)
[LLMActionPlayer] API call took 234 ms (model=OPENROUTER size=LARGE)
[LLMActionPlayer] API call took 177 ms (model=OPENROUTER size=LARGE)
[LLMActionPlayer] API call took 499 ms (model=OPENROUTER size=LARGE)
[LLMActionPlayer] API call took 295 ms (model=OPENROUTER size=LARGE)
[LLMActionPlayer] API call took 403 ms (model=OPENROUTER size=LARGE)
[LLMActionPlayer] API call took 436 ms (model=OPENROUTER size=LARGE)
[LLMActionPlayer] API call took 305 ms (model=OPENROUTER size=LARGE)
[LLMActionPlayer] API call took 274 ms (model=OPENROUTER size=LARGE)
[LLMActionPlayer] API call took 522 ms (model=OPENROUTER size=LARGE)
[LLMActionPlayer] API call took 398 ms (model=OPENROUTER size=LARGE)
[LLMActionPlayer] API call took 161 ms (model=OPENROUTER size=LARGE)
[LLMActionPlayer] API call took 583 ms (model=OPENROUTER size=LARGE)
[LLMActionPlayer] API call took 300 ms (model=OPENROUTER size=LARGE)
[LLMActionPlayer] API call took 507 ms (model=OPENROUTER size=LARGE)
[LLMActionPlayer] API call took 473 ms (model=OPENROUTER size=LARGE)
[LLMActionPlayer] API call took 593 ms (model=OPENROUTER size=LARGE)
[LLMActionPlayer] API call took 739 ms (model=OPENROUTER size=LARGE)
[LLMActionPlayer] API call took 186 ms (model=OPENROUTER size=LARGE)
[LLMActionPlayer] API call took 449 ms (model=OPENROUTER size=LARGE)
[LLMActionPlayer] API call took 208 ms (model=OPENROUTER size=LARGE)
[LLMActionPlayer] API call took 285 ms (model=OPENROUTER size=LARGE)
[LLMActionPlayer] API call took 451 ms (model=OPENROUTER size=LARGE)
[LLMActionPlayer] API call took 560 ms (model=OPENROUTER size=LARGE)
[LLMActionPlayer] API call took 441 ms (model=OPENROUTER size=LARGE)
[LLMActionPlayer] API call took 181 ms (model=OPENROUTER size=LARGE)
[LLMActionPlayer] API call took 204 ms (model=OPENROUTER size=LARGE)
[LLMActionPlayer] API call took 219 ms (model=OPENROUTER size=LARGE)
[LLMActionPlayer] API call took 219 ms (model=OPENROUTER size=LARGE)
[LLMActionPlayer] API call took 498 ms (model=OPENROUTER size=LARGE)
[LLMActionPlayer] API call took 679 ms (model=OPENROUTER size=LARGE)
[LLMActionPlayer] API call took 438 ms (model=OPENROUTER size=LARGE)
[LLMActionPlayer] API call took 182 ms (model=OPENROUTER size=LARGE)
[LLMActionPlayer] API call took 179 ms (model=OPENROUTER size=LARGE)
[LLMActionPlayer] API call took 243 ms (model=OPENROUTER size=LARGE)
[LLMActionPlayer] API call took 442 ms (model=OPENROUTER size=LARGE)
[LLMActionPlayer] API call took 588 ms (model=OPENROUTER size=LARGE)
[LLMActionPlayer] API call took 589 ms (model=OPENROUTER size=LARGE)
[LLMActionPlayer] API call took 498 ms (model=OPENROUTER size=LARGE)
[LLMActionPlayer] API call took 480 ms (model=OPENROUTER size=LARGE)
[LLMActionPlayer] API call took 663 ms (model=OPENROUTER size=LARGE)
[LLMActionPlayer] API call took 337 ms (model=OPENROUTER size=LARGE)
[LLMActionPlayer] API call took 450 ms (model=OPENROUTER size=LARGE)
[LLMActionPlayer] API call took 392 ms (model=OPENROUTER size=LARGE)
[LLMActionPlayer] API call took 530 ms (model=OPENROUTER size=LARGE)
[LLMActionPlayer] API call took 194 ms (model=OPENROUTER size=LARGE)
[LLMActionPlayer] API call took 169 ms (model=OPENROUTER size=LARGE)
[LLMActionPlayer] API call took 212 ms (model=OPENROUTER size=LARGE)
[LLMActionPlayer] API call took 592 ms (model=OPENROUTER size=LARGE)
[LLMActionPlayer] API call took 615 ms (model=OPENROUTER size=LARGE)
[LLMActionPlayer] API call took 734 ms (model=OPENROUTER size=LARGE)
[LLMActionPlayer] API call took 401 ms (model=OPENROUTER size=LARGE)
[LLMActionPlayer] API call took 300 ms (model=OPENROUTER size=LARGE)
[LLMActionPlayer] API call took 151 ms (model=OPENROUTER size=LARGE)
[LLMActionPlayer] API call took 180 ms (model=OPENROUTER size=LARGE)
[LLMActionPlayer] API call took 542 ms (model=OPENROUTER size=LARGE)
[LLMActionPlayer] API call took 518 ms (model=OPENROUTER size=LARGE)
[LLMActionPlayer] API call took 667 ms (model=OPENROUTER size=LARGE)
[LLMActionPlayer] API call took 487 ms (model=OPENROUTER size=LARGE)
[LLMActionPlayer] API call took 1022 ms (model=OPENROUTER size=LARGE)
[WIN_GAME,LOSE_GAME,LOSE_GAME]
[LLMActionPlayer] API call took 203 ms (model=OPENROUTER size=LARGE)
[LLMActionPlayer] API call took 145 ms (model=OPENROUTER size=LARGE)
[LLMActionPlayer] API call took 146 ms (model=OPENROUTER size=LARGE)
[LLMActionPlayer] API call took 334 ms (model=OPENROUTER size=LARGE)
[LLMActionPlayer] API call took 419 ms (model=OPENROUTER size=LARGE)
[LLMActionPlayer] API call took 349 ms (model=OPENROUTER size=LARGE)
[LLMActionPlayer] API call took 430 ms (model=OPENROUTER size=LARGE)
[LLMActionPlayer] API call took 396 ms (model=OPENROUTER size=LARGE)
[LLMActionPlayer] API call took 400 ms (model=OPENROUTER size=LARGE)
[LLMActionPlayer] API call took 396 ms (model=OPENROUTER size=LARGE)
[LLMActionPlayer] API call took 892 ms (model=OPENROUTER size=LARGE)
[LLMActionPlayer] API call took 271 ms (model=OPENROUTER size=LARGE)
[LLMActionPlayer] API call took 137 ms (model=OPENROUTER size=LARGE)
[LLMActionPlayer] API call took 748 ms (model=OPENROUTER size=LARGE)
[LLMActionPlayer] API call took 179 ms (model=OPENROUTER size=LARGE)
[LLMActionPlayer] API call took 1057 ms (model=OPENROUTER size=LARGE)
[LLMActionPlayer] API call took 469 ms (model=OPENROUTER size=LARGE)
[WIN_GAME,LOSE_GAME,LOSE_GAME]
[LLMActionPlayer] API call took 202 ms (model=OPENROUTER size=LARGE)
[LLMActionPlayer] API call took 396 ms (model=OPENROUTER size=LARGE)
[LLMActionPlayer] API call took 696 ms (model=OPENROUTER size=LARGE)
[LLMActionPlayer] API call took 240 ms (model=OPENROUTER size=LARGE)
[LLMActionPlayer] API call took 195 ms (model=OPENROUTER size=LARGE)
[WIN_GAME,LOSE_GAME,LOSE_GAME]
[LLMActionPlayer] API call took 160 ms (model=OPENROUTER size=LARGE)
[LLMActionPlayer] API call took 148 ms (model=OPENROUTER size=LARGE)
[LLMActionPlayer] API call took 183 ms (model=OPENROUTER size=LARGE)
[LLMActionPlayer] API call took 241 ms (model=OPENROUTER size=LARGE)
[LLMActionPlayer] API call took 394 ms (model=OPENROUTER size=LARGE)
[LLMActionPlayer] API call took 240 ms (model=OPENROUTER size=LARGE)
[LLMActionPlayer] API call took 204 ms (model=OPENROUTER size=LARGE)
[LLMActionPlayer] API call took 147 ms (model=OPENROUTER size=LARGE)
[LLMActionPlayer] API call took 210 ms (model=OPENROUTER size=LARGE)
[LLMActionPlayer] API call took 430 ms (model=OPENROUTER size=LARGE)
[LLMActionPlayer] API call took 411 ms (model=OPENROUTER size=LARGE)
[LLMActionPlayer] API call took 456 ms (model=OPENROUTER size=LARGE)
[LLMActionPlayer] API call took 183 ms (model=OPENROUTER size=LARGE)
[LLMActionPlayer] API call took 161 ms (model=OPENROUTER size=LARGE)
[LLMActionPlayer] API call took 172 ms (model=OPENROUTER size=LARGE)
[LLMActionPlayer] API call took 1077 ms (model=OPENROUTER size=LARGE)
[LLMActionPlayer] API call took 360 ms (model=OPENROUTER size=LARGE)
[LLMActionPlayer] API call took 433 ms (model=OPENROUTER size=LARGE)
[LLMActionPlayer] API call took 172 ms (model=OPENROUTER size=LARGE)
[LLMActionPlayer] API call took 350 ms (model=OPENROUTER size=LARGE)
[LLMActionPlayer] API call took 327 ms (model=OPENROUTER size=LARGE)
[LLMActionPlayer] API call took 401 ms (model=OPENROUTER size=LARGE)
[LLMActionPlayer] API call took 373 ms (model=OPENROUTER size=LARGE)
[LLMActionPlayer] API call took 181 ms (model=OPENROUTER size=LARGE)
[WIN_GAME,LOSE_GAME,LOSE_GAME]
[LLMActionPlayer] API call took 527 ms (model=OPENROUTER size=LARGE)
[LLMActionPlayer] API call took 162 ms (model=OPENROUTER size=LARGE)
[LLMActionPlayer] API call took 174 ms (model=OPENROUTER size=LARGE)
[LLMActionPlayer] API call took 335 ms (model=OPENROUTER size=LARGE)
[LLMActionPlayer] API call took 337 ms (model=OPENROUTER size=LARGE)
[LLMActionPlayer] API call took 1225 ms (model=OPENROUTER size=LARGE)
[LLMActionPlayer] API call took 202 ms (model=OPENROUTER size=LARGE)
[LLMActionPlayer] API call took 205 ms (model=OPENROUTER size=LARGE)
[LLMActionPlayer] API call took 227 ms (model=OPENROUTER size=LARGE)
[LLMActionPlayer] API call took 432 ms (model=OPENROUTER size=LARGE)
[LLMActionPlayer] API call took 444 ms (model=OPENROUTER size=LARGE)
[LLMActionPlayer] API call took 192 ms (model=OPENROUTER size=LARGE)
[LLMActionPlayer] API call took 259 ms (model=OPENROUTER size=LARGE)
[LLMActionPlayer] API call took 199 ms (model=OPENROUTER size=LARGE)
[LLMActionPlayer] API call took 220 ms (model=OPENROUTER size=LARGE)
[WIN_GAME,LOSE_GAME,LOSE_GAME]
[LLMActionPlayer] API call took 479 ms (model=OPENROUTER size=LARGE)
[LLMActionPlayer] API call took 314 ms (model=OPENROUTER size=LARGE)
[LLMActionPlayer] API call took 498 ms (model=OPENROUTER size=LARGE)
[LLMActionPlayer] API call took 563 ms (model=OPENROUTER size=LARGE)
[LLMActionPlayer] API call took 172 ms (model=OPENROUTER size=LARGE)
[LLMActionPlayer] API call took 336 ms (model=OPENROUTER size=LARGE)
[LLMActionPlayer] API call took 404 ms (model=OPENROUTER size=LARGE)
[LLMActionPlayer] API call took 283 ms (model=OPENROUTER size=LARGE)
[LLMActionPlayer] API call took 543 ms (model=OPENROUTER size=LARGE)
[LLMActionPlayer] API call took 182 ms (model=OPENROUTER size=LARGE)
[LLMActionPlayer] API call took 409 ms (model=OPENROUTER size=LARGE)
[LLMActionPlayer] API call took 681 ms (model=OPENROUTER size=LARGE)
[LLMActionPlayer] API call took 423 ms (model=OPENROUTER size=LARGE)
[LLMActionPlayer] API call took 216 ms (model=OPENROUTER size=LARGE)
[LLMActionPlayer] API call took 368 ms (model=OPENROUTER size=LARGE)
[LLMActionPlayer] API call took 704 ms (model=OPENROUTER size=LARGE)
[LLMActionPlayer] API call took 439 ms (model=OPENROUTER size=LARGE)
[LLMActionPlayer] API call took 542 ms (model=OPENROUTER size=LARGE)
[LLMActionPlayer] API call took 399 ms (model=OPENROUTER size=LARGE)
[LLMActionPlayer] API call took 394 ms (model=OPENROUTER size=LARGE)
[LLMActionPlayer] API call took 183 ms (model=OPENROUTER size=LARGE)
[LLMActionPlayer] API call took 200 ms (model=OPENROUTER size=LARGE)
[LLMActionPlayer] API call took 182 ms (model=OPENROUTER size=LARGE)
[LLMActionPlayer] API call took 193 ms (model=OPENROUTER size=LARGE)
[LLMActionPlayer] API call took 472 ms (model=OPENROUTER size=LARGE)
[LLMActionPlayer] API call took 267 ms (model=OPENROUTER size=LARGE)
[LLMActionPlayer] API call took 161 ms (model=OPENROUTER size=LARGE)
[LLMActionPlayer] API call took 181 ms (model=OPENROUTER size=LARGE)
[LLMActionPlayer] API call took 471 ms (model=OPENROUTER size=LARGE)
[LLMActionPlayer] API call took 446 ms (model=OPENROUTER size=LARGE)
[LLMActionPlayer] API call took 371 ms (model=OPENROUTER size=LARGE)
[LLMActionPlayer] API call took 395 ms (model=OPENROUTER size=LARGE)
[LLMActionPlayer] API call took 524 ms (model=OPENROUTER size=LARGE)
[LLMActionPlayer] API call took 488 ms (model=OPENROUTER size=LARGE)
[LLMActionPlayer] API call took 423 ms (model=OPENROUTER size=LARGE)
[LLMActionPlayer] API call took 379 ms (model=OPENROUTER size=LARGE)
[LLMActionPlayer] API call took 391 ms (model=OPENROUTER size=LARGE)
[LLMActionPlayer] API call took 364 ms (model=OPENROUTER size=LARGE)
[LLMActionPlayer] API call took 197 ms (model=OPENROUTER size=LARGE)
[LLMActionPlayer] API call took 457 ms (model=OPENROUTER size=LARGE)
[LLMActionPlayer] API call took 386 ms (model=OPENROUTER size=LARGE)
[LLMActionPlayer] API call took 656 ms (model=OPENROUTER size=LARGE)
[LLMActionPlayer] API call took 459 ms (model=OPENROUTER size=LARGE)
[LLMActionPlayer] API call took 582 ms (model=OPENROUTER size=LARGE)
[LLMActionPlayer] API call took 330 ms (model=OPENROUTER size=LARGE)
[LLMActionPlayer] API call took 447 ms (model=OPENROUTER size=LARGE)
[LLMActionPlayer] API call took 375 ms (model=OPENROUTER size=LARGE)
[LLMActionPlayer] API call took 417 ms (model=OPENROUTER size=LARGE)
[LLMActionPlayer] API call took 398 ms (model=OPENROUTER size=LARGE)
[LLMActionPlayer] API call took 199 ms (model=OPENROUTER size=LARGE)
[LOSE_GAME,LOSE_GAME,WIN_GAME]
[LLMActionPlayer] API call took 397 ms (model=OPENROUTER size=LARGE)
[LLMActionPlayer] API call took 195 ms (model=OPENROUTER size=LARGE)
[LLMActionPlayer] API call took 294 ms (model=OPENROUTER size=LARGE)
[LLMActionPlayer] API call took 198 ms (model=OPENROUTER size=LARGE)
[LLMActionPlayer] API call took 395 ms (model=OPENROUTER size=LARGE)
[LLMActionPlayer] API call took 215 ms (model=OPENROUTER size=LARGE)
[LLMActionPlayer] API call took 553 ms (model=OPENROUTER size=LARGE)
[LLMActionPlayer] API call took 229 ms (model=OPENROUTER size=LARGE)
[LLMActionPlayer] API call took 447 ms (model=OPENROUTER size=LARGE)
[LLMActionPlayer] API call took 394 ms (model=OPENROUTER size=LARGE)
[LLMActionPlayer] API call took 462 ms (model=OPENROUTER size=LARGE)
[LLMActionPlayer] API call took 573 ms (model=OPENROUTER size=LARGE)
[LLMActionPlayer] API call took 430 ms (model=OPENROUTER size=LARGE)
[LLMActionPlayer] API call took 512 ms (model=OPENROUTER size=LARGE)
[LLMActionPlayer] API call took 365 ms (model=OPENROUTER size=LARGE)
[LLMActionPlayer] API call took 491 ms (model=OPENROUTER size=LARGE)
[LLMActionPlayer] API call took 248 ms (model=OPENROUTER size=LARGE)
[LLMActionPlayer] API call took 213 ms (model=OPENROUTER size=LARGE)
[LLMActionPlayer] API call took 342 ms (model=OPENROUTER size=LARGE)
[LLMActionPlayer] API call took 360 ms (model=OPENROUTER size=LARGE)
[LLMActionPlayer] API call took 410 ms (model=OPENROUTER size=LARGE)
[LLMActionPlayer] API call took 611 ms (model=OPENROUTER size=LARGE)
[LLMActionPlayer] API call took 387 ms (model=OPENROUTER size=LARGE)
[LLMActionPlayer] API call took 303 ms (model=OPENROUTER size=LARGE)
[LLMActionPlayer] API call took 182 ms (model=OPENROUTER size=LARGE)
[LLMActionPlayer] API call took 214 ms (model=OPENROUTER size=LARGE)
[LLMActionPlayer] API call took 215 ms (model=OPENROUTER size=LARGE)
[LLMActionPlayer] API call took 236 ms (model=OPENROUTER size=LARGE)
[LLMActionPlayer] API call took 189 ms (model=OPENROUTER size=LARGE)
[LLMActionPlayer] API call took 175 ms (model=OPENROUTER size=LARGE)
[LLMActionPlayer] API call took 665 ms (model=OPENROUTER size=LARGE)
[LLMActionPlayer] API call took 438 ms (model=OPENROUTER size=LARGE)
[LLMActionPlayer] API call took 164 ms (model=OPENROUTER size=LARGE)
[LLMActionPlayer] API call took 213 ms (model=OPENROUTER size=LARGE)
[LLMActionPlayer] API call took 169 ms (model=OPENROUTER size=LARGE)
[LLMActionPlayer] API call took 613 ms (model=OPENROUTER size=LARGE)
[LLMActionPlayer] API call took 460 ms (model=OPENROUTER size=LARGE)
[LLMActionPlayer] API call took 239 ms (model=OPENROUTER size=LARGE)
[LLMActionPlayer] API call took 767 ms (model=OPENROUTER size=LARGE)
[LLMActionPlayer] API call took 347 ms (model=OPENROUTER size=LARGE)
[WIN_GAME,LOSE_GAME,LOSE_GAME]
[LLMActionPlayer] API call took 204 ms (model=OPENROUTER size=LARGE)
[LLMActionPlayer] API call took 207 ms (model=OPENROUTER size=LARGE)
[LLMActionPlayer] API call took 401 ms (model=OPENROUTER size=LARGE)
[LLMActionPlayer] API call took 205 ms (model=OPENROUTER size=LARGE)
[LLMActionPlayer] API call took 158 ms (model=OPENROUTER size=LARGE)
[LLMActionPlayer] API call took 176 ms (model=OPENROUTER size=LARGE)
[LLMActionPlayer] API call took 355 ms (model=OPENROUTER size=LARGE)
[LLMActionPlayer] API call took 384 ms (model=OPENROUTER size=LARGE)
[LLMActionPlayer] API call took 318 ms (model=OPENROUTER size=LARGE)
[LLMActionPlayer] API call took 276 ms (model=OPENROUTER size=LARGE)
[LLMActionPlayer] API call took 231 ms (model=OPENROUTER size=LARGE)
[WIN_GAME,LOSE_GAME,LOSE_GAME]
[LLMActionPlayer] API call took 172 ms (model=OPENROUTER size=LARGE)
[LLMActionPlayer] API call took 170 ms (model=OPENROUTER size=LARGE)
[LLMActionPlayer] API call took 131 ms (model=OPENROUTER size=LARGE)
[LLMActionPlayer] API call took 212 ms (model=OPENROUTER size=LARGE)
[LLMActionPlayer] API call took 233 ms (model=OPENROUTER size=LARGE)
[LLMActionPlayer] API call took 282 ms (model=OPENROUTER size=LARGE)
[LLMActionPlayer] API call took 359 ms (model=OPENROUTER size=LARGE)
[LLMActionPlayer] API call took 416 ms (model=OPENROUTER size=LARGE)
[LLMActionPlayer] API call took 276 ms (model=OPENROUTER size=LARGE)
[LLMActionPlayer] API call took 175 ms (model=OPENROUTER size=LARGE)
[LLMActionPlayer] API call took 391 ms (model=OPENROUTER size=LARGE)
[LLMActionPlayer] API call took 337 ms (model=OPENROUTER size=LARGE)
[LLMActionPlayer] API call took 615 ms (model=OPENROUTER size=LARGE)
[LLMActionPlayer] API call took 180 ms (model=OPENROUTER size=LARGE)
[LLMActionPlayer] API call took 330 ms (model=OPENROUTER size=LARGE)
[LLMActionPlayer] API call took 377 ms (model=OPENROUTER size=LARGE)
[LLMActionPlayer] API call took 681 ms (model=OPENROUTER size=LARGE)
[LLMActionPlayer] API call took 176 ms (model=OPENROUTER size=LARGE)
[LLMActionPlayer] API call took 180 ms (model=OPENROUTER size=LARGE)
[LLMActionPlayer] API call took 379 ms (model=OPENROUTER size=LARGE)
[LLMActionPlayer] API call took 252 ms (model=OPENROUTER size=LARGE)
[LLMActionPlayer] API call took 1148 ms (model=OPENROUTER size=LARGE)
[LLMActionPlayer] API call took 381 ms (model=OPENROUTER size=LARGE)
[LLMActionPlayer] API call took 197 ms (model=OPENROUTER size=LARGE)
[LLMActionPlayer] API call took 191 ms (model=OPENROUTER size=LARGE)
[LLMActionPlayer] API call took 506 ms (model=OPENROUTER size=LARGE)
[LLMActionPlayer] API call took 262 ms (model=OPENROUTER size=LARGE)
[LLMActionPlayer] API call took 156 ms (model=OPENROUTER size=LARGE)
[LLMActionPlayer] API call took 269 ms (model=OPENROUTER size=LARGE)
[LLMActionPlayer] API call took 283 ms (model=OPENROUTER size=LARGE)
[LLMActionPlayer] API call took 455 ms (model=OPENROUTER size=LARGE)
[LLMActionPlayer] API call took 196 ms (model=OPENROUTER size=LARGE)
[LLMActionPlayer] API call took 431 ms (model=OPENROUTER size=LARGE)
[LLMActionPlayer] API call took 561 ms (model=OPENROUTER size=LARGE)
[LLMActionPlayer] API call took 342 ms (model=OPENROUTER size=LARGE)
[LLMActionPlayer] API call took 324 ms (model=OPENROUTER size=LARGE)
[LLMActionPlayer] API call took 419 ms (model=OPENROUTER size=LARGE)
[LLMActionPlayer] API call took 460 ms (model=OPENROUTER size=LARGE)
[LLMActionPlayer] API call took 386 ms (model=OPENROUTER size=LARGE)
[LLMActionPlayer] API call took 301 ms (model=OPENROUTER size=LARGE)
[LLMActionPlayer] API call took 153 ms (model=OPENROUTER size=LARGE)
[LLMActionPlayer] API call took 231 ms (model=OPENROUTER size=LARGE)
[LLMActionPlayer] API call took 520 ms (model=OPENROUTER size=LARGE)
[LLMActionPlayer] API call took 474 ms (model=OPENROUTER size=LARGE)
[LLMActionPlayer] API call took 252 ms (model=OPENROUTER size=LARGE)
[LLMActionPlayer] API call took 376 ms (model=OPENROUTER size=LARGE)
[LLMActionPlayer] API call took 429 ms (model=OPENROUTER size=LARGE)
[LLMActionPlayer] API call took 201 ms (model=OPENROUTER size=LARGE)
[WIN_GAME,LOSE_GAME,LOSE_GAME]
[LLMActionPlayer] API call took 176 ms (model=OPENROUTER size=LARGE)
[LLMActionPlayer] API call took 186 ms (model=OPENROUTER size=LARGE)
[LLMActionPlayer] API call took 140 ms (model=OPENROUTER size=LARGE)
[LLMActionPlayer] API call took 219 ms (model=OPENROUTER size=LARGE)
[LLMActionPlayer] API call took 444 ms (model=OPENROUTER size=LARGE)
[LLMActionPlayer] API call took 416 ms (model=OPENROUTER size=LARGE)
[LLMActionPlayer] API call took 619 ms (model=OPENROUTER size=LARGE)
[LLMActionPlayer] API call took 454 ms (model=OPENROUTER size=LARGE)
[LLMActionPlayer] API call took 371 ms (model=OPENROUTER size=LARGE)
[LLMActionPlayer] API call took 350 ms (model=OPENROUTER size=LARGE)
[LLMActionPlayer] API call took 151 ms (model=OPENROUTER size=LARGE)
[LLMActionPlayer] API call took 179 ms (model=OPENROUTER size=LARGE)
[LLMActionPlayer] API call took 306 ms (model=OPENROUTER size=LARGE)
[LLMActionPlayer] API call took 299 ms (model=OPENROUTER size=LARGE)
[LLMActionPlayer] API call took 233 ms (model=OPENROUTER size=LARGE)
[LLMActionPlayer] API call took 196 ms (model=OPENROUTER size=LARGE)
[LLMActionPlayer] API call took 264 ms (model=OPENROUTER size=LARGE)
[LLMActionPlayer] API call took 338 ms (model=OPENROUTER size=LARGE)
[LLMActionPlayer] API call took 260 ms (model=OPENROUTER size=LARGE)
[LLMActionPlayer] API call took 226 ms (model=OPENROUTER size=LARGE)
[LLMActionPlayer] API call took 523 ms (model=OPENROUTER size=LARGE)
[LLMActionPlayer] API call took 289 ms (model=OPENROUTER size=LARGE)
[LLMActionPlayer] API call took 188 ms (model=OPENROUTER size=LARGE)
[LLMActionPlayer] API call took 1436 ms (model=OPENROUTER size=LARGE)
[LLMActionPlayer] API call took 825 ms (model=OPENROUTER size=LARGE)
[LLMActionPlayer] API call took 219 ms (model=OPENROUTER size=LARGE)
[LLMActionPlayer] API call took 222 ms (model=OPENROUTER size=LARGE)
[LLMActionPlayer] API call took 463 ms (model=OPENROUTER size=LARGE)
[LLMActionPlayer] API call took 364 ms (model=OPENROUTER size=LARGE)
[LLMActionPlayer] API call took 382 ms (model=OPENROUTER size=LARGE)
[LLMActionPlayer] API call took 416 ms (model=OPENROUTER size=LARGE)
[LLMActionPlayer] API call took 240 ms (model=OPENROUTER size=LARGE)
[LLMActionPlayer] API call took 378 ms (model=OPENROUTER size=LARGE)
[LLMActionPlayer] API call took 352 ms (model=OPENROUTER size=LARGE)
[LLMActionPlayer] API call took 282 ms (model=OPENROUTER size=LARGE)
[LLMActionPlayer] API call took 329 ms (model=OPENROUTER size=LARGE)
[LLMActionPlayer] API call took 501 ms (model=OPENROUTER size=LARGE)
[LLMActionPlayer] API call took 211 ms (model=OPENROUTER size=LARGE)
[LLMActionPlayer] API call took 184 ms (model=OPENROUTER size=LARGE)
[LLMActionPlayer] API call took 369 ms (model=OPENROUTER size=LARGE)
[LLMActionPlayer] API call took 455 ms (model=OPENROUTER size=LARGE)
[LLMActionPlayer] API call took 191 ms (model=OPENROUTER size=LARGE)
[LLMActionPlayer] API call took 258 ms (model=OPENROUTER size=LARGE)
[LLMActionPlayer] API call took 368 ms (model=OPENROUTER size=LARGE)
[LLMActionPlayer] API call took 366 ms (model=OPENROUTER size=LARGE)
[LLMActionPlayer] API call took 373 ms (model=OPENROUTER size=LARGE)
[LLMActionPlayer] API call took 407 ms (model=OPENROUTER size=LARGE)
[LLMActionPlayer] API call took 482 ms (model=OPENROUTER size=LARGE)
[LLMActionPlayer] API call took 216 ms (model=OPENROUTER size=LARGE)
[WIN_GAME,LOSE_GAME,LOSE_GAME]
[LLMActionPlayer] API call took 213 ms (model=OPENROUTER size=LARGE)
[LLMActionPlayer] API call took 165 ms (model=OPENROUTER size=LARGE)
[LLMActionPlayer] API call took 417 ms (model=OPENROUTER size=LARGE)
[LLMActionPlayer] API call took 568 ms (model=OPENROUTER size=LARGE)
[LLMActionPlayer] API call took 234 ms (model=OPENROUTER size=LARGE)
[LLMActionPlayer] API call took 336 ms (model=OPENROUTER size=LARGE)
[LLMActionPlayer] API call took 180 ms (model=OPENROUTER size=LARGE)
[LLMActionPlayer] API call took 540 ms (model=OPENROUTER size=LARGE)
[LLMActionPlayer] API call took 214 ms (model=OPENROUTER size=LARGE)
[LLMActionPlayer] API call took 237 ms (model=OPENROUTER size=LARGE)
[LLMActionPlayer] API call took 412 ms (model=OPENROUTER size=LARGE)
[LLMActionPlayer] API call took 334 ms (model=OPENROUTER size=LARGE)
[LLMActionPlayer] API call took 473 ms (model=OPENROUTER size=LARGE)
[LLMActionPlayer] API call took 252 ms (model=OPENROUTER size=LARGE)
[LLMActionPlayer] API call took 254 ms (model=OPENROUTER size=LARGE)
[LLMActionPlayer] API call took 253 ms (model=OPENROUTER size=LARGE)
[LLMActionPlayer] API call took 400 ms (model=OPENROUTER size=LARGE)
[LLMActionPlayer] API call took 454 ms (model=OPENROUTER size=LARGE)
[LLMActionPlayer] API call took 458 ms (model=OPENROUTER size=LARGE)
[LLMActionPlayer] API call took 404 ms (model=OPENROUTER size=LARGE)
[LLMActionPlayer] API call took 251 ms (model=OPENROUTER size=LARGE)
[LLMActionPlayer] API call took 329 ms (model=OPENROUTER size=LARGE)
[LLMActionPlayer] API call took 362 ms (model=OPENROUTER size=LARGE)
[LLMActionPlayer] API call took 200 ms (model=OPENROUTER size=LARGE)
[LLMActionPlayer] API call took 385 ms (model=OPENROUTER size=LARGE)
[LLMActionPlayer] API call took 536 ms (model=OPENROUTER size=LARGE)
[WIN_GAME,LOSE_GAME,LOSE_GAME]
[LLMActionPlayer] API call took 201 ms (model=OPENROUTER size=LARGE)
[LLMActionPlayer] API call took 210 ms (model=OPENROUTER size=LARGE)
[LLMActionPlayer] API call took 472 ms (model=OPENROUTER size=LARGE)
[LLMActionPlayer] API call took 410 ms (model=OPENROUTER size=LARGE)
[LLMActionPlayer] API call took 160 ms (model=OPENROUTER size=LARGE)
[LLMActionPlayer] API call took 483 ms (model=OPENROUTER size=LARGE)
[LLMActionPlayer] API call took 374 ms (model=OPENROUTER size=LARGE)
[LLMActionPlayer] API call took 278 ms (model=OPENROUTER size=LARGE)
[LLMActionPlayer] API call took 266 ms (model=OPENROUTER size=LARGE)
[LLMActionPlayer] API call took 392 ms (model=OPENROUTER size=LARGE)
[LLMActionPlayer] API call took 582 ms (model=OPENROUTER size=LARGE)
[LLMActionPlayer] API call took 163 ms (model=OPENROUTER size=LARGE)
[LLMActionPlayer] API call took 367 ms (model=OPENROUTER size=LARGE)
[LLMActionPlayer] API call took 326 ms (model=OPENROUTER size=LARGE)
[LLMActionPlayer] API call took 380 ms (model=OPENROUTER size=LARGE)
[LLMActionPlayer] API call took 483 ms (model=OPENROUTER size=LARGE)
[LLMActionPlayer] API call took 401 ms (model=OPENROUTER size=LARGE)
[LLMActionPlayer] API call took 431 ms (model=OPENROUTER size=LARGE)
[LLMActionPlayer] API call took 365 ms (model=OPENROUTER size=LARGE)
[LLMActionPlayer] API call took 342 ms (model=OPENROUTER size=LARGE)
[LLMActionPlayer] API call took 481 ms (model=OPENROUTER size=LARGE)
[LLMActionPlayer] API call took 184 ms (model=OPENROUTER size=LARGE)
[LLMActionPlayer] API call took 450 ms (model=OPENROUTER size=LARGE)
[LLMActionPlayer] API call took 431 ms (model=OPENROUTER size=LARGE)
[LLMActionPlayer] API call took 159 ms (model=OPENROUTER size=LARGE)
[LLMActionPlayer] API call took 549 ms (model=OPENROUTER size=LARGE)
[LLMActionPlayer] API call took 500 ms (model=OPENROUTER size=LARGE)
[LLMActionPlayer] API call took 715 ms (model=OPENROUTER size=LARGE)
[LLMActionPlayer] API call took 446 ms (model=OPENROUTER size=LARGE)
[LLMActionPlayer] API call took 470 ms (model=OPENROUTER size=LARGE)
[LLMActionPlayer] API call took 574 ms (model=OPENROUTER size=LARGE)
[LLMActionPlayer] API call took 479 ms (model=OPENROUTER size=LARGE)
[LLMActionPlayer] API call took 715 ms (model=OPENROUTER size=LARGE)
[LLMActionPlayer] API call took 439 ms (model=OPENROUTER size=LARGE)
[LLMActionPlayer] API call took 419 ms (model=OPENROUTER size=LARGE)
[LLMActionPlayer] API call took 330 ms (model=OPENROUTER size=LARGE)
[LLMActionPlayer] API call took 398 ms (model=OPENROUTER size=LARGE)
[LLMActionPlayer] API call took 413 ms (model=OPENROUTER size=LARGE)
[LLMActionPlayer] API call took 722 ms (model=OPENROUTER size=LARGE)
[LLMActionPlayer] API call took 394 ms (model=OPENROUTER size=LARGE)
[LLMActionPlayer] API call took 181 ms (model=OPENROUTER size=LARGE)
[LLMActionPlayer] API call took 185 ms (model=OPENROUTER size=LARGE)
[LLMActionPlayer] API call took 367 ms (model=OPENROUTER size=LARGE)
[LLMActionPlayer] API call took 352 ms (model=OPENROUTER size=LARGE)
[LLMActionPlayer] API call took 400 ms (model=OPENROUTER size=LARGE)
[LLMActionPlayer] API call took 542 ms (model=OPENROUTER size=LARGE)
[LLMActionPlayer] API call took 244 ms (model=OPENROUTER size=LARGE)
[LLMActionPlayer] API call took 450 ms (model=OPENROUTER size=LARGE)
[LLMActionPlayer] API call took 545 ms (model=OPENROUTER size=LARGE)
[WIN_GAME,LOSE_GAME,LOSE_GAME]
[LLMActionPlayer] API call took 253 ms (model=OPENROUTER size=LARGE)
[LLMActionPlayer] API call took 345 ms (model=OPENROUTER size=LARGE)
[LLMActionPlayer] API call took 214 ms (model=OPENROUTER size=LARGE)
[LLMActionPlayer] API call took 186 ms (model=OPENROUTER size=LARGE)
[LLMActionPlayer] API call took 559 ms (model=OPENROUTER size=LARGE)
[LLMActionPlayer] API call took 241 ms (model=OPENROUTER size=LARGE)
[LLMActionPlayer] API call took 488 ms (model=OPENROUTER size=LARGE)
[LLMActionPlayer] API call took 448 ms (model=OPENROUTER size=LARGE)
[LLMActionPlayer] API call took 370 ms (model=OPENROUTER size=LARGE)
[LLMActionPlayer] API call took 446 ms (model=OPENROUTER size=LARGE)
[LLMActionPlayer] API call took 416 ms (model=OPENROUTER size=LARGE)
[LLMActionPlayer] API call took 386 ms (model=OPENROUTER size=LARGE)
[LLMActionPlayer] API call took 425 ms (model=OPENROUTER size=LARGE)
[LLMActionPlayer] API call took 239 ms (model=OPENROUTER size=LARGE)
[LLMActionPlayer] API call took 445 ms (model=OPENROUTER size=LARGE)
[LLMActionPlayer] API call took 470 ms (model=OPENROUTER size=LARGE)
[LLMActionPlayer] API call took 192 ms (model=OPENROUTER size=LARGE)
[LLMActionPlayer] API call took 415 ms (model=OPENROUTER size=LARGE)
[LLMActionPlayer] API call took 678 ms (model=OPENROUTER size=LARGE)
[LLMActionPlayer] API call took 366 ms (model=OPENROUTER size=LARGE)
[LLMActionPlayer] API call took 197 ms (model=OPENROUTER size=LARGE)
[LLMActionPlayer] API call took 473 ms (model=OPENROUTER size=LARGE)
[LLMActionPlayer] API call took 466 ms (model=OPENROUTER size=LARGE)
[LLMActionPlayer] API call took 593 ms (model=OPENROUTER size=LARGE)
[LLMActionPlayer] API call took 230 ms (model=OPENROUTER size=LARGE)
[LLMActionPlayer] API call took 262 ms (model=OPENROUTER size=LARGE)
[LLMActionPlayer] API call took 438 ms (model=OPENROUTER size=LARGE)
[LLMActionPlayer] API call took 421 ms (model=OPENROUTER size=LARGE)
[LLMActionPlayer] API call took 528 ms (model=OPENROUTER size=LARGE)
[LLMActionPlayer] API call took 538 ms (model=OPENROUTER size=LARGE)
[LLMActionPlayer] API call took 537 ms (model=OPENROUTER size=LARGE)
[LLMActionPlayer] API call took 661 ms (model=OPENROUTER size=LARGE)
[LLMActionPlayer] API call took 627 ms (model=OPENROUTER size=LARGE)
[LLMActionPlayer] API call took 486 ms (model=OPENROUTER size=LARGE)
[LLMActionPlayer] API call took 503 ms (model=OPENROUTER size=LARGE)
[LLMActionPlayer] API call took 411 ms (model=OPENROUTER size=LARGE)
[LLMActionPlayer] API call took 484 ms (model=OPENROUTER size=LARGE)
[LLMActionPlayer] API call took 173 ms (model=OPENROUTER size=LARGE)
[LLMActionPlayer] API call took 288 ms (model=OPENROUTER size=LARGE)
[LLMActionPlayer] API call took 728 ms (model=OPENROUTER size=LARGE)
[LLMActionPlayer] API call took 463 ms (model=OPENROUTER size=LARGE)
[LLMActionPlayer] API call took 218 ms (model=OPENROUTER size=LARGE)
[LLMActionPlayer] API call took 250 ms (model=OPENROUTER size=LARGE)
[LLMActionPlayer] API call took 162 ms (model=OPENROUTER size=LARGE)
[LLMActionPlayer] API call took 410 ms (model=OPENROUTER size=LARGE)
[LLMActionPlayer] API call took 451 ms (model=OPENROUTER size=LARGE)
[LLMActionPlayer] API call took 436 ms (model=OPENROUTER size=LARGE)
[LLMActionPlayer] API call took 533 ms (model=OPENROUTER size=LARGE)
[LLMActionPlayer] API call took 612 ms (model=OPENROUTER size=LARGE)
[LLMActionPlayer] API call took 728 ms (model=OPENROUTER size=LARGE)
[LLMActionPlayer] API call took 430 ms (model=OPENROUTER size=LARGE)
[LLMActionPlayer] API call took 529 ms (model=OPENROUTER size=LARGE)
[LLMActionPlayer] API call took 460 ms (model=OPENROUTER size=LARGE)
[LLMActionPlayer] API call took 636 ms (model=OPENROUTER size=LARGE)
[LLMActionPlayer] API call took 654 ms (model=OPENROUTER size=LARGE)
[LLMActionPlayer] API call took 313 ms (model=OPENROUTER size=LARGE)
[LLMActionPlayer] API call took 213 ms (model=OPENROUTER size=LARGE)
[LLMActionPlayer] API call took 209 ms (model=OPENROUTER size=LARGE)
[LLMActionPlayer] API call took 637 ms (model=OPENROUTER size=LARGE)
[LLMActionPlayer] API call took 636 ms (model=OPENROUTER size=LARGE)
[LLMActionPlayer] API call took 477 ms (model=OPENROUTER size=LARGE)
[LOSE_GAME,WIN_GAME,LOSE_GAME]
[LLMActionPlayer] API call took 218 ms (model=OPENROUTER size=LARGE)
[LLMActionPlayer] API call took 171 ms (model=OPENROUTER size=LARGE)
[LLMActionPlayer] API call took 249 ms (model=OPENROUTER size=LARGE)
[LLMActionPlayer] API call took 281 ms (model=OPENROUTER size=LARGE)
[LLMActionPlayer] API call took 164 ms (model=OPENROUTER size=LARGE)
[LLMActionPlayer] API call took 240 ms (model=OPENROUTER size=LARGE)
[LLMActionPlayer] API call took 346 ms (model=OPENROUTER size=LARGE)
[LLMActionPlayer] API call took 474 ms (model=OPENROUTER size=LARGE)
[LLMActionPlayer] API call took 208 ms (model=OPENROUTER size=LARGE)
[LLMActionPlayer] API call took 276 ms (model=OPENROUTER size=LARGE)
[LLMActionPlayer] API call took 379 ms (model=OPENROUTER size=LARGE)
[LLMActionPlayer] API call took 548 ms (model=OPENROUTER size=LARGE)
[LLMActionPlayer] API call took 159 ms (model=OPENROUTER size=LARGE)
[LLMActionPlayer] API call took 324 ms (model=OPENROUTER size=LARGE)
[LLMActionPlayer] API call took 356 ms (model=OPENROUTER size=LARGE)
[LLMActionPlayer] API call took 210 ms (model=OPENROUTER size=LARGE)
[LLMActionPlayer] API call took 421 ms (model=OPENROUTER size=LARGE)
[LLMActionPlayer] API call took 256 ms (model=OPENROUTER size=LARGE)
[LLMActionPlayer] API call took 538 ms (model=OPENROUTER size=LARGE)
[LLMActionPlayer] API call took 162 ms (model=OPENROUTER size=LARGE)
[LLMActionPlayer] API call took 595 ms (model=OPENROUTER size=LARGE)
[LLMActionPlayer] API call took 404 ms (model=OPENROUTER size=LARGE)
[LLMActionPlayer] API call took 384 ms (model=OPENROUTER size=LARGE)
[LLMActionPlayer] API call took 368 ms (model=OPENROUTER size=LARGE)
[LLMActionPlayer] API call took 261 ms (model=OPENROUTER size=LARGE)
[LLMActionPlayer] API call took 389 ms (model=OPENROUTER size=LARGE)
[LLMActionPlayer] API call took 574 ms (model=OPENROUTER size=LARGE)
[LLMActionPlayer] API call took 333 ms (model=OPENROUTER size=LARGE)
[LLMActionPlayer] API call took 239 ms (model=OPENROUTER size=LARGE)
[LLMActionPlayer] API call took 161 ms (model=OPENROUTER size=LARGE)
[LLMActionPlayer] API call took 372 ms (model=OPENROUTER size=LARGE)
[LLMActionPlayer] API call took 639 ms (model=OPENROUTER size=LARGE)
[LLMActionPlayer] API call took 599 ms (model=OPENROUTER size=LARGE)
[LLMActionPlayer] API call took 366 ms (model=OPENROUTER size=LARGE)
[LLMActionPlayer] API call took 245 ms (model=OPENROUTER size=LARGE)
[LLMActionPlayer] API call took 236 ms (model=OPENROUTER size=LARGE)
[LLMActionPlayer] API call took 519 ms (model=OPENROUTER size=LARGE)
[LLMActionPlayer] API call took 546 ms (model=OPENROUTER size=LARGE)
[LLMActionPlayer] API call took 489 ms (model=OPENROUTER size=LARGE)
[LLMActionPlayer] API call took 396 ms (model=OPENROUTER size=LARGE)
[LLMActionPlayer] API call took 393 ms (model=OPENROUTER size=LARGE)
[LLMActionPlayer] API call took 382 ms (model=OPENROUTER size=LARGE)
[LLMActionPlayer] API call took 140 ms (model=OPENROUTER size=LARGE)
[LLMActionPlayer] API call took 416 ms (model=OPENROUTER size=LARGE)
[LLMActionPlayer] API call took 299 ms (model=OPENROUTER size=LARGE)
[LLMActionPlayer] API call took 425 ms (model=OPENROUTER size=LARGE)
[LLMActionPlayer] API call took 388 ms (model=OPENROUTER size=LARGE)
[LLMActionPlayer] API call took 252 ms (model=OPENROUTER size=LARGE)
[LLMActionPlayer] API call took 208 ms (model=OPENROUTER size=LARGE)
[LLMActionPlayer] API call took 563 ms (model=OPENROUTER size=LARGE)
[LLMActionPlayer] API call took 532 ms (model=OPENROUTER size=LARGE)
[LLMActionPlayer] API call took 182 ms (model=OPENROUTER size=LARGE)
[LLMActionPlayer] API call took 669 ms (model=OPENROUTER size=LARGE)
[LLMActionPlayer] API call took 555 ms (model=OPENROUTER size=LARGE)
[LLMActionPlayer] API call took 145 ms (model=OPENROUTER size=LARGE)
[LLMActionPlayer] API call took 1058 ms (model=OPENROUTER size=LARGE)
[LLMActionPlayer] API call took 947 ms (model=OPENROUTER size=LARGE)
[LLMActionPlayer] API call took 210 ms (model=OPENROUTER size=LARGE)
[LLMActionPlayer] API call took 196 ms (model=OPENROUTER size=LARGE)
[LLMActionPlayer] API call took 685 ms (model=OPENROUTER size=LARGE)
[LLMActionPlayer] API call took 728 ms (model=OPENROUTER size=LARGE)
[LLMActionPlayer] API call took 551 ms (model=OPENROUTER size=LARGE)
[LLMActionPlayer] API call took 196 ms (model=OPENROUTER size=LARGE)
[LLMActionPlayer] API call took 878 ms (model=OPENROUTER size=LARGE)
[LLMActionPlayer] API call took 806 ms (model=OPENROUTER size=LARGE)
[LLMActionPlayer] API call took 862 ms (model=OPENROUTER size=LARGE)
[LLMActionPlayer] API call took 684 ms (model=OPENROUTER size=LARGE)
[LLMActionPlayer] API call took 940 ms (model=OPENROUTER size=LARGE)
[LLMActionPlayer] API call took 567 ms (model=OPENROUTER size=LARGE)
[LLMActionPlayer] API call took 692 ms (model=OPENROUTER size=LARGE)
[LLMActionPlayer] API call took 568 ms (model=OPENROUTER size=LARGE)
[LLMActionPlayer] API call took 424 ms (model=OPENROUTER size=LARGE)
[LLMActionPlayer] API call took 824 ms (model=OPENROUTER size=LARGE)
[LLMActionPlayer] API call took 405 ms (model=OPENROUTER size=LARGE)
[LLMActionPlayer] API call took 336 ms (model=OPENROUTER size=LARGE)
[LLMActionPlayer] API call took 235 ms (model=OPENROUTER size=LARGE)
[LLMActionPlayer] API call took 394 ms (model=OPENROUTER size=LARGE)
[LLMActionPlayer] API call took 498 ms (model=OPENROUTER size=LARGE)
[LLMActionPlayer] API call took 179 ms (model=OPENROUTER size=LARGE)
[LLMActionPlayer] API call took 402 ms (model=OPENROUTER size=LARGE)
[LLMActionPlayer] API call took 328 ms (model=OPENROUTER size=LARGE)
[LLMActionPlayer] API call took 760 ms (model=OPENROUTER size=LARGE)
[LLMActionPlayer] API call took 581 ms (model=OPENROUTER size=LARGE)
[LLMActionPlayer] API call took 577 ms (model=OPENROUTER size=LARGE)
[LLMActionPlayer] API call took 510 ms (model=OPENROUTER size=LARGE)
[LLMActionPlayer] API call took 620 ms (model=OPENROUTER size=LARGE)
[LLMActionPlayer] API call took 392 ms (model=OPENROUTER size=LARGE)
[LLMActionPlayer] API call took 615 ms (model=OPENROUTER size=LARGE)
[LLMActionPlayer] API call took 434 ms (model=OPENROUTER size=LARGE)
[LLMActionPlayer] API call took 224 ms (model=OPENROUTER size=LARGE)
[LLMActionPlayer] API call took 400 ms (model=OPENROUTER size=LARGE)
[LLMActionPlayer] API call took 474 ms (model=OPENROUTER size=LARGE)
[LLMActionPlayer] API call took 408 ms (model=OPENROUTER size=LARGE)
[LLMActionPlayer] API call took 679 ms (model=OPENROUTER size=LARGE)
[LLMActionPlayer] API call took 360 ms (model=OPENROUTER size=LARGE)
[LOSE_GAME,LOSE_GAME,WIN_GAME]
[LLMActionPlayer] API call took 170 ms (model=OPENROUTER size=LARGE)
[LLMActionPlayer] API call took 290 ms (model=OPENROUTER size=LARGE)
[LLMActionPlayer] API call took 381 ms (model=OPENROUTER size=LARGE)
[LLMActionPlayer] API call took 431 ms (model=OPENROUTER size=LARGE)
[LLMActionPlayer] API call took 188 ms (model=OPENROUTER size=LARGE)
[LLMActionPlayer] API call took 202 ms (model=OPENROUTER size=LARGE)
[LLMActionPlayer] API call took 193 ms (model=OPENROUTER size=LARGE)
[LLMActionPlayer] API call took 442 ms (model=OPENROUTER size=LARGE)
[LLMActionPlayer] API call took 667 ms (model=OPENROUTER size=LARGE)
[LLMActionPlayer] API call took 390 ms (model=OPENROUTER size=LARGE)
[LLMActionPlayer] API call took 387 ms (model=OPENROUTER size=LARGE)
[LLMActionPlayer] API call took 286 ms (model=OPENROUTER size=LARGE)
[LLMActionPlayer] API call took 375 ms (model=OPENROUTER size=LARGE)
[LLMActionPlayer] API call took 531 ms (model=OPENROUTER size=LARGE)
[LLMActionPlayer] API call took 482 ms (model=OPENROUTER size=LARGE)
[LLMActionPlayer] API call took 224 ms (model=OPENROUTER size=LARGE)
[LLMActionPlayer] API call took 610 ms (model=OPENROUTER size=LARGE)
[LLMActionPlayer] API call took 279 ms (model=OPENROUTER size=LARGE)
[LLMActionPlayer] API call took 227 ms (model=OPENROUTER size=LARGE)
[WIN_GAME,LOSE_GAME,LOSE_GAME]
[LLMActionPlayer] API call took 184 ms (model=OPENROUTER size=LARGE)
[LLMActionPlayer] API call took 215 ms (model=OPENROUTER size=LARGE)
[LLMActionPlayer] API call took 169 ms (model=OPENROUTER size=LARGE)
[LLMActionPlayer] API call took 222 ms (model=OPENROUTER size=LARGE)
[LLMActionPlayer] API call took 225 ms (model=OPENROUTER size=LARGE)
[LLMActionPlayer] API call took 291 ms (model=OPENROUTER size=LARGE)
[LLMActionPlayer] API call took 362 ms (model=OPENROUTER size=LARGE)
[LLMActionPlayer] API call took 208 ms (model=OPENROUTER size=LARGE)
[LLMActionPlayer] API call took 463 ms (model=OPENROUTER size=LARGE)
[LLMActionPlayer] API call took 404 ms (model=OPENROUTER size=LARGE)
[LLMActionPlayer] API call took 206 ms (model=OPENROUTER size=LARGE)
[LLMActionPlayer] API call took 172 ms (model=OPENROUTER size=LARGE)
[LLMActionPlayer] API call took 441 ms (model=OPENROUTER size=LARGE)
[LLMActionPlayer] API call took 444 ms (model=OPENROUTER size=LARGE)
[LLMActionPlayer] API call took 165 ms (model=OPENROUTER size=LARGE)
[LLMActionPlayer] API call took 698 ms (model=OPENROUTER size=LARGE)
[LLMActionPlayer] API call took 152 ms (model=OPENROUTER size=LARGE)
[LLMActionPlayer] API call took 221 ms (model=OPENROUTER size=LARGE)
[LLMActionPlayer] API call took 279 ms (model=OPENROUTER size=LARGE)
[LLMActionPlayer] API call took 211 ms (model=OPENROUTER size=LARGE)
[LLMActionPlayer] API call took 209 ms (model=OPENROUTER size=LARGE)
[LLMActionPlayer] API call took 453 ms (model=OPENROUTER size=LARGE)
[LLMActionPlayer] API call took 169 ms (model=OPENROUTER size=LARGE)
[LLMActionPlayer] API call took 425 ms (model=OPENROUTER size=LARGE)
[LLMActionPlayer] API call took 360 ms (model=OPENROUTER size=LARGE)
[LLMActionPlayer] API call took 475 ms (model=OPENROUTER size=LARGE)
[LLMActionPlayer] API call took 542 ms (model=OPENROUTER size=LARGE)
[LLMActionPlayer] API call took 367 ms (model=OPENROUTER size=LARGE)
[WIN_GAME,LOSE_GAME,LOSE_GAME]
[LLMActionPlayer] API call took 466 ms (model=OPENROUTER size=LARGE)
[LLMActionPlayer] API call took 192 ms (model=OPENROUTER size=LARGE)
[LLMActionPlayer] API call took 329 ms (model=OPENROUTER size=LARGE)
[LLMActionPlayer] API call took 306 ms (model=OPENROUTER size=LARGE)
[LLMActionPlayer] API call took 314 ms (model=OPENROUTER size=LARGE)
[LLMActionPlayer] API call took 311 ms (model=OPENROUTER size=LARGE)
[LLMActionPlayer] API call took 446 ms (model=OPENROUTER size=LARGE)
[LLMActionPlayer] API call took 403 ms (model=OPENROUTER size=LARGE)
[LLMActionPlayer] API call took 434 ms (model=OPENROUTER size=LARGE)
[LLMActionPlayer] API call took 205 ms (model=OPENROUTER size=LARGE)
[LLMActionPlayer] API call took 227 ms (model=OPENROUTER size=LARGE)
[LLMActionPlayer] API call took 352 ms (model=OPENROUTER size=LARGE)
[LLMActionPlayer] API call took 320 ms (model=OPENROUTER size=LARGE)
[LLMActionPlayer] API call took 376 ms (model=OPENROUTER size=LARGE)
[LLMActionPlayer] API call took 292 ms (model=OPENROUTER size=LARGE)
[LLMActionPlayer] API call took 353 ms (model=OPENROUTER size=LARGE)
[LLMActionPlayer] API call took 205 ms (model=OPENROUTER size=LARGE)
[LLMActionPlayer] API call took 517 ms (model=OPENROUTER size=LARGE)
[LLMActionPlayer] API call took 558 ms (model=OPENROUTER size=LARGE)
[LLMActionPlayer] API call took 400 ms (model=OPENROUTER size=LARGE)
[LLMActionPlayer] API call took 410 ms (model=OPENROUTER size=LARGE)
[LLMActionPlayer] API call took 400 ms (model=OPENROUTER size=LARGE)
[LLMActionPlayer] API call took 259 ms (model=OPENROUTER size=LARGE)
[LLMActionPlayer] API call took 181 ms (model=OPENROUTER size=LARGE)
[LLMActionPlayer] API call took 202 ms (model=OPENROUTER size=LARGE)
[LLMActionPlayer] API call took 721 ms (model=OPENROUTER size=LARGE)
[LLMActionPlayer] API call took 912 ms (model=OPENROUTER size=LARGE)
[LLMActionPlayer] API call took 222 ms (model=OPENROUTER size=LARGE)
[LLMActionPlayer] API call took 413 ms (model=OPENROUTER size=LARGE)
[LLMActionPlayer] API call took 354 ms (model=OPENROUTER size=LARGE)
[LLMActionPlayer] API call took 335 ms (model=OPENROUTER size=LARGE)
[LLMActionPlayer] API call took 738 ms (model=OPENROUTER size=LARGE)
[LLMActionPlayer] API call took 671 ms (model=OPENROUTER size=LARGE)
[LLMActionPlayer] API call took 483 ms (model=OPENROUTER size=LARGE)
[LLMActionPlayer] API call took 386 ms (model=OPENROUTER size=LARGE)
[LLMActionPlayer] API call took 144 ms (model=OPENROUTER size=LARGE)
[LLMActionPlayer] API call took 425 ms (model=OPENROUTER size=LARGE)
[LLMActionPlayer] API call took 515 ms (model=OPENROUTER size=LARGE)
[LLMActionPlayer] API call took 180 ms (model=OPENROUTER size=LARGE)
[LLMActionPlayer] API call took 453 ms (model=OPENROUTER size=LARGE)
[LLMActionPlayer] API call took 576 ms (model=OPENROUTER size=LARGE)
[LLMActionPlayer] API call took 253 ms (model=OPENROUTER size=LARGE)
[WIN_GAME,LOSE_GAME,LOSE_GAME]
[LLMActionPlayer] API call took 212 ms (model=OPENROUTER size=LARGE)
[LLMActionPlayer] API call took 180 ms (model=OPENROUTER size=LARGE)
[LLMActionPlayer] API call took 301 ms (model=OPENROUTER size=LARGE)
[LLMActionPlayer] API call took 458 ms (model=OPENROUTER size=LARGE)
[LLMActionPlayer] API call took 390 ms (model=OPENROUTER size=LARGE)
[LLMActionPlayer] API call took 203 ms (model=OPENROUTER size=LARGE)
[LLMActionPlayer] API call took 394 ms (model=OPENROUTER size=LARGE)
[LLMActionPlayer] API call took 434 ms (model=OPENROUTER size=LARGE)
[LLMActionPlayer] API call took 166 ms (model=OPENROUTER size=LARGE)
[LLMActionPlayer] API call took 215 ms (model=OPENROUTER size=LARGE)
[LLMActionPlayer] API call took 459 ms (model=OPENROUTER size=LARGE)
[LLMActionPlayer] API call took 436 ms (model=OPENROUTER size=LARGE)
[LLMActionPlayer] API call took 394 ms (model=OPENROUTER size=LARGE)
[LLMActionPlayer] API call took 264 ms (model=OPENROUTER size=LARGE)
[LLMActionPlayer] API call took 557 ms (model=OPENROUTER size=LARGE)
[LLMActionPlayer] API call took 444 ms (model=OPENROUTER size=LARGE)
[LLMActionPlayer] API call took 247 ms (model=OPENROUTER size=LARGE)
[WIN_GAME,LOSE_GAME,LOSE_GAME]
[LLMActionPlayer] API call took 214 ms (model=OPENROUTER size=LARGE)
[LLMActionPlayer] API call took 366 ms (model=OPENROUTER size=LARGE)
[LLMActionPlayer] API call took 294 ms (model=OPENROUTER size=LARGE)
[LLMActionPlayer] API call took 212 ms (model=OPENROUTER size=LARGE)
[LLMActionPlayer] API call took 402 ms (model=OPENROUTER size=LARGE)
[LLMActionPlayer] API call took 414 ms (model=OPENROUTER size=LARGE)
[LLMActionPlayer] API call took 395 ms (model=OPENROUTER size=LARGE)
[LLMActionPlayer] API call took 182 ms (model=OPENROUTER size=LARGE)
[LLMActionPlayer] API call took 218 ms (model=OPENROUTER size=LARGE)
[LLMActionPlayer] API call took 220 ms (model=OPENROUTER size=LARGE)
[LLMActionPlayer] API call took 688 ms (model=OPENROUTER size=LARGE)
[LLMActionPlayer] API call took 288 ms (model=OPENROUTER size=LARGE)
[LLMActionPlayer] API call took 224 ms (model=OPENROUTER size=LARGE)
[LLMActionPlayer] API call took 186 ms (model=OPENROUTER size=LARGE)
[LLMActionPlayer] API call took 276 ms (model=OPENROUTER size=LARGE)
[LLMActionPlayer] API call took 229 ms (model=OPENROUTER size=LARGE)
[LLMActionPlayer] API call took 360 ms (model=OPENROUTER size=LARGE)
[LLMActionPlayer] API call took 374 ms (model=OPENROUTER size=LARGE)
[LLMActionPlayer] API call took 460 ms (model=OPENROUTER size=LARGE)
[LLMActionPlayer] API call took 686 ms (model=OPENROUTER size=LARGE)
[LLMActionPlayer] API call took 324 ms (model=OPENROUTER size=LARGE)
[LLMActionPlayer] API call took 652 ms (model=OPENROUTER size=LARGE)
[LLMActionPlayer] API call took 510 ms (model=OPENROUTER size=LARGE)
[LLMActionPlayer] API call took 371 ms (model=OPENROUTER size=LARGE)
[LLMActionPlayer] API call took 420 ms (model=OPENROUTER size=LARGE)
[LLMActionPlayer] API call took 523 ms (model=OPENROUTER size=LARGE)
[LLMActionPlayer] API call took 188 ms (model=OPENROUTER size=LARGE)
[LLMActionPlayer] API call took 386 ms (model=OPENROUTER size=LARGE)
[LLMActionPlayer] API call took 350 ms (model=OPENROUTER size=LARGE)
[LLMActionPlayer] API call took 198 ms (model=OPENROUTER size=LARGE)
[LLMActionPlayer] API call took 220 ms (model=OPENROUTER size=LARGE)
[LLMActionPlayer] API call took 254 ms (model=OPENROUTER size=LARGE)
[LLMActionPlayer] API call took 370 ms (model=OPENROUTER size=LARGE)
[LLMActionPlayer] API call took 220 ms (model=OPENROUTER size=LARGE)
[LLMActionPlayer] API call took 484 ms (model=OPENROUTER size=LARGE)
[LLMActionPlayer] API call took 443 ms (model=OPENROUTER size=LARGE)
[LLMActionPlayer] API call took 140 ms (model=OPENROUTER size=LARGE)
[WIN_GAME,LOSE_GAME,LOSE_GAME]
[LLMActionPlayer] API call took 562 ms (model=OPENROUTER size=LARGE)
[LLMActionPlayer] API call took 363 ms (model=OPENROUTER size=LARGE)
[LLMActionPlayer] API call took 346 ms (model=OPENROUTER size=LARGE)
[LLMActionPlayer] API call took 240 ms (model=OPENROUTER size=LARGE)
[LLMActionPlayer] API call took 701 ms (model=OPENROUTER size=LARGE)
[LLMActionPlayer] API call took 389 ms (model=OPENROUTER size=LARGE)
[LLMActionPlayer] API call took 502 ms (model=OPENROUTER size=LARGE)
[LLMActionPlayer] API call took 381 ms (model=OPENROUTER size=LARGE)
[LLMActionPlayer] API call took 362 ms (model=OPENROUTER size=LARGE)
[LLMActionPlayer] API call took 335 ms (model=OPENROUTER size=LARGE)
[LLMActionPlayer] API call took 274 ms (model=OPENROUTER size=LARGE)
[LLMActionPlayer] API call took 447 ms (model=OPENROUTER size=LARGE)
[LLMActionPlayer] API call took 407 ms (model=OPENROUTER size=LARGE)
[LLMActionPlayer] API call took 200 ms (model=OPENROUTER size=LARGE)
[LLMActionPlayer] API call took 667 ms (model=OPENROUTER size=LARGE)
[LLMActionPlayer] API call took 397 ms (model=OPENROUTER size=LARGE)
[LLMActionPlayer] API call took 249 ms (model=OPENROUTER size=LARGE)
[LLMActionPlayer] API call took 162 ms (model=OPENROUTER size=LARGE)
[LLMActionPlayer] API call took 443 ms (model=OPENROUTER size=LARGE)
[LLMActionPlayer] API call took 552 ms (model=OPENROUTER size=LARGE)
[LLMActionPlayer] API call took 411 ms (model=OPENROUTER size=LARGE)
[LLMActionPlayer] API call took 514 ms (model=OPENROUTER size=LARGE)
[LLMActionPlayer] API call took 222 ms (model=OPENROUTER size=LARGE)
[LLMActionPlayer] API call took 571 ms (model=OPENROUTER size=LARGE)
[LLMActionPlayer] API call took 222 ms (model=OPENROUTER size=LARGE)
[LLMActionPlayer] API call took 255 ms (model=OPENROUTER size=LARGE)
[LOSE_GAME,LOSE_GAME,WIN_GAME]
[LLMActionPlayer] API call took 188 ms (model=OPENROUTER size=LARGE)
[LLMActionPlayer] API call took 235 ms (model=OPENROUTER size=LARGE)
[LLMActionPlayer] API call took 193 ms (model=OPENROUTER size=LARGE)
[LLMActionPlayer] API call took 340 ms (model=OPENROUTER size=LARGE)
[LLMActionPlayer] API call took 510 ms (model=OPENROUTER size=LARGE)
[LLMActionPlayer] API call took 176 ms (model=OPENROUTER size=LARGE)
[LLMActionPlayer] API call took 221 ms (model=OPENROUTER size=LARGE)
[LLMActionPlayer] API call took 341 ms (model=OPENROUTER size=LARGE)
[LLMActionPlayer] API call took 441 ms (model=OPENROUTER size=LARGE)
[LLMActionPlayer] API call took 1068 ms (model=OPENROUTER size=LARGE)
[LLMActionPlayer] API call took 384 ms (model=OPENROUTER size=LARGE)
[LLMActionPlayer] API call took 668 ms (model=OPENROUTER size=LARGE)
[LLMActionPlayer] API call took 222 ms (model=OPENROUTER size=LARGE)
[LLMActionPlayer] API call took 379 ms (model=OPENROUTER size=LARGE)
[LLMActionPlayer] API call took 251 ms (model=OPENROUTER size=LARGE)
[LLMActionPlayer] API call took 209 ms (model=OPENROUTER size=LARGE)
[LLMActionPlayer] API call took 233 ms (model=OPENROUTER size=LARGE)
[LLMActionPlayer] API call took 513 ms (model=OPENROUTER size=LARGE)
[LLMActionPlayer] API call took 455 ms (model=OPENROUTER size=LARGE)
[LLMActionPlayer] API call took 404 ms (model=OPENROUTER size=LARGE)
[LLMActionPlayer] API call took 588 ms (model=OPENROUTER size=LARGE)
[LLMActionPlayer] API call took 349 ms (model=OPENROUTER size=LARGE)
[LLMActionPlayer] API call took 472 ms (model=OPENROUTER size=LARGE)
[LLMActionPlayer] API call took 416 ms (model=OPENROUTER size=LARGE)
[LLMActionPlayer] API call took 231 ms (model=OPENROUTER size=LARGE)
[LLMActionPlayer] API call took 404 ms (model=OPENROUTER size=LARGE)
[LLMActionPlayer] API call took 434 ms (model=OPENROUTER size=LARGE)
[LLMActionPlayer] API call took 580 ms (model=OPENROUTER size=LARGE)
[LLMActionPlayer] API call took 356 ms (model=OPENROUTER size=LARGE)
[LLMActionPlayer] API call took 428 ms (model=OPENROUTER size=LARGE)
[LLMActionPlayer] API call took 424 ms (model=OPENROUTER size=LARGE)
[LLMActionPlayer] API call took 208 ms (model=OPENROUTER size=LARGE)
[LLMActionPlayer] API call took 453 ms (model=OPENROUTER size=LARGE)
[LLMActionPlayer] API call took 498 ms (model=OPENROUTER size=LARGE)
[LLMActionPlayer] API call took 234 ms (model=OPENROUTER size=LARGE)
[LLMActionPlayer] API call took 403 ms (model=OPENROUTER size=LARGE)
[LLMActionPlayer] API call took 536 ms (model=OPENROUTER size=LARGE)
[LLMActionPlayer] API call took 224 ms (model=OPENROUTER size=LARGE)
[LLMActionPlayer] API call took 172 ms (model=OPENROUTER size=LARGE)
[LLMActionPlayer] API call took 195 ms (model=OPENROUTER size=LARGE)
[LLMActionPlayer] API call took 430 ms (model=OPENROUTER size=LARGE)
[LLMActionPlayer] API call took 194 ms (model=OPENROUTER size=LARGE)
[LLMActionPlayer] API call took 150 ms (model=OPENROUTER size=LARGE)
[LLMActionPlayer] API call took 223 ms (model=OPENROUTER size=LARGE)
[LLMActionPlayer] API call took 452 ms (model=OPENROUTER size=LARGE)
[LLMActionPlayer] API call took 245 ms (model=OPENROUTER size=LARGE)
[LLMActionPlayer] API call took 175 ms (model=OPENROUTER size=LARGE)
[LLMActionPlayer] API call took 739 ms (model=OPENROUTER size=LARGE)
[LLMActionPlayer] API call took 363 ms (model=OPENROUTER size=LARGE)
[LLMActionPlayer] API call took 434 ms (model=OPENROUTER size=LARGE)
[LLMActionPlayer] API call took 388 ms (model=OPENROUTER size=LARGE)
[LLMActionPlayer] API call took 250 ms (model=OPENROUTER size=LARGE)
[LLMActionPlayer] API call took 504 ms (model=OPENROUTER size=LARGE)
[LLMActionPlayer] API call took 408 ms (model=OPENROUTER size=LARGE)
[LLMActionPlayer] API call took 491 ms (model=OPENROUTER size=LARGE)
[LLMActionPlayer] API call took 399 ms (model=OPENROUTER size=LARGE)
[LLMActionPlayer] API call took 245 ms (model=OPENROUTER size=LARGE)
[LLMActionPlayer] API call took 528 ms (model=OPENROUTER size=LARGE)
[LLMActionPlayer] API call took 585 ms (model=OPENROUTER size=LARGE)
[LLMActionPlayer] API call took 504 ms (model=OPENROUTER size=LARGE)
[LLMActionPlayer] API call took 521 ms (model=OPENROUTER size=LARGE)
[LLMActionPlayer] API call took 1031 ms (model=OPENROUTER size=LARGE)
[LLMActionPlayer] API call took 468 ms (model=OPENROUTER size=LARGE)
[LLMActionPlayer] API call took 381 ms (model=OPENROUTER size=LARGE)
[LLMActionPlayer] API call took 440 ms (model=OPENROUTER size=LARGE)
[LLMActionPlayer] API call took 236 ms (model=OPENROUTER size=LARGE)
[LLMActionPlayer] API call took 162 ms (model=OPENROUTER size=LARGE)
[LLMActionPlayer] API call took 233 ms (model=OPENROUTER size=LARGE)
[LLMActionPlayer] API call took 354 ms (model=OPENROUTER size=LARGE)
[LLMActionPlayer] API call took 373 ms (model=OPENROUTER size=LARGE)
[LLMActionPlayer] API call took 170 ms (model=OPENROUTER size=LARGE)
[LOSE_GAME,LOSE_GAME,WIN_GAME]
[LLMActionPlayer] API call took 399 ms (model=OPENROUTER size=LARGE)
[LLMActionPlayer] API call took 546 ms (model=OPENROUTER size=LARGE)
[LLMActionPlayer] API call took 370 ms (model=OPENROUTER size=LARGE)
[LLMActionPlayer] API call took 394 ms (model=OPENROUTER size=LARGE)
[LLMActionPlayer] API call took 175 ms (model=OPENROUTER size=LARGE)
[LLMActionPlayer] API call took 211 ms (model=OPENROUTER size=LARGE)
[LLMActionPlayer] API call took 212 ms (model=OPENROUTER size=LARGE)
[LLMActionPlayer] API call took 162 ms (model=OPENROUTER size=LARGE)
[LLMActionPlayer] API call took 473 ms (model=OPENROUTER size=LARGE)
[LLMActionPlayer] API call took 359 ms (model=OPENROUTER size=LARGE)
[LLMActionPlayer] API call took 394 ms (model=OPENROUTER size=LARGE)
[LLMActionPlayer] API call took 301 ms (model=OPENROUTER size=LARGE)
[LLMActionPlayer] API call took 358 ms (model=OPENROUTER size=LARGE)
[LLMActionPlayer] API call took 203 ms (model=OPENROUTER size=LARGE)
[LLMActionPlayer] API call took 207 ms (model=OPENROUTER size=LARGE)
[LLMActionPlayer] API call took 168 ms (model=OPENROUTER size=LARGE)
[LLMActionPlayer] API call took 482 ms (model=OPENROUTER size=LARGE)
[LLMActionPlayer] API call took 468 ms (model=OPENROUTER size=LARGE)
[LLMActionPlayer] API call took 387 ms (model=OPENROUTER size=LARGE)
[LLMActionPlayer] API call took 412 ms (model=OPENROUTER size=LARGE)
[LLMActionPlayer] API call took 167 ms (model=OPENROUTER size=LARGE)
[LLMActionPlayer] API call took 520 ms (model=OPENROUTER size=LARGE)
[LLMActionPlayer] API call took 412 ms (model=OPENROUTER size=LARGE)
[LLMActionPlayer] API call took 421 ms (model=OPENROUTER size=LARGE)
[LLMActionPlayer] API call took 137 ms (model=OPENROUTER size=LARGE)
[LLMActionPlayer] API call took 263 ms (model=OPENROUTER size=LARGE)
[LLMActionPlayer] API call took 492 ms (model=OPENROUTER size=LARGE)
[LLMActionPlayer] API call took 634 ms (model=OPENROUTER size=LARGE)
[LLMActionPlayer] API call took 160 ms (model=OPENROUTER size=LARGE)
[LLMActionPlayer] API call took 747 ms (model=OPENROUTER size=LARGE)
[LLMActionPlayer] API call took 359 ms (model=OPENROUTER size=LARGE)
[LLMActionPlayer] API call took 153 ms (model=OPENROUTER size=LARGE)
[LLMActionPlayer] API call took 395 ms (model=OPENROUTER size=LARGE)
[LLMActionPlayer] API call took 422 ms (model=OPENROUTER size=LARGE)
[LLMActionPlayer] API call took 404 ms (model=OPENROUTER size=LARGE)
[LLMActionPlayer] API call took 842 ms (model=OPENROUTER size=LARGE)
[LOSE_GAME,WIN_GAME,LOSE_GAME]
[LLMActionPlayer] API call took 292 ms (model=OPENROUTER size=LARGE)
[LLMActionPlayer] API call took 410 ms (model=OPENROUTER size=LARGE)
[LLMActionPlayer] API call took 472 ms (model=OPENROUTER size=LARGE)
[LLMActionPlayer] API call took 242 ms (model=OPENROUTER size=LARGE)
[LLMActionPlayer] API call took 335 ms (model=OPENROUTER size=LARGE)
[LLMActionPlayer] API call took 386 ms (model=OPENROUTER size=LARGE)
[LLMActionPlayer] API call took 385 ms (model=OPENROUTER size=LARGE)
[LLMActionPlayer] API call took 363 ms (model=OPENROUTER size=LARGE)
[LLMActionPlayer] API call took 243 ms (model=OPENROUTER size=LARGE)
[LLMActionPlayer] API call took 595 ms (model=OPENROUTER size=LARGE)
[LLMActionPlayer] API call took 359 ms (model=OPENROUTER size=LARGE)
[LLMActionPlayer] API call took 415 ms (model=OPENROUTER size=LARGE)
[LLMActionPlayer] API call took 334 ms (model=OPENROUTER size=LARGE)
[LLMActionPlayer] API call took 440 ms (model=OPENROUTER size=LARGE)
[LLMActionPlayer] API call took 493 ms (model=OPENROUTER size=LARGE)
[LLMActionPlayer] API call took 156 ms (model=OPENROUTER size=LARGE)
[LLMActionPlayer] API call took 390 ms (model=OPENROUTER size=LARGE)
[LLMActionPlayer] API call took 443 ms (model=OPENROUTER size=LARGE)
[LLMActionPlayer] API call took 588 ms (model=OPENROUTER size=LARGE)
[LLMActionPlayer] API call took 321 ms (model=OPENROUTER size=LARGE)
[LLMActionPlayer] API call took 280 ms (model=OPENROUTER size=LARGE)
[LLMActionPlayer] API call took 468 ms (model=OPENROUTER size=LARGE)
[LLMActionPlayer] API call took 355 ms (model=OPENROUTER size=LARGE)
[LLMActionPlayer] API call took 633 ms (model=OPENROUTER size=LARGE)
[LLMActionPlayer] API call took 187 ms (model=OPENROUTER size=LARGE)
[LLMActionPlayer] API call took 385 ms (model=OPENROUTER size=LARGE)
[LLMActionPlayer] API call took 494 ms (model=OPENROUTER size=LARGE)
[LLMActionPlayer] API call took 415 ms (model=OPENROUTER size=LARGE)
[LLMActionPlayer] API call took 409 ms (model=OPENROUTER size=LARGE)
[LLMActionPlayer] API call took 353 ms (model=OPENROUTER size=LARGE)
[LLMActionPlayer] API call took 195 ms (model=OPENROUTER size=LARGE)
[LLMActionPlayer] API call took 215 ms (model=OPENROUTER size=LARGE)
[LLMActionPlayer] API call took 469 ms (model=OPENROUTER size=LARGE)
[WIN_GAME,LOSE_GAME,LOSE_GAME]
[PhaseBasedEnsemblePlayer,Catan_1,Catan_2]
[LLMActionPlayer] API call took 252 ms (model=OPENROUTER size=LARGE)
[LLMActionPlayer] API call took 149 ms (model=OPENROUTER size=LARGE)
[LLMActionPlayer] API call took 264 ms (model=OPENROUTER size=LARGE)
[LLMActionPlayer] API call took 221 ms (model=OPENROUTER size=LARGE)
[LLMActionPlayer] API call took 199 ms (model=OPENROUTER size=LARGE)
[LLMActionPlayer] API call took 310 ms (model=OPENROUTER size=LARGE)
[LLMActionPlayer] API call took 207 ms (model=OPENROUTER size=LARGE)
[LLMActionPlayer] API call took 184 ms (model=OPENROUTER size=LARGE)
[LLMActionPlayer] API call took 205 ms (model=OPENROUTER size=LARGE)
[LLMActionPlayer] API call took 261 ms (model=OPENROUTER size=LARGE)
[LLMActionPlayer] API call took 179 ms (model=OPENROUTER size=LARGE)
[LLMActionPlayer] API call took 211 ms (model=OPENROUTER size=LARGE)
[LLMActionPlayer] API call took 180 ms (model=OPENROUTER size=LARGE)
[LLMActionPlayer] API call took 231 ms (model=OPENROUTER size=LARGE)
[LLMActionPlayer] API call took 385 ms (model=OPENROUTER size=LARGE)
[LLMActionPlayer] API call took 216 ms (model=OPENROUTER size=LARGE)
[LLMActionPlayer] API call took 289 ms (model=OPENROUTER size=LARGE)
[LLMActionPlayer] API call took 259 ms (model=OPENROUTER size=LARGE)
[LLMActionPlayer] API call took 415 ms (model=OPENROUTER size=LARGE)
[LLMActionPlayer] API call took 165 ms (model=OPENROUTER size=LARGE)
[LLMActionPlayer] API call took 240 ms (model=OPENROUTER size=LARGE)
[LLMActionPlayer] API call took 215 ms (model=OPENROUTER size=LARGE)
[LLMActionPlayer] API call took 214 ms (model=OPENROUTER size=LARGE)
[LLMActionPlayer] API call took 163 ms (model=OPENROUTER size=LARGE)
[LOSE_GAME,WIN_GAME,LOSE_GAME]
[LLMActionPlayer] API call took 177 ms (model=OPENROUTER size=LARGE)
[LLMActionPlayer] API call took 181 ms (model=OPENROUTER size=LARGE)
[LLMActionPlayer] API call took 341 ms (model=OPENROUTER size=LARGE)
[LLMActionPlayer] API call took 187 ms (model=OPENROUTER size=LARGE)
[LLMActionPlayer] API call took 163 ms (model=OPENROUTER size=LARGE)
[LLMActionPlayer] API call took 129 ms (model=OPENROUTER size=LARGE)
[LLMActionPlayer] API call took 210 ms (model=OPENROUTER size=LARGE)
[LLMActionPlayer] API call took 302 ms (model=OPENROUTER size=LARGE)
[LLMActionPlayer] API call took 222 ms (model=OPENROUTER size=LARGE)
[LLMActionPlayer] API call took 339 ms (model=OPENROUTER size=LARGE)
[LLMActionPlayer] API call took 214 ms (model=OPENROUTER size=LARGE)
[LLMActionPlayer] API call took 176 ms (model=OPENROUTER size=LARGE)
[LLMActionPlayer] API call took 155 ms (model=OPENROUTER size=LARGE)
[LLMActionPlayer] API call took 210 ms (model=OPENROUTER size=LARGE)
[LLMActionPlayer] API call took 208 ms (model=OPENROUTER size=LARGE)
[LLMActionPlayer] API call took 334 ms (model=OPENROUTER size=LARGE)
[LLMActionPlayer] API call took 237 ms (model=OPENROUTER size=LARGE)
[LLMActionPlayer] API call took 255 ms (model=OPENROUTER size=LARGE)
[LLMActionPlayer] API call took 226 ms (model=OPENROUTER size=LARGE)
[LLMActionPlayer] API call took 214 ms (model=OPENROUTER size=LARGE)
[LLMActionPlayer] API call took 171 ms (model=OPENROUTER size=LARGE)
[LLMActionPlayer] API call took 379 ms (model=OPENROUTER size=LARGE)
[LLMActionPlayer] API call took 158 ms (model=OPENROUTER size=LARGE)
[LLMActionPlayer] API call took 217 ms (model=OPENROUTER size=LARGE)
[LLMActionPlayer] API call took 223 ms (model=OPENROUTER size=LARGE)
[LLMActionPlayer] API call took 240 ms (model=OPENROUTER size=LARGE)
[LLMActionPlayer] API call took 161 ms (model=OPENROUTER size=LARGE)
[LLMActionPlayer] API call took 159 ms (model=OPENROUTER size=LARGE)
[LLMActionPlayer] API call took 427 ms (model=OPENROUTER size=LARGE)
[LLMActionPlayer] API call took 197 ms (model=OPENROUTER size=LARGE)
[LLMActionPlayer] API call took 179 ms (model=OPENROUTER size=LARGE)
[LLMActionPlayer] API call took 298 ms (model=OPENROUTER size=LARGE)
[LLMActionPlayer] API call took 213 ms (model=OPENROUTER size=LARGE)
[LLMActionPlayer] API call took 375 ms (model=OPENROUTER size=LARGE)
[LLMActionPlayer] API call took 225 ms (model=OPENROUTER size=LARGE)
[LLMActionPlayer] API call took 211 ms (model=OPENROUTER size=LARGE)
[LLMActionPlayer] API call took 448 ms (model=OPENROUTER size=LARGE)
[LLMActionPlayer] API call took 408 ms (model=OPENROUTER size=LARGE)
[LOSE_GAME,WIN_GAME,LOSE_GAME]
[LLMActionPlayer] API call took 179 ms (model=OPENROUTER size=LARGE)
[LLMActionPlayer] API call took 156 ms (model=OPENROUTER size=LARGE)
[LLMActionPlayer] API call took 166 ms (model=OPENROUTER size=LARGE)
[LLMActionPlayer] API call took 246 ms (model=OPENROUTER size=LARGE)
[LLMActionPlayer] API call took 256 ms (model=OPENROUTER size=LARGE)
[LLMActionPlayer] API call took 152 ms (model=OPENROUTER size=LARGE)
[LLMActionPlayer] API call took 175 ms (model=OPENROUTER size=LARGE)
[LLMActionPlayer] API call took 168 ms (model=OPENROUTER size=LARGE)
[LLMActionPlayer] API call took 167 ms (model=OPENROUTER size=LARGE)
[LLMActionPlayer] API call took 191 ms (model=OPENROUTER size=LARGE)
[LLMActionPlayer] API call took 259 ms (model=OPENROUTER size=LARGE)
[LLMActionPlayer] API call took 194 ms (model=OPENROUTER size=LARGE)
[LLMActionPlayer] API call took 296 ms (model=OPENROUTER size=LARGE)
[LLMActionPlayer] API call took 160 ms (model=OPENROUTER size=LARGE)
[LLMActionPlayer] API call took 373 ms (model=OPENROUTER size=LARGE)
[LLMActionPlayer] API call took 175 ms (model=OPENROUTER size=LARGE)
[LLMActionPlayer] API call took 558 ms (model=OPENROUTER size=LARGE)
[LLMActionPlayer] API call took 194 ms (model=OPENROUTER size=LARGE)
[LLMActionPlayer] API call took 171 ms (model=OPENROUTER size=LARGE)
[LLMActionPlayer] API call took 158 ms (model=OPENROUTER size=LARGE)
[LLMActionPlayer] API call took 164 ms (model=OPENROUTER size=LARGE)
[LLMActionPlayer] API call took 206 ms (model=OPENROUTER size=LARGE)
[LLMActionPlayer] API call took 374 ms (model=OPENROUTER size=LARGE)
[LLMActionPlayer] API call took 212 ms (model=OPENROUTER size=LARGE)
[LLMActionPlayer] API call took 193 ms (model=OPENROUTER size=LARGE)
[LLMActionPlayer] API call took 242 ms (model=OPENROUTER size=LARGE)
[LLMActionPlayer] API call took 150 ms (model=OPENROUTER size=LARGE)
[LLMActionPlayer] API call took 209 ms (model=OPENROUTER size=LARGE)
[LLMActionPlayer] API call took 206 ms (model=OPENROUTER size=LARGE)
[LLMActionPlayer] API call took 242 ms (model=OPENROUTER size=LARGE)
[LLMActionPlayer] API call took 439 ms (model=OPENROUTER size=LARGE)
[WIN_GAME,LOSE_GAME,LOSE_GAME]
[LLMActionPlayer] API call took 207 ms (model=OPENROUTER size=LARGE)
[LLMActionPlayer] API call took 163 ms (model=OPENROUTER size=LARGE)
[LLMActionPlayer] API call took 196 ms (model=OPENROUTER size=LARGE)
[LLMActionPlayer] API call took 349 ms (model=OPENROUTER size=LARGE)
[LLMActionPlayer] API call took 158 ms (model=OPENROUTER size=LARGE)
[LLMActionPlayer] API call took 191 ms (model=OPENROUTER size=LARGE)
[LLMActionPlayer] API call took 221 ms (model=OPENROUTER size=LARGE)
[LLMActionPlayer] API call took 193 ms (model=OPENROUTER size=LARGE)
[LLMActionPlayer] API call took 165 ms (model=OPENROUTER size=LARGE)
[LLMActionPlayer] API call took 189 ms (model=OPENROUTER size=LARGE)
[LLMActionPlayer] API call took 175 ms (model=OPENROUTER size=LARGE)
[LLMActionPlayer] API call took 313 ms (model=OPENROUTER size=LARGE)
[LLMActionPlayer] API call took 430 ms (model=OPENROUTER size=LARGE)
[LLMActionPlayer] API call took 175 ms (model=OPENROUTER size=LARGE)
[LLMActionPlayer] API call took 145 ms (model=OPENROUTER size=LARGE)
[LLMActionPlayer] API call took 171 ms (model=OPENROUTER size=LARGE)
[LLMActionPlayer] API call took 427 ms (model=OPENROUTER size=LARGE)
[LLMActionPlayer] API call took 386 ms (model=OPENROUTER size=LARGE)
[LLMActionPlayer] API call took 295 ms (model=OPENROUTER size=LARGE)
[LLMActionPlayer] API call took 228 ms (model=OPENROUTER size=LARGE)
[LLMActionPlayer] API call took 156 ms (model=OPENROUTER size=LARGE)
[LLMActionPlayer] API call took 172 ms (model=OPENROUTER size=LARGE)
[LLMActionPlayer] API call took 166 ms (model=OPENROUTER size=LARGE)
[LLMActionPlayer] API call took 260 ms (model=OPENROUTER size=LARGE)
[LLMActionPlayer] API call took 393 ms (model=OPENROUTER size=LARGE)
[LLMActionPlayer] API call took 251 ms (model=OPENROUTER size=LARGE)
[LLMActionPlayer] API call took 455 ms (model=OPENROUTER size=LARGE)
[LLMActionPlayer] API call took 196 ms (model=OPENROUTER size=LARGE)
[LLMActionPlayer] API call took 329 ms (model=OPENROUTER size=LARGE)
[LLMActionPlayer] API call took 210 ms (model=OPENROUTER size=LARGE)
[LLMActionPlayer] API call took 193 ms (model=OPENROUTER size=LARGE)
[LLMActionPlayer] API call took 145 ms (model=OPENROUTER size=LARGE)
[LLMActionPlayer] API call took 248 ms (model=OPENROUTER size=LARGE)
[LLMActionPlayer] API call took 219 ms (model=OPENROUTER size=LARGE)
[LOSE_GAME,WIN_GAME,LOSE_GAME]
[LLMActionPlayer] API call took 171 ms (model=OPENROUTER size=LARGE)
[LLMActionPlayer] API call took 368 ms (model=OPENROUTER size=LARGE)
[LLMActionPlayer] API call took 161 ms (model=OPENROUTER size=LARGE)
[LLMActionPlayer] API call took 146 ms (model=OPENROUTER size=LARGE)
[LLMActionPlayer] API call took 157 ms (model=OPENROUTER size=LARGE)
[LLMActionPlayer] API call took 165 ms (model=OPENROUTER size=LARGE)
[LLMActionPlayer] API call took 263 ms (model=OPENROUTER size=LARGE)
[LLMActionPlayer] API call took 217 ms (model=OPENROUTER size=LARGE)
[LLMActionPlayer] API call took 291 ms (model=OPENROUTER size=LARGE)
[LLMActionPlayer] API call took 388 ms (model=OPENROUTER size=LARGE)
[LLMActionPlayer] API call took 170 ms (model=OPENROUTER size=LARGE)
[LLMActionPlayer] API call took 193 ms (model=OPENROUTER size=LARGE)
[LLMActionPlayer] API call took 196 ms (model=OPENROUTER size=LARGE)
[LLMActionPlayer] API call took 262 ms (model=OPENROUTER size=LARGE)
[LLMActionPlayer] API call took 205 ms (model=OPENROUTER size=LARGE)
[LLMActionPlayer] API call took 156 ms (model=OPENROUTER size=LARGE)
[LLMActionPlayer] API call took 689 ms (model=OPENROUTER size=LARGE)
[LLMActionPlayer] API call took 207 ms (model=OPENROUTER size=LARGE)
[LLMActionPlayer] API call took 500 ms (model=OPENROUTER size=LARGE)
[LLMActionPlayer] API call took 197 ms (model=OPENROUTER size=LARGE)
[LLMActionPlayer] API call took 209 ms (model=OPENROUTER size=LARGE)
[LLMActionPlayer] API call took 180 ms (model=OPENROUTER size=LARGE)
[LLMActionPlayer] API call took 161 ms (model=OPENROUTER size=LARGE)
[LLMActionPlayer] API call took 175 ms (model=OPENROUTER size=LARGE)
[LLMActionPlayer] API call took 168 ms (model=OPENROUTER size=LARGE)
[LOSE_GAME,WIN_GAME,LOSE_GAME]
[LLMActionPlayer] API call took 180 ms (model=OPENROUTER size=LARGE)
[LLMActionPlayer] API call took 326 ms (model=OPENROUTER size=LARGE)
[LLMActionPlayer] API call took 167 ms (model=OPENROUTER size=LARGE)
[LLMActionPlayer] API call took 817 ms (model=OPENROUTER size=LARGE)
[LLMActionPlayer] API call took 165 ms (model=OPENROUTER size=LARGE)
[LLMActionPlayer] API call took 174 ms (model=OPENROUTER size=LARGE)
[LLMActionPlayer] API call took 386 ms (model=OPENROUTER size=LARGE)
[LLMActionPlayer] API call took 248 ms (model=OPENROUTER size=LARGE)
[LLMActionPlayer] API call took 194 ms (model=OPENROUTER size=LARGE)
[LLMActionPlayer] API call took 166 ms (model=OPENROUTER size=LARGE)
[LLMActionPlayer] API call took 168 ms (model=OPENROUTER size=LARGE)
[LLMActionPlayer] API call took 191 ms (model=OPENROUTER size=LARGE)
[LLMActionPlayer] API call took 263 ms (model=OPENROUTER size=LARGE)
[LLMActionPlayer] API call took 208 ms (model=OPENROUTER size=LARGE)
[LLMActionPlayer] API call took 187 ms (model=OPENROUTER size=LARGE)
[LLMActionPlayer] API call took 236 ms (model=OPENROUTER size=LARGE)
[LLMActionPlayer] API call took 276 ms (model=OPENROUTER size=LARGE)
[LLMActionPlayer] API call took 279 ms (model=OPENROUTER size=LARGE)
[LLMActionPlayer] API call took 1486 ms (model=OPENROUTER size=LARGE)
[LLMActionPlayer] API call took 208 ms (model=OPENROUTER size=LARGE)
[LLMActionPlayer] API call took 197 ms (model=OPENROUTER size=LARGE)
[LLMActionPlayer] API call took 714 ms (model=OPENROUTER size=LARGE)
[LLMActionPlayer] API call took 778 ms (model=OPENROUTER size=LARGE)
[LLMActionPlayer] API call took 234 ms (model=OPENROUTER size=LARGE)
[LLMActionPlayer] API call took 189 ms (model=OPENROUTER size=LARGE)
[LLMActionPlayer] API call took 181 ms (model=OPENROUTER size=LARGE)
[LLMActionPlayer] API call took 160 ms (model=OPENROUTER size=LARGE)
[LLMActionPlayer] API call took 170 ms (model=OPENROUTER size=LARGE)
[LLMActionPlayer] API call took 187 ms (model=OPENROUTER size=LARGE)
[LLMActionPlayer] API call took 189 ms (model=OPENROUTER size=LARGE)
[LLMActionPlayer] API call took 477 ms (model=OPENROUTER size=LARGE)
[LLMActionPlayer] API call took 160 ms (model=OPENROUTER size=LARGE)
[LLMActionPlayer] API call took 228 ms (model=OPENROUTER size=LARGE)
[LLMActionPlayer] API call took 423 ms (model=OPENROUTER size=LARGE)
[LLMActionPlayer] API call took 142 ms (model=OPENROUTER size=LARGE)
[LLMActionPlayer] API call took 163 ms (model=OPENROUTER size=LARGE)
[LLMActionPlayer] API call took 214 ms (model=OPENROUTER size=LARGE)
[LLMActionPlayer] API call took 264 ms (model=OPENROUTER size=LARGE)
[LLMActionPlayer] API call took 147 ms (model=OPENROUTER size=LARGE)
[LLMActionPlayer] API call took 226 ms (model=OPENROUTER size=LARGE)
[LLMActionPlayer] API call took 212 ms (model=OPENROUTER size=LARGE)
[LLMActionPlayer] API call took 213 ms (model=OPENROUTER size=LARGE)
[LLMActionPlayer] API call took 158 ms (model=OPENROUTER size=LARGE)
[LLMActionPlayer] API call took 193 ms (model=OPENROUTER size=LARGE)
[LLMActionPlayer] API call took 263 ms (model=OPENROUTER size=LARGE)
[LLMActionPlayer] API call took 255 ms (model=OPENROUTER size=LARGE)
[LLMActionPlayer] API call took 238 ms (model=OPENROUTER size=LARGE)
[LLMActionPlayer] API call took 193 ms (model=OPENROUTER size=LARGE)
[WIN_GAME,LOSE_GAME,LOSE_GAME]
[LLMActionPlayer] API call took 466 ms (model=OPENROUTER size=LARGE)
[LLMActionPlayer] API call took 291 ms (model=OPENROUTER size=LARGE)
[LLMActionPlayer] API call took 194 ms (model=OPENROUTER size=LARGE)
[LLMActionPlayer] API call took 231 ms (model=OPENROUTER size=LARGE)
[LLMActionPlayer] API call took 398 ms (model=OPENROUTER size=LARGE)
[LLMActionPlayer] API call took 222 ms (model=OPENROUTER size=LARGE)
[LLMActionPlayer] API call took 225 ms (model=OPENROUTER size=LARGE)
[LLMActionPlayer] API call took 205 ms (model=OPENROUTER size=LARGE)
[LLMActionPlayer] API call took 802 ms (model=OPENROUTER size=LARGE)
[LLMActionPlayer] API call took 196 ms (model=OPENROUTER size=LARGE)
[LLMActionPlayer] API call took 183 ms (model=OPENROUTER size=LARGE)
[LLMActionPlayer] API call took 215 ms (model=OPENROUTER size=LARGE)
[LLMActionPlayer] API call took 201 ms (model=OPENROUTER size=LARGE)
[LLMActionPlayer] API call took 252 ms (model=OPENROUTER size=LARGE)
[LLMActionPlayer] API call took 169 ms (model=OPENROUTER size=LARGE)
[LLMActionPlayer] API call took 467 ms (model=OPENROUTER size=LARGE)
[LLMActionPlayer] API call took 219 ms (model=OPENROUTER size=LARGE)
[LLMActionPlayer] API call took 223 ms (model=OPENROUTER size=LARGE)
[LLMActionPlayer] API call took 181 ms (model=OPENROUTER size=LARGE)
[LLMActionPlayer] API call took 175 ms (model=OPENROUTER size=LARGE)
[LLMActionPlayer] API call took 207 ms (model=OPENROUTER size=LARGE)
[LLMActionPlayer] API call took 347 ms (model=OPENROUTER size=LARGE)
[LLMActionPlayer] API call took 183 ms (model=OPENROUTER size=LARGE)
[LLMActionPlayer] API call took 608 ms (model=OPENROUTER size=LARGE)
[LLMActionPlayer] API call took 184 ms (model=OPENROUTER size=LARGE)
[LLMActionPlayer] API call took 179 ms (model=OPENROUTER size=LARGE)
[LLMActionPlayer] API call took 199 ms (model=OPENROUTER size=LARGE)
[LLMActionPlayer] API call took 181 ms (model=OPENROUTER size=LARGE)
[LLMActionPlayer] API call took 267 ms (model=OPENROUTER size=LARGE)
[LLMActionPlayer] API call took 208 ms (model=OPENROUTER size=LARGE)
[LLMActionPlayer] API call took 211 ms (model=OPENROUTER size=LARGE)
[LLMActionPlayer] API call took 182 ms (model=OPENROUTER size=LARGE)
[LOSE_GAME,LOSE_GAME,WIN_GAME]
[LLMActionPlayer] API call took 428 ms (model=OPENROUTER size=LARGE)
[LLMActionPlayer] API call took 166 ms (model=OPENROUTER size=LARGE)
[LLMActionPlayer] API call took 139 ms (model=OPENROUTER size=LARGE)
[LLMActionPlayer] API call took 185 ms (model=OPENROUTER size=LARGE)
[LLMActionPlayer] API call took 194 ms (model=OPENROUTER size=LARGE)
[LLMActionPlayer] API call took 275 ms (model=OPENROUTER size=LARGE)
[LLMActionPlayer] API call took 212 ms (model=OPENROUTER size=LARGE)
[LLMActionPlayer] API call took 146 ms (model=OPENROUTER size=LARGE)
[LLMActionPlayer] API call took 162 ms (model=OPENROUTER size=LARGE)
[LLMActionPlayer] API call took 225 ms (model=OPENROUTER size=LARGE)
[LLMActionPlayer] API call took 198 ms (model=OPENROUTER size=LARGE)
[LLMActionPlayer] API call took 378 ms (model=OPENROUTER size=LARGE)
[LLMActionPlayer] API call took 233 ms (model=OPENROUTER size=LARGE)
[LLMActionPlayer] API call took 291 ms (model=OPENROUTER size=LARGE)
[LLMActionPlayer] API call took 174 ms (model=OPENROUTER size=LARGE)
[LLMActionPlayer] API call took 223 ms (model=OPENROUTER size=LARGE)
[LLMActionPlayer] API call took 195 ms (model=OPENROUTER size=LARGE)
[LLMActionPlayer] API call took 193 ms (model=OPENROUTER size=LARGE)
[LLMActionPlayer] API call took 190 ms (model=OPENROUTER size=LARGE)
[LLMActionPlayer] API call took 389 ms (model=OPENROUTER size=LARGE)
[LLMActionPlayer] API call took 202 ms (model=OPENROUTER size=LARGE)
[LLMActionPlayer] API call took 398 ms (model=OPENROUTER size=LARGE)
[LLMActionPlayer] API call took 432 ms (model=OPENROUTER size=LARGE)
[LLMActionPlayer] API call took 202 ms (model=OPENROUTER size=LARGE)
[LLMActionPlayer] API call took 219 ms (model=OPENROUTER size=LARGE)
[LLMActionPlayer] API call took 278 ms (model=OPENROUTER size=LARGE)
[LLMActionPlayer] API call took 337 ms (model=OPENROUTER size=LARGE)
[LLMActionPlayer] API call took 442 ms (model=OPENROUTER size=LARGE)
[LLMActionPlayer] API call took 597 ms (model=OPENROUTER size=LARGE)
[LLMActionPlayer] API call took 198 ms (model=OPENROUTER size=LARGE)
[LLMActionPlayer] API call took 208 ms (model=OPENROUTER size=LARGE)
[LLMActionPlayer] API call took 231 ms (model=OPENROUTER size=LARGE)
[LLMActionPlayer] API call took 395 ms (model=OPENROUTER size=LARGE)
[LLMActionPlayer] API call took 213 ms (model=OPENROUTER size=LARGE)
[LLMActionPlayer] API call took 451 ms (model=OPENROUTER size=LARGE)
[LLMActionPlayer] API call took 204 ms (model=OPENROUTER size=LARGE)
[LLMActionPlayer] API call took 268 ms (model=OPENROUTER size=LARGE)
[LLMActionPlayer] API call took 196 ms (model=OPENROUTER size=LARGE)
[LLMActionPlayer] API call took 434 ms (model=OPENROUTER size=LARGE)
[LLMActionPlayer] API call took 641 ms (model=OPENROUTER size=LARGE)
[LLMActionPlayer] API call took 175 ms (model=OPENROUTER size=LARGE)
[LOSE_GAME,LOSE_GAME,WIN_GAME]
[LLMActionPlayer] API call took 307 ms (model=OPENROUTER size=LARGE)
[LLMActionPlayer] API call took 452 ms (model=OPENROUTER size=LARGE)
[LLMActionPlayer] API call took 284 ms (model=OPENROUTER size=LARGE)
[LLMActionPlayer] API call took 316 ms (model=OPENROUTER size=LARGE)
[LLMActionPlayer] API call took 158 ms (model=OPENROUTER size=LARGE)
[LLMActionPlayer] API call took 191 ms (model=OPENROUTER size=LARGE)
[LLMActionPlayer] API call took 491 ms (model=OPENROUTER size=LARGE)
[LLMActionPlayer] API call took 191 ms (model=OPENROUTER size=LARGE)
[LLMActionPlayer] API call took 184 ms (model=OPENROUTER size=LARGE)
[LLMActionPlayer] API call took 181 ms (model=OPENROUTER size=LARGE)
[LLMActionPlayer] API call took 219 ms (model=OPENROUTER size=LARGE)
[LLMActionPlayer] API call took 201 ms (model=OPENROUTER size=LARGE)
[LLMActionPlayer] API call took 533 ms (model=OPENROUTER size=LARGE)
[LLMActionPlayer] API call took 420 ms (model=OPENROUTER size=LARGE)
[LLMActionPlayer] API call took 188 ms (model=OPENROUTER size=LARGE)
[LLMActionPlayer] API call took 193 ms (model=OPENROUTER size=LARGE)
[LLMActionPlayer] API call took 276 ms (model=OPENROUTER size=LARGE)
[LLMActionPlayer] API call took 140 ms (model=OPENROUTER size=LARGE)
[LLMActionPlayer] API call took 209 ms (model=OPENROUTER size=LARGE)
[LLMActionPlayer] API call took 193 ms (model=OPENROUTER size=LARGE)
[LLMActionPlayer] API call took 215 ms (model=OPENROUTER size=LARGE)
[LLMActionPlayer] API call took 686 ms (model=OPENROUTER size=LARGE)
[LLMActionPlayer] API call took 296 ms (model=OPENROUTER size=LARGE)
[LLMActionPlayer] API call took 242 ms (model=OPENROUTER size=LARGE)
[LLMActionPlayer] API call took 280 ms (model=OPENROUTER size=LARGE)
[LLMActionPlayer] API call took 208 ms (model=OPENROUTER size=LARGE)
[LLMActionPlayer] API call took 159 ms (model=OPENROUTER size=LARGE)
[LLMActionPlayer] API call took 187 ms (model=OPENROUTER size=LARGE)
[LLMActionPlayer] API call took 519 ms (model=OPENROUTER size=LARGE)
[LLMActionPlayer] API call took 198 ms (model=OPENROUTER size=LARGE)
[LLMActionPlayer] API call took 176 ms (model=OPENROUTER size=LARGE)
[LLMActionPlayer] API call took 191 ms (model=OPENROUTER size=LARGE)
[LLMActionPlayer] API call took 212 ms (model=OPENROUTER size=LARGE)
[LLMActionPlayer] API call took 207 ms (model=OPENROUTER size=LARGE)
[LLMActionPlayer] API call took 180 ms (model=OPENROUTER size=LARGE)
[LLMActionPlayer] API call took 218 ms (model=OPENROUTER size=LARGE)
[LLMActionPlayer] API call took 203 ms (model=OPENROUTER size=LARGE)
[LLMActionPlayer] API call took 155 ms (model=OPENROUTER size=LARGE)
[LLMActionPlayer] API call took 150 ms (model=OPENROUTER size=LARGE)
[LLMActionPlayer] API call took 231 ms (model=OPENROUTER size=LARGE)
[LOSE_GAME,WIN_GAME,LOSE_GAME]
[LLMActionPlayer] API call took 179 ms (model=OPENROUTER size=LARGE)
[LLMActionPlayer] API call took 181 ms (model=OPENROUTER size=LARGE)
[LLMActionPlayer] API call took 438 ms (model=OPENROUTER size=LARGE)
[LLMActionPlayer] API call took 271 ms (model=OPENROUTER size=LARGE)
[LLMActionPlayer] API call took 220 ms (model=OPENROUTER size=LARGE)
[LLMActionPlayer] API call took 175 ms (model=OPENROUTER size=LARGE)
[LLMActionPlayer] API call took 154 ms (model=OPENROUTER size=LARGE)
[LLMActionPlayer] API call took 161 ms (model=OPENROUTER size=LARGE)
[LLMActionPlayer] API call took 251 ms (model=OPENROUTER size=LARGE)
[LLMActionPlayer] API call took 201 ms (model=OPENROUTER size=LARGE)
[LLMActionPlayer] API call took 213 ms (model=OPENROUTER size=LARGE)
[LLMActionPlayer] API call took 377 ms (model=OPENROUTER size=LARGE)
[LLMActionPlayer] API call took 151 ms (model=OPENROUTER size=LARGE)
[LLMActionPlayer] API call took 244 ms (model=OPENROUTER size=LARGE)
[LLMActionPlayer] API call took 469 ms (model=OPENROUTER size=LARGE)
[LLMActionPlayer] API call took 168 ms (model=OPENROUTER size=LARGE)
[LLMActionPlayer] API call took 383 ms (model=OPENROUTER size=LARGE)
[LLMActionPlayer] API call took 196 ms (model=OPENROUTER size=LARGE)
[LLMActionPlayer] API call took 212 ms (model=OPENROUTER size=LARGE)
[LLMActionPlayer] API call took 251 ms (model=OPENROUTER size=LARGE)
[LLMActionPlayer] API call took 171 ms (model=OPENROUTER size=LARGE)
[LLMActionPlayer] API call took 315 ms (model=OPENROUTER size=LARGE)
[LLMActionPlayer] API call took 188 ms (model=OPENROUTER size=LARGE)
[LLMActionPlayer] API call took 203 ms (model=OPENROUTER size=LARGE)
[LLMActionPlayer] API call took 180 ms (model=OPENROUTER size=LARGE)
[LLMActionPlayer] API call took 193 ms (model=OPENROUTER size=LARGE)
[LLMActionPlayer] API call took 243 ms (model=OPENROUTER size=LARGE)
[LLMActionPlayer] API call took 179 ms (model=OPENROUTER size=LARGE)
[LLMActionPlayer] API call took 372 ms (model=OPENROUTER size=LARGE)
[LLMActionPlayer] API call took 205 ms (model=OPENROUTER size=LARGE)
[WIN_GAME,LOSE_GAME,LOSE_GAME]
[LLMActionPlayer] API call took 216 ms (model=OPENROUTER size=LARGE)
[LLMActionPlayer] API call took 203 ms (model=OPENROUTER size=LARGE)
[LLMActionPlayer] API call took 177 ms (model=OPENROUTER size=LARGE)
[LLMActionPlayer] API call took 443 ms (model=OPENROUTER size=LARGE)
[LLMActionPlayer] API call took 520 ms (model=OPENROUTER size=LARGE)
[LLMActionPlayer] API call took 181 ms (model=OPENROUTER size=LARGE)
[LLMActionPlayer] API call took 232 ms (model=OPENROUTER size=LARGE)
[LLMActionPlayer] API call took 392 ms (model=OPENROUTER size=LARGE)
[LLMActionPlayer] API call took 185 ms (model=OPENROUTER size=LARGE)
[LLMActionPlayer] API call took 254 ms (model=OPENROUTER size=LARGE)
[LLMActionPlayer] API call took 375 ms (model=OPENROUTER size=LARGE)
[LLMActionPlayer] API call took 389 ms (model=OPENROUTER size=LARGE)
[LLMActionPlayer] API call took 158 ms (model=OPENROUTER size=LARGE)
[LLMActionPlayer] API call took 207 ms (model=OPENROUTER size=LARGE)
[LLMActionPlayer] API call took 150 ms (model=OPENROUTER size=LARGE)
[LLMActionPlayer] API call took 277 ms (model=OPENROUTER size=LARGE)
[LLMActionPlayer] API call took 186 ms (model=OPENROUTER size=LARGE)
[LLMActionPlayer] API call took 268 ms (model=OPENROUTER size=LARGE)
[LLMActionPlayer] API call took 254 ms (model=OPENROUTER size=LARGE)
[LLMActionPlayer] API call took 211 ms (model=OPENROUTER size=LARGE)
[LLMActionPlayer] API call took 230 ms (model=OPENROUTER size=LARGE)
[LLMActionPlayer] API call took 209 ms (model=OPENROUTER size=LARGE)
[LLMActionPlayer] API call took 501 ms (model=OPENROUTER size=LARGE)
[LLMActionPlayer] API call took 229 ms (model=OPENROUTER size=LARGE)
[LLMActionPlayer] API call took 246 ms (model=OPENROUTER size=LARGE)
[LLMActionPlayer] API call took 295 ms (model=OPENROUTER size=LARGE)
[LLMActionPlayer] API call took 338 ms (model=OPENROUTER size=LARGE)
[LLMActionPlayer] API call took 169 ms (model=OPENROUTER size=LARGE)
[LLMActionPlayer] API call took 191 ms (model=OPENROUTER size=LARGE)
[LLMActionPlayer] API call took 276 ms (model=OPENROUTER size=LARGE)
[LLMActionPlayer] API call took 335 ms (model=OPENROUTER size=LARGE)
[LLMActionPlayer] API call took 159 ms (model=OPENROUTER size=LARGE)
[LLMActionPlayer] API call took 209 ms (model=OPENROUTER size=LARGE)
[LOSE_GAME,LOSE_GAME,WIN_GAME]
[LLMActionPlayer] API call took 200 ms (model=OPENROUTER size=LARGE)
[LLMActionPlayer] API call took 209 ms (model=OPENROUTER size=LARGE)
[LLMActionPlayer] API call took 187 ms (model=OPENROUTER size=LARGE)
[LLMActionPlayer] API call took 682 ms (model=OPENROUTER size=LARGE)
[LLMActionPlayer] API call took 195 ms (model=OPENROUTER size=LARGE)
[LLMActionPlayer] API call took 285 ms (model=OPENROUTER size=LARGE)
[LLMActionPlayer] API call took 329 ms (model=OPENROUTER size=LARGE)
[LLMActionPlayer] API call took 277 ms (model=OPENROUTER size=LARGE)
[LLMActionPlayer] API call took 196 ms (model=OPENROUTER size=LARGE)
[LLMActionPlayer] API call took 217 ms (model=OPENROUTER size=LARGE)
[LLMActionPlayer] API call took 216 ms (model=OPENROUTER size=LARGE)
[LLMActionPlayer] API call took 399 ms (model=OPENROUTER size=LARGE)
[LLMActionPlayer] API call took 230 ms (model=OPENROUTER size=LARGE)
[LLMActionPlayer] API call took 190 ms (model=OPENROUTER size=LARGE)
[LLMActionPlayer] API call took 177 ms (model=OPENROUTER size=LARGE)
[LLMActionPlayer] API call took 188 ms (model=OPENROUTER size=LARGE)
[WIN_GAME,LOSE_GAME,LOSE_GAME]
[LLMActionPlayer] API call took 218 ms (model=OPENROUTER size=LARGE)
[LLMActionPlayer] API call took 208 ms (model=OPENROUTER size=LARGE)
[LLMActionPlayer] API call took 233 ms (model=OPENROUTER size=LARGE)
[LLMActionPlayer] API call took 351 ms (model=OPENROUTER size=LARGE)
[LLMActionPlayer] API call took 129 ms (model=OPENROUTER size=LARGE)
[LLMActionPlayer] API call took 289 ms (model=OPENROUTER size=LARGE)
[LLMActionPlayer] API call took 209 ms (model=OPENROUTER size=LARGE)
[LLMActionPlayer] API call took 346 ms (model=OPENROUTER size=LARGE)
[LLMActionPlayer] API call took 355 ms (model=OPENROUTER size=LARGE)
[LLMActionPlayer] API call took 204 ms (model=OPENROUTER size=LARGE)
[LLMActionPlayer] API call took 195 ms (model=OPENROUTER size=LARGE)
[LLMActionPlayer] API call took 183 ms (model=OPENROUTER size=LARGE)
[LLMActionPlayer] API call took 219 ms (model=OPENROUTER size=LARGE)
[LLMActionPlayer] API call took 414 ms (model=OPENROUTER size=LARGE)
[LLMActionPlayer] API call took 192 ms (model=OPENROUTER size=LARGE)
[LLMActionPlayer] API call took 462 ms (model=OPENROUTER size=LARGE)
[LLMActionPlayer] API call took 220 ms (model=OPENROUTER size=LARGE)
[LLMActionPlayer] API call took 293 ms (model=OPENROUTER size=LARGE)
[LLMActionPlayer] API call took 232 ms (model=OPENROUTER size=LARGE)
[LLMActionPlayer] API call took 202 ms (model=OPENROUTER size=LARGE)
[LLMActionPlayer] API call took 169 ms (model=OPENROUTER size=LARGE)
[LLMActionPlayer] API call took 336 ms (model=OPENROUTER size=LARGE)
[LLMActionPlayer] API call took 264 ms (model=OPENROUTER size=LARGE)
[LLMActionPlayer] API call took 181 ms (model=OPENROUTER size=LARGE)
[LLMActionPlayer] API call took 214 ms (model=OPENROUTER size=LARGE)
[LLMActionPlayer] API call took 152 ms (model=OPENROUTER size=LARGE)
[LLMActionPlayer] API call took 176 ms (model=OPENROUTER size=LARGE)
[LLMActionPlayer] API call took 209 ms (model=OPENROUTER size=LARGE)
[LLMActionPlayer] API call took 274 ms (model=OPENROUTER size=LARGE)
[LLMActionPlayer] API call took 185 ms (model=OPENROUTER size=LARGE)
[LLMActionPlayer] API call took 260 ms (model=OPENROUTER size=LARGE)
[LLMActionPlayer] API call took 158 ms (model=OPENROUTER size=LARGE)
[LLMActionPlayer] API call took 197 ms (model=OPENROUTER size=LARGE)
[LLMActionPlayer] API call took 344 ms (model=OPENROUTER size=LARGE)
[LLMActionPlayer] API call took 465 ms (model=OPENROUTER size=LARGE)
[LLMActionPlayer] API call took 197 ms (model=OPENROUTER size=LARGE)
[LOSE_GAME,LOSE_GAME,WIN_GAME]
[LLMActionPlayer] API call took 191 ms (model=OPENROUTER size=LARGE)
[LLMActionPlayer] API call took 306 ms (model=OPENROUTER size=LARGE)
[LLMActionPlayer] API call took 180 ms (model=OPENROUTER size=LARGE)
[LLMActionPlayer] API call took 203 ms (model=OPENROUTER size=LARGE)
[LLMActionPlayer] API call took 258 ms (model=OPENROUTER size=LARGE)
[LLMActionPlayer] API call took 178 ms (model=OPENROUTER size=LARGE)
[LLMActionPlayer] API call took 227 ms (model=OPENROUTER size=LARGE)
[LLMActionPlayer] API call took 154 ms (model=OPENROUTER size=LARGE)
[LLMActionPlayer] API call took 457 ms (model=OPENROUTER size=LARGE)
[LLMActionPlayer] API call took 292 ms (model=OPENROUTER size=LARGE)
[LLMActionPlayer] API call took 197 ms (model=OPENROUTER size=LARGE)
[LLMActionPlayer] API call took 162 ms (model=OPENROUTER size=LARGE)
[LLMActionPlayer] API call took 189 ms (model=OPENROUTER size=LARGE)
[LLMActionPlayer] API call took 247 ms (model=OPENROUTER size=LARGE)
[LLMActionPlayer] API call took 179 ms (model=OPENROUTER size=LARGE)
[LLMActionPlayer] API call took 183 ms (model=OPENROUTER size=LARGE)
[LLMActionPlayer] API call took 132 ms (model=OPENROUTER size=LARGE)
[LLMActionPlayer] API call took 234 ms (model=OPENROUTER size=LARGE)
[LLMActionPlayer] API call took 228 ms (model=OPENROUTER size=LARGE)
[LLMActionPlayer] API call took 193 ms (model=OPENROUTER size=LARGE)
[LLMActionPlayer] API call took 171 ms (model=OPENROUTER size=LARGE)
[LLMActionPlayer] API call took 263 ms (model=OPENROUTER size=LARGE)
[LLMActionPlayer] API call took 215 ms (model=OPENROUTER size=LARGE)
[LLMActionPlayer] API call took 276 ms (model=OPENROUTER size=LARGE)
[LLMActionPlayer] API call took 180 ms (model=OPENROUTER size=LARGE)
[LOSE_GAME,WIN_GAME,LOSE_GAME]
[LLMActionPlayer] API call took 229 ms (model=OPENROUTER size=LARGE)
[LLMActionPlayer] API call took 165 ms (model=OPENROUTER size=LARGE)
[LLMActionPlayer] API call took 197 ms (model=OPENROUTER size=LARGE)
[LLMActionPlayer] API call took 223 ms (model=OPENROUTER size=LARGE)
[LLMActionPlayer] API call took 172 ms (model=OPENROUTER size=LARGE)
[LLMActionPlayer] API call took 504 ms (model=OPENROUTER size=LARGE)
[LLMActionPlayer] API call took 308 ms (model=OPENROUTER size=LARGE)
[LLMActionPlayer] API call took 228 ms (model=OPENROUTER size=LARGE)
[LLMActionPlayer] API call took 174 ms (model=OPENROUTER size=LARGE)
[LLMActionPlayer] API call took 179 ms (model=OPENROUTER size=LARGE)
[LLMActionPlayer] API call took 228 ms (model=OPENROUTER size=LARGE)
[LLMActionPlayer] API call took 163 ms (model=OPENROUTER size=LARGE)
[LLMActionPlayer] API call took 182 ms (model=OPENROUTER size=LARGE)
[LLMActionPlayer] API call took 204 ms (model=OPENROUTER size=LARGE)
[LLMActionPlayer] API call took 567 ms (model=OPENROUTER size=LARGE)
[LLMActionPlayer] API call took 214 ms (model=OPENROUTER size=LARGE)
[LLMActionPlayer] API call took 188 ms (model=OPENROUTER size=LARGE)
[LLMActionPlayer] API call took 212 ms (model=OPENROUTER size=LARGE)
[LLMActionPlayer] API call took 161 ms (model=OPENROUTER size=LARGE)
[LLMActionPlayer] API call took 237 ms (model=OPENROUTER size=LARGE)
[LLMActionPlayer] API call took 317 ms (model=OPENROUTER size=LARGE)
[LLMActionPlayer] API call took 135 ms (model=OPENROUTER size=LARGE)
[LLMActionPlayer] API call took 173 ms (model=OPENROUTER size=LARGE)
[LLMActionPlayer] API call took 218 ms (model=OPENROUTER size=LARGE)
[LLMActionPlayer] API call took 231 ms (model=OPENROUTER size=LARGE)
[LLMActionPlayer] API call took 243 ms (model=OPENROUTER size=LARGE)
[LLMActionPlayer] API call took 208 ms (model=OPENROUTER size=LARGE)
[LLMActionPlayer] API call took 190 ms (model=OPENROUTER size=LARGE)
[LLMActionPlayer] API call took 167 ms (model=OPENROUTER size=LARGE)
[LLMActionPlayer] API call took 220 ms (model=OPENROUTER size=LARGE)
[LLMActionPlayer] API call took 382 ms (model=OPENROUTER size=LARGE)
[LLMActionPlayer] API call took 505 ms (model=OPENROUTER size=LARGE)
[LLMActionPlayer] API call took 189 ms (model=OPENROUTER size=LARGE)
[LLMActionPlayer] API call took 249 ms (model=OPENROUTER size=LARGE)
[LLMActionPlayer] API call took 239 ms (model=OPENROUTER size=LARGE)
[LLMActionPlayer] API call took 216 ms (model=OPENROUTER size=LARGE)
[LLMActionPlayer] API call took 429 ms (model=OPENROUTER size=LARGE)
[LLMActionPlayer] API call took 209 ms (model=OPENROUTER size=LARGE)
[LLMActionPlayer] API call took 228 ms (model=OPENROUTER size=LARGE)
[LLMActionPlayer] API call took 246 ms (model=OPENROUTER size=LARGE)
[LLMActionPlayer] API call took 139 ms (model=OPENROUTER size=LARGE)
[LLMActionPlayer] API call took 486 ms (model=OPENROUTER size=LARGE)
[LLMActionPlayer] API call took 146 ms (model=OPENROUTER size=LARGE)
[LLMActionPlayer] API call took 172 ms (model=OPENROUTER size=LARGE)
[LLMActionPlayer] API call took 258 ms (model=OPENROUTER size=LARGE)
[LLMActionPlayer] API call took 196 ms (model=OPENROUTER size=LARGE)
[LLMActionPlayer] API call took 414 ms (model=OPENROUTER size=LARGE)
[LLMActionPlayer] API call took 240 ms (model=OPENROUTER size=LARGE)
[LLMActionPlayer] API call took 149 ms (model=OPENROUTER size=LARGE)
[LOSE_GAME,WIN_GAME,LOSE_GAME]
[LLMActionPlayer] API call took 191 ms (model=OPENROUTER size=LARGE)
[LLMActionPlayer] API call took 224 ms (model=OPENROUTER size=LARGE)
[LLMActionPlayer] API call took 210 ms (model=OPENROUTER size=LARGE)
[LLMActionPlayer] API call took 157 ms (model=OPENROUTER size=LARGE)
[LLMActionPlayer] API call took 193 ms (model=OPENROUTER size=LARGE)
[LLMActionPlayer] API call took 193 ms (model=OPENROUTER size=LARGE)
[LLMActionPlayer] API call took 136 ms (model=OPENROUTER size=LARGE)
[LLMActionPlayer] API call took 228 ms (model=OPENROUTER size=LARGE)
[LLMActionPlayer] API call took 243 ms (model=OPENROUTER size=LARGE)
[LLMActionPlayer] API call took 248 ms (model=OPENROUTER size=LARGE)
[LLMActionPlayer] API call took 749 ms (model=OPENROUTER size=LARGE)
[LLMActionPlayer] API call took 159 ms (model=OPENROUTER size=LARGE)
[LLMActionPlayer] API call took 162 ms (model=OPENROUTER size=LARGE)
[LLMActionPlayer] API call took 197 ms (model=OPENROUTER size=LARGE)
[LLMActionPlayer] API call took 170 ms (model=OPENROUTER size=LARGE)
[LLMActionPlayer] API call took 196 ms (model=OPENROUTER size=LARGE)
[LLMActionPlayer] API call took 392 ms (model=OPENROUTER size=LARGE)
[LLMActionPlayer] API call took 433 ms (model=OPENROUTER size=LARGE)
[LLMActionPlayer] API call took 148 ms (model=OPENROUTER size=LARGE)
[LLMActionPlayer] API call took 332 ms (model=OPENROUTER size=LARGE)
[LLMActionPlayer] API call took 159 ms (model=OPENROUTER size=LARGE)
[LLMActionPlayer] API call took 218 ms (model=OPENROUTER size=LARGE)
[LLMActionPlayer] API call took 181 ms (model=OPENROUTER size=LARGE)
[LLMActionPlayer] API call took 185 ms (model=OPENROUTER size=LARGE)
[LLMActionPlayer] API call took 157 ms (model=OPENROUTER size=LARGE)
[LOSE_GAME,WIN_GAME,LOSE_GAME]
[LLMActionPlayer] API call took 235 ms (model=OPENROUTER size=LARGE)
[LLMActionPlayer] API call took 223 ms (model=OPENROUTER size=LARGE)
[LLMActionPlayer] API call took 239 ms (model=OPENROUTER size=LARGE)
[LLMActionPlayer] API call took 166 ms (model=OPENROUTER size=LARGE)
[LLMActionPlayer] API call took 303 ms (model=OPENROUTER size=LARGE)
[LLMActionPlayer] API call took 196 ms (model=OPENROUTER size=LARGE)
[LLMActionPlayer] API call took 231 ms (model=OPENROUTER size=LARGE)
[LLMActionPlayer] API call took 173 ms (model=OPENROUTER size=LARGE)
[LLMActionPlayer] API call took 280 ms (model=OPENROUTER size=LARGE)
[LLMActionPlayer] API call took 213 ms (model=OPENROUTER size=LARGE)
[LLMActionPlayer] API call took 205 ms (model=OPENROUTER size=LARGE)
[LLMActionPlayer] API call took 164 ms (model=OPENROUTER size=LARGE)
[LLMActionPlayer] API call took 209 ms (model=OPENROUTER size=LARGE)
[LLMActionPlayer] API call took 227 ms (model=OPENROUTER size=LARGE)
[LLMActionPlayer] API call took 161 ms (model=OPENROUTER size=LARGE)
[LLMActionPlayer] API call took 187 ms (model=OPENROUTER size=LARGE)
[LLMActionPlayer] API call took 171 ms (model=OPENROUTER size=LARGE)
[LOSE_GAME,LOSE_GAME,WIN_GAME]
[LLMActionPlayer] API call took 250 ms (model=OPENROUTER size=LARGE)
[LLMActionPlayer] API call took 302 ms (model=OPENROUTER size=LARGE)
[LLMActionPlayer] API call took 191 ms (model=OPENROUTER size=LARGE)
[LLMActionPlayer] API call took 181 ms (model=OPENROUTER size=LARGE)
[LLMActionPlayer] API call took 199 ms (model=OPENROUTER size=LARGE)
[LLMActionPlayer] API call took 453 ms (model=OPENROUTER size=LARGE)
[LLMActionPlayer] API call took 228 ms (model=OPENROUTER size=LARGE)
[LLMActionPlayer] API call took 231 ms (model=OPENROUTER size=LARGE)
[LLMActionPlayer] API call took 157 ms (model=OPENROUTER size=LARGE)
[LLMActionPlayer] API call took 190 ms (model=OPENROUTER size=LARGE)
[LLMActionPlayer] API call took 218 ms (model=OPENROUTER size=LARGE)
[LLMActionPlayer] API call took 190 ms (model=OPENROUTER size=LARGE)
[LLMActionPlayer] API call took 197 ms (model=OPENROUTER size=LARGE)
[LLMActionPlayer] API call took 196 ms (model=OPENROUTER size=LARGE)
[LLMActionPlayer] API call took 434 ms (model=OPENROUTER size=LARGE)
[LLMActionPlayer] API call took 169 ms (model=OPENROUTER size=LARGE)
[LLMActionPlayer] API call took 169 ms (model=OPENROUTER size=LARGE)
[LLMActionPlayer] API call took 447 ms (model=OPENROUTER size=LARGE)
[LLMActionPlayer] API call took 228 ms (model=OPENROUTER size=LARGE)
[LLMActionPlayer] API call took 410 ms (model=OPENROUTER size=LARGE)
[LLMActionPlayer] API call took 203 ms (model=OPENROUTER size=LARGE)
[LLMActionPlayer] API call took 475 ms (model=OPENROUTER size=LARGE)
[LLMActionPlayer] API call took 448 ms (model=OPENROUTER size=LARGE)
[LLMActionPlayer] API call took 251 ms (model=OPENROUTER size=LARGE)
[LLMActionPlayer] API call took 203 ms (model=OPENROUTER size=LARGE)
[LLMActionPlayer] API call took 534 ms (model=OPENROUTER size=LARGE)
[LLMActionPlayer] API call took 403 ms (model=OPENROUTER size=LARGE)
[LLMActionPlayer] API call took 207 ms (model=OPENROUTER size=LARGE)
[LLMActionPlayer] API call took 148 ms (model=OPENROUTER size=LARGE)
[LLMActionPlayer] API call took 228 ms (model=OPENROUTER size=LARGE)
[LLMActionPlayer] API call took 240 ms (model=OPENROUTER size=LARGE)
[LLMActionPlayer] API call took 155 ms (model=OPENROUTER size=LARGE)
[LLMActionPlayer] API call took 259 ms (model=OPENROUTER size=LARGE)
[LLMActionPlayer] API call took 256 ms (model=OPENROUTER size=LARGE)
[LLMActionPlayer] API call took 242 ms (model=OPENROUTER size=LARGE)
[LLMActionPlayer] API call took 208 ms (model=OPENROUTER size=LARGE)
[LLMActionPlayer] API call took 369 ms (model=OPENROUTER size=LARGE)
[LLMActionPlayer] API call took 226 ms (model=OPENROUTER size=LARGE)
[LLMActionPlayer] API call took 283 ms (model=OPENROUTER size=LARGE)
[LLMActionPlayer] API call took 670 ms (model=OPENROUTER size=LARGE)
[LLMActionPlayer] API call took 180 ms (model=OPENROUTER size=LARGE)
[LLMActionPlayer] API call took 206 ms (model=OPENROUTER size=LARGE)
[LLMActionPlayer] API call took 264 ms (model=OPENROUTER size=LARGE)
[LLMActionPlayer] API call took 264 ms (model=OPENROUTER size=LARGE)
[LLMActionPlayer] API call took 179 ms (model=OPENROUTER size=LARGE)
[LLMActionPlayer] API call took 539 ms (model=OPENROUTER size=LARGE)
[LLMActionPlayer] API call took 177 ms (model=OPENROUTER size=LARGE)
[LLMActionPlayer] API call took 324 ms (model=OPENROUTER size=LARGE)
[LLMActionPlayer] API call took 197 ms (model=OPENROUTER size=LARGE)
[LLMActionPlayer] API call took 239 ms (model=OPENROUTER size=LARGE)
[LLMActionPlayer] API call took 229 ms (model=OPENROUTER size=LARGE)
[WIN_GAME,LOSE_GAME,LOSE_GAME]
[LLMActionPlayer] API call took 251 ms (model=OPENROUTER size=LARGE)
[LLMActionPlayer] API call took 180 ms (model=OPENROUTER size=LARGE)
[LLMActionPlayer] API call took 209 ms (model=OPENROUTER size=LARGE)
[LLMActionPlayer] API call took 203 ms (model=OPENROUTER size=LARGE)
[LLMActionPlayer] API call took 339 ms (model=OPENROUTER size=LARGE)
[LLMActionPlayer] API call took 181 ms (model=OPENROUTER size=LARGE)
[LLMActionPlayer] API call took 267 ms (model=OPENROUTER size=LARGE)
[LLMActionPlayer] API call took 229 ms (model=OPENROUTER size=LARGE)
[LLMActionPlayer] API call took 194 ms (model=OPENROUTER size=LARGE)
[LLMActionPlayer] API call took 233 ms (model=OPENROUTER size=LARGE)
[LLMActionPlayer] API call took 410 ms (model=OPENROUTER size=LARGE)
[LLMActionPlayer] API call took 190 ms (model=OPENROUTER size=LARGE)
[LLMActionPlayer] API call took 196 ms (model=OPENROUTER size=LARGE)
[LLMActionPlayer] API call took 245 ms (model=OPENROUTER size=LARGE)
[LLMActionPlayer] API call took 225 ms (model=OPENROUTER size=LARGE)
[LLMActionPlayer] API call took 183 ms (model=OPENROUTER size=LARGE)
[LLMActionPlayer] API call took 206 ms (model=OPENROUTER size=LARGE)
[LLMActionPlayer] API call took 247 ms (model=OPENROUTER size=LARGE)
[LLMActionPlayer] API call took 188 ms (model=OPENROUTER size=LARGE)
[LLMActionPlayer] API call took 205 ms (model=OPENROUTER size=LARGE)
[LLMActionPlayer] API call took 225 ms (model=OPENROUTER size=LARGE)
[LLMActionPlayer] API call took 563 ms (model=OPENROUTER size=LARGE)
[LLMActionPlayer] API call took 418 ms (model=OPENROUTER size=LARGE)
[LLMActionPlayer] Invalid response: You should propose a trade to acquire the resource you lack, in this case, lumber, by giving away the surplus resource you hold, which is wool, in a trade that is most beneficial to you, such as Trade (p0 to p1 : 4 WOOL for 2 LUMBER).
[LLMActionPlayer] Action ID : null selected randomly since LLM returned non valid action[LLMActionPlayer] API call took 257 ms (model=OPENROUTER size=LARGE)
[LLMActionPlayer] API call took 195 ms (model=OPENROUTER size=LARGE)
[LLMActionPlayer] API call took 202 ms (model=OPENROUTER size=LARGE)
[LLMActionPlayer] API call took 131 ms (model=OPENROUTER size=LARGE)
[LLMActionPlayer] API call took 272 ms (model=OPENROUTER size=LARGE)
[LLMActionPlayer] API call took 432 ms (model=OPENROUTER size=LARGE)
[LLMActionPlayer] API call took 220 ms (model=OPENROUTER size=LARGE)
[LLMActionPlayer] API call took 233 ms (model=OPENROUTER size=LARGE)
[LLMActionPlayer] API call took 268 ms (model=OPENROUTER size=LARGE)
[LOSE_GAME,WIN_GAME,LOSE_GAME]
[LLMActionPlayer] API call took 139 ms (model=OPENROUTER size=LARGE)
[LLMActionPlayer] API call took 199 ms (model=OPENROUTER size=LARGE)
[LLMActionPlayer] API call took 157 ms (model=OPENROUTER size=LARGE)
[LLMActionPlayer] API call took 206 ms (model=OPENROUTER size=LARGE)
[LLMActionPlayer] API call took 394 ms (model=OPENROUTER size=LARGE)
[LLMActionPlayer] API call took 211 ms (model=OPENROUTER size=LARGE)
[LLMActionPlayer] API call took 250 ms (model=OPENROUTER size=LARGE)
[LLMActionPlayer] API call took 206 ms (model=OPENROUTER size=LARGE)
[LLMActionPlayer] API call took 171 ms (model=OPENROUTER size=LARGE)
[LLMActionPlayer] API call took 481 ms (model=OPENROUTER size=LARGE)
[LLMActionPlayer] API call took 203 ms (model=OPENROUTER size=LARGE)
[LLMActionPlayer] API call took 202 ms (model=OPENROUTER size=LARGE)
[LLMActionPlayer] API call took 485 ms (model=OPENROUTER size=LARGE)
[LLMActionPlayer] API call took 190 ms (model=OPENROUTER size=LARGE)
[LLMActionPlayer] API call took 153 ms (model=OPENROUTER size=LARGE)
[LLMActionPlayer] API call took 223 ms (model=OPENROUTER size=LARGE)
[LLMActionPlayer] API call took 450 ms (model=OPENROUTER size=LARGE)
[LLMActionPlayer] API call took 221 ms (model=OPENROUTER size=LARGE)
[LLMActionPlayer] API call took 415 ms (model=OPENROUTER size=LARGE)
[LLMActionPlayer] API call took 257 ms (model=OPENROUTER size=LARGE)
[LLMActionPlayer] API call took 485 ms (model=OPENROUTER size=LARGE)
[LLMActionPlayer] API call took 240 ms (model=OPENROUTER size=LARGE)
[LLMActionPlayer] API call took 536 ms (model=OPENROUTER size=LARGE)
[LLMActionPlayer] API call took 170 ms (model=OPENROUTER size=LARGE)
[LLMActionPlayer] API call took 195 ms (model=OPENROUTER size=LARGE)
[LLMActionPlayer] API call took 182 ms (model=OPENROUTER size=LARGE)
[LLMActionPlayer] API call took 412 ms (model=OPENROUTER size=LARGE)
[LLMActionPlayer] API call took 211 ms (model=OPENROUTER size=LARGE)
[LLMActionPlayer] API call took 191 ms (model=OPENROUTER size=LARGE)
[LLMActionPlayer] API call took 224 ms (model=OPENROUTER size=LARGE)
[LLMActionPlayer] API call took 248 ms (model=OPENROUTER size=LARGE)
[LLMActionPlayer] API call took 236 ms (model=OPENROUTER size=LARGE)
[LLMActionPlayer] API call took 367 ms (model=OPENROUTER size=LARGE)
[LLMActionPlayer] API call took 194 ms (model=OPENROUTER size=LARGE)
[LLMActionPlayer] API call took 145 ms (model=OPENROUTER size=LARGE)
[LLMActionPlayer] API call took 201 ms (model=OPENROUTER size=LARGE)
[LLMActionPlayer] API call took 242 ms (model=OPENROUTER size=LARGE)
[LLMActionPlayer] API call took 467 ms (model=OPENROUTER size=LARGE)
[LLMActionPlayer] API call took 173 ms (model=OPENROUTER size=LARGE)
[LLMActionPlayer] API call took 190 ms (model=OPENROUTER size=LARGE)
[LLMActionPlayer] API call took 181 ms (model=OPENROUTER size=LARGE)
[LLMActionPlayer] API call took 331 ms (model=OPENROUTER size=LARGE)
[LLMActionPlayer] API call took 180 ms (model=OPENROUTER size=LARGE)
[LLMActionPlayer] API call took 421 ms (model=OPENROUTER size=LARGE)
[LLMActionPlayer] API call took 429 ms (model=OPENROUTER size=LARGE)
[LLMActionPlayer] API call took 280 ms (model=OPENROUTER size=LARGE)
[LLMActionPlayer] API call took 250 ms (model=OPENROUTER size=LARGE)
[LLMActionPlayer] API call took 183 ms (model=OPENROUTER size=LARGE)
[LLMActionPlayer] API call took 224 ms (model=OPENROUTER size=LARGE)
[LLMActionPlayer] API call took 174 ms (model=OPENROUTER size=LARGE)
[LLMActionPlayer] API call took 371 ms (model=OPENROUTER size=LARGE)
[LLMActionPlayer] API call took 166 ms (model=OPENROUTER size=LARGE)
[LLMActionPlayer] API call took 171 ms (model=OPENROUTER size=LARGE)
[LLMActionPlayer] API call took 180 ms (model=OPENROUTER size=LARGE)
[LLMActionPlayer] API call took 188 ms (model=OPENROUTER size=LARGE)
[LLMActionPlayer] API call took 403 ms (model=OPENROUTER size=LARGE)
[LLMActionPlayer] API call took 204 ms (model=OPENROUTER size=LARGE)
[LLMActionPlayer] API call took 173 ms (model=OPENROUTER size=LARGE)
[LLMActionPlayer] API call took 198 ms (model=OPENROUTER size=LARGE)
[LLMActionPlayer] API call took 231 ms (model=OPENROUTER size=LARGE)
[LLMActionPlayer] API call took 178 ms (model=OPENROUTER size=LARGE)
[LLMActionPlayer] API call took 255 ms (model=OPENROUTER size=LARGE)
[LLMActionPlayer] API call took 397 ms (model=OPENROUTER size=LARGE)
[LLMActionPlayer] API call took 249 ms (model=OPENROUTER size=LARGE)
[LOSE_GAME,WIN_GAME,LOSE_GAME]
[LLMActionPlayer] API call took 417 ms (model=OPENROUTER size=LARGE)
[LLMActionPlayer] API call took 188 ms (model=OPENROUTER size=LARGE)
[LLMActionPlayer] API call took 191 ms (model=OPENROUTER size=LARGE)
[LLMActionPlayer] API call took 307 ms (model=OPENROUTER size=LARGE)
[LLMActionPlayer] API call took 189 ms (model=OPENROUTER size=LARGE)
[LLMActionPlayer] API call took 296 ms (model=OPENROUTER size=LARGE)
[LLMActionPlayer] API call took 284 ms (model=OPENROUTER size=LARGE)
[LLMActionPlayer] API call took 169 ms (model=OPENROUTER size=LARGE)
[LLMActionPlayer] API call took 247 ms (model=OPENROUTER size=LARGE)
[LLMActionPlayer] API call took 177 ms (model=OPENROUTER size=LARGE)
[LLMActionPlayer] API call took 216 ms (model=OPENROUTER size=LARGE)
[LLMActionPlayer] API call took 426 ms (model=OPENROUTER size=LARGE)
[LLMActionPlayer] API call took 233 ms (model=OPENROUTER size=LARGE)
[LLMActionPlayer] API call took 195 ms (model=OPENROUTER size=LARGE)
[LLMActionPlayer] API call took 196 ms (model=OPENROUTER size=LARGE)
[LLMActionPlayer] API call took 404 ms (model=OPENROUTER size=LARGE)
[LLMActionPlayer] API call took 242 ms (model=OPENROUTER size=LARGE)
[LLMActionPlayer] API call took 205 ms (model=OPENROUTER size=LARGE)
[LLMActionPlayer] API call took 174 ms (model=OPENROUTER size=LARGE)
[LLMActionPlayer] API call took 175 ms (model=OPENROUTER size=LARGE)
[LLMActionPlayer] API call took 305 ms (model=OPENROUTER size=LARGE)
[LLMActionPlayer] API call took 348 ms (model=OPENROUTER size=LARGE)
[LLMActionPlayer] API call took 205 ms (model=OPENROUTER size=LARGE)
[LLMActionPlayer] API call took 200 ms (model=OPENROUTER size=LARGE)
[LLMActionPlayer] API call took 261 ms (model=OPENROUTER size=LARGE)
[LLMActionPlayer] API call took 624 ms (model=OPENROUTER size=LARGE)
[LLMActionPlayer] API call took 256 ms (model=OPENROUTER size=LARGE)
[LLMActionPlayer] API call took 203 ms (model=OPENROUTER size=LARGE)
[LLMActionPlayer] API call took 278 ms (model=OPENROUTER size=LARGE)
[LLMActionPlayer] API call took 213 ms (model=OPENROUTER size=LARGE)
[LOSE_GAME,LOSE_GAME,WIN_GAME]
[LLMActionPlayer] API call took 244 ms (model=OPENROUTER size=LARGE)
[LLMActionPlayer] API call took 201 ms (model=OPENROUTER size=LARGE)
[LLMActionPlayer] API call took 200 ms (model=OPENROUTER size=LARGE)
[LLMActionPlayer] API call took 184 ms (model=OPENROUTER size=LARGE)
[LLMActionPlayer] API call took 204 ms (model=OPENROUTER size=LARGE)
[LLMActionPlayer] API call took 182 ms (model=OPENROUTER size=LARGE)
[LLMActionPlayer] API call took 155 ms (model=OPENROUTER size=LARGE)
[LLMActionPlayer] API call took 243 ms (model=OPENROUTER size=LARGE)
[LLMActionPlayer] API call took 227 ms (model=OPENROUTER size=LARGE)
[LLMActionPlayer] API call took 222 ms (model=OPENROUTER size=LARGE)
[LLMActionPlayer] API call took 197 ms (model=OPENROUTER size=LARGE)
[LLMActionPlayer] API call took 285 ms (model=OPENROUTER size=LARGE)
[LLMActionPlayer] API call took 460 ms (model=OPENROUTER size=LARGE)
[LLMActionPlayer] API call took 195 ms (model=OPENROUTER size=LARGE)
[LLMActionPlayer] API call took 377 ms (model=OPENROUTER size=LARGE)
[LLMActionPlayer] API call took 184 ms (model=OPENROUTER size=LARGE)
[LLMActionPlayer] API call took 253 ms (model=OPENROUTER size=LARGE)
[LLMActionPlayer] API call took 195 ms (model=OPENROUTER size=LARGE)
[LLMActionPlayer] API call took 247 ms (model=OPENROUTER size=LARGE)
[LLMActionPlayer] API call took 187 ms (model=OPENROUTER size=LARGE)
[LLMActionPlayer] API call took 211 ms (model=OPENROUTER size=LARGE)
[LLMActionPlayer] API call took 179 ms (model=OPENROUTER size=LARGE)
[LLMActionPlayer] API call took 212 ms (model=OPENROUTER size=LARGE)
[LLMActionPlayer] API call took 217 ms (model=OPENROUTER size=LARGE)
[LLMActionPlayer] API call took 262 ms (model=OPENROUTER size=LARGE)
[LLMActionPlayer] API call took 285 ms (model=OPENROUTER size=LARGE)
[LLMActionPlayer] API call took 435 ms (model=OPENROUTER size=LARGE)
[LLMActionPlayer] API call took 168 ms (model=OPENROUTER size=LARGE)
[LLMActionPlayer] API call took 224 ms (model=OPENROUTER size=LARGE)
[LLMActionPlayer] API call took 227 ms (model=OPENROUTER size=LARGE)
[LLMActionPlayer] API call took 209 ms (model=OPENROUTER size=LARGE)
[LLMActionPlayer] API call took 460 ms (model=OPENROUTER size=LARGE)
[LLMActionPlayer] API call took 160 ms (model=OPENROUTER size=LARGE)
[LLMActionPlayer] API call took 161 ms (model=OPENROUTER size=LARGE)
[LLMActionPlayer] API call took 169 ms (model=OPENROUTER size=LARGE)
[LLMActionPlayer] API call took 198 ms (model=OPENROUTER size=LARGE)
[LLMActionPlayer] API call took 388 ms (model=OPENROUTER size=LARGE)
[LLMActionPlayer] API call took 237 ms (model=OPENROUTER size=LARGE)
[LLMActionPlayer] API call took 214 ms (model=OPENROUTER size=LARGE)
[LOSE_GAME,WIN_GAME,LOSE_GAME]
[LLMActionPlayer] API call took 153 ms (model=OPENROUTER size=LARGE)
[LLMActionPlayer] API call took 203 ms (model=OPENROUTER size=LARGE)
[LLMActionPlayer] API call took 277 ms (model=OPENROUTER size=LARGE)
[LLMActionPlayer] API call took 292 ms (model=OPENROUTER size=LARGE)
[LLMActionPlayer] API call took 247 ms (model=OPENROUTER size=LARGE)
[LLMActionPlayer] API call took 187 ms (model=OPENROUTER size=LARGE)
[LLMActionPlayer] API call took 196 ms (model=OPENROUTER size=LARGE)
[LLMActionPlayer] API call took 271 ms (model=OPENROUTER size=LARGE)
[LLMActionPlayer] API call took 198 ms (model=OPENROUTER size=LARGE)
[LLMActionPlayer] API call took 173 ms (model=OPENROUTER size=LARGE)
[LLMActionPlayer] API call took 186 ms (model=OPENROUTER size=LARGE)
[LLMActionPlayer] API call took 225 ms (model=OPENROUTER size=LARGE)
[LLMActionPlayer] API call took 206 ms (model=OPENROUTER size=LARGE)
[LLMActionPlayer] API call took 400 ms (model=OPENROUTER size=LARGE)
[LLMActionPlayer] API call took 405 ms (model=OPENROUTER size=LARGE)
[LLMActionPlayer] API call took 407 ms (model=OPENROUTER size=LARGE)
[LLMActionPlayer] API call took 243 ms (model=OPENROUTER size=LARGE)
[LLMActionPlayer] API call took 234 ms (model=OPENROUTER size=LARGE)
[LLMActionPlayer] API call took 186 ms (model=OPENROUTER size=LARGE)
[LLMActionPlayer] API call took 182 ms (model=OPENROUTER size=LARGE)
[LLMActionPlayer] API call took 188 ms (model=OPENROUTER size=LARGE)
[LLMActionPlayer] API call took 253 ms (model=OPENROUTER size=LARGE)
[LLMActionPlayer] API call took 418 ms (model=OPENROUTER size=LARGE)
[LLMActionPlayer] API call took 196 ms (model=OPENROUTER size=LARGE)
[LLMActionPlayer] API call took 248 ms (model=OPENROUTER size=LARGE)
[LLMActionPlayer] API call took 171 ms (model=OPENROUTER size=LARGE)
[WIN_GAME,LOSE_GAME,LOSE_GAME]
[LLMActionPlayer] API call took 188 ms (model=OPENROUTER size=LARGE)
[LLMActionPlayer] API call took 254 ms (model=OPENROUTER size=LARGE)
[LLMActionPlayer] API call took 273 ms (model=OPENROUTER size=LARGE)
[LLMActionPlayer] API call took 183 ms (model=OPENROUTER size=LARGE)
[LLMActionPlayer] API call took 200 ms (model=OPENROUTER size=LARGE)
[LLMActionPlayer] API call took 161 ms (model=OPENROUTER size=LARGE)
[LLMActionPlayer] API call took 480 ms (model=OPENROUTER size=LARGE)
[LLMActionPlayer] API call took 225 ms (model=OPENROUTER size=LARGE)
[LLMActionPlayer] API call took 151 ms (model=OPENROUTER size=LARGE)
[LLMActionPlayer] API call took 274 ms (model=OPENROUTER size=LARGE)
[LLMActionPlayer] API call took 281 ms (model=OPENROUTER size=LARGE)
[LLMActionPlayer] API call took 376 ms (model=OPENROUTER size=LARGE)
[LLMActionPlayer] API call took 185 ms (model=OPENROUTER size=LARGE)
[LLMActionPlayer] API call took 254 ms (model=OPENROUTER size=LARGE)
[LLMActionPlayer] API call took 151 ms (model=OPENROUTER size=LARGE)
[LLMActionPlayer] API call took 179 ms (model=OPENROUTER size=LARGE)
[LLMActionPlayer] API call took 486 ms (model=OPENROUTER size=LARGE)
[LLMActionPlayer] API call took 171 ms (model=OPENROUTER size=LARGE)
[LLMActionPlayer] API call took 418 ms (model=OPENROUTER size=LARGE)
[LLMActionPlayer] API call took 204 ms (model=OPENROUTER size=LARGE)
[LLMActionPlayer] API call took 238 ms (model=OPENROUTER size=LARGE)
[LLMActionPlayer] API call took 240 ms (model=OPENROUTER size=LARGE)
[LLMActionPlayer] API call took 258 ms (model=OPENROUTER size=LARGE)
[LLMActionPlayer] API call took 213 ms (model=OPENROUTER size=LARGE)
[LLMActionPlayer] API call took 198 ms (model=OPENROUTER size=LARGE)
[LLMActionPlayer] API call took 203 ms (model=OPENROUTER size=LARGE)
[LLMActionPlayer] API call took 175 ms (model=OPENROUTER size=LARGE)
[LLMActionPlayer] API call took 199 ms (model=OPENROUTER size=LARGE)
[LLMActionPlayer] API call took 172 ms (model=OPENROUTER size=LARGE)
[LLMActionPlayer] API call took 429 ms (model=OPENROUTER size=LARGE)
[LLMActionPlayer] API call took 192 ms (model=OPENROUTER size=LARGE)
[LLMActionPlayer] API call took 254 ms (model=OPENROUTER size=LARGE)
[LOSE_GAME,WIN_GAME,LOSE_GAME]
[LLMActionPlayer] API call took 274 ms (model=OPENROUTER size=LARGE)
[LLMActionPlayer] API call took 228 ms (model=OPENROUTER size=LARGE)
[LLMActionPlayer] API call took 170 ms (model=OPENROUTER size=LARGE)
[LLMActionPlayer] API call took 214 ms (model=OPENROUTER size=LARGE)
[LLMActionPlayer] API call took 574 ms (model=OPENROUTER size=LARGE)
[LLMActionPlayer] API call took 210 ms (model=OPENROUTER size=LARGE)
[LLMActionPlayer] API call took 175 ms (model=OPENROUTER size=LARGE)
[LLMActionPlayer] API call took 181 ms (model=OPENROUTER size=LARGE)
[LLMActionPlayer] API call took 179 ms (model=OPENROUTER size=LARGE)
[LOSE_GAME,WIN_GAME,LOSE_GAME]
[LLMActionPlayer] API call took 213 ms (model=OPENROUTER size=LARGE)
[LLMActionPlayer] API call took 467 ms (model=OPENROUTER size=LARGE)
[LLMActionPlayer] API call took 208 ms (model=OPENROUTER size=LARGE)
[LLMActionPlayer] API call took 177 ms (model=OPENROUTER size=LARGE)
[LLMActionPlayer] API call took 176 ms (model=OPENROUTER size=LARGE)
[LLMActionPlayer] API call took 173 ms (model=OPENROUTER size=LARGE)
[LLMActionPlayer] API call took 292 ms (model=OPENROUTER size=LARGE)
[LLMActionPlayer] API call took 213 ms (model=OPENROUTER size=LARGE)
[LLMActionPlayer] API call took 185 ms (model=OPENROUTER size=LARGE)
[LLMActionPlayer] API call took 167 ms (model=OPENROUTER size=LARGE)
[LLMActionPlayer] API call took 212 ms (model=OPENROUTER size=LARGE)
[LLMActionPlayer] API call took 153 ms (model=OPENROUTER size=LARGE)
[LLMActionPlayer] API call took 445 ms (model=OPENROUTER size=LARGE)
[LLMActionPlayer] API call took 202 ms (model=OPENROUTER size=LARGE)
[LLMActionPlayer] API call took 209 ms (model=OPENROUTER size=LARGE)
[LLMActionPlayer] API call took 234 ms (model=OPENROUTER size=LARGE)
[LLMActionPlayer] API call took 240 ms (model=OPENROUTER size=LARGE)
[LLMActionPlayer] API call took 254 ms (model=OPENROUTER size=LARGE)
[LLMActionPlayer] API call took 192 ms (model=OPENROUTER size=LARGE)
[LLMActionPlayer] API call took 426 ms (model=OPENROUTER size=LARGE)
[LLMActionPlayer] API call took 210 ms (model=OPENROUTER size=LARGE)
[LLMActionPlayer] API call took 161 ms (model=OPENROUTER size=LARGE)
[LLMActionPlayer] API call took 230 ms (model=OPENROUTER size=LARGE)
[LLMActionPlayer] API call took 173 ms (model=OPENROUTER size=LARGE)
[LLMActionPlayer] API call took 183 ms (model=OPENROUTER size=LARGE)
[LLMActionPlayer] API call took 166 ms (model=OPENROUTER size=LARGE)
[LLMActionPlayer] API call took 259 ms (model=OPENROUTER size=LARGE)
[LLMActionPlayer] API call took 742 ms (model=OPENROUTER size=LARGE)
[LLMActionPlayer] API call took 166 ms (model=OPENROUTER size=LARGE)
[LLMActionPlayer] API call took 468 ms (model=OPENROUTER size=LARGE)
[LLMActionPlayer] API call took 225 ms (model=OPENROUTER size=LARGE)
[LLMActionPlayer] API call took 446 ms (model=OPENROUTER size=LARGE)
[LLMActionPlayer] API call took 208 ms (model=OPENROUTER size=LARGE)
[LLMActionPlayer] API call took 162 ms (model=OPENROUTER size=LARGE)
[LLMActionPlayer] API call took 248 ms (model=OPENROUTER size=LARGE)
[LLMActionPlayer] API call took 215 ms (model=OPENROUTER size=LARGE)
[LLMActionPlayer] API call took 177 ms (model=OPENROUTER size=LARGE)
[LLMActionPlayer] API call took 253 ms (model=OPENROUTER size=LARGE)
[LLMActionPlayer] API call took 145 ms (model=OPENROUTER size=LARGE)
[LLMActionPlayer] API call took 150 ms (model=OPENROUTER size=LARGE)
[LLMActionPlayer] API call took 269 ms (model=OPENROUTER size=LARGE)
[LOSE_GAME,WIN_GAME,LOSE_GAME]
[LLMActionPlayer] API call took 149 ms (model=OPENROUTER size=LARGE)
[LLMActionPlayer] API call took 187 ms (model=OPENROUTER size=LARGE)
[LLMActionPlayer] API call took 188 ms (model=OPENROUTER size=LARGE)
[LLMActionPlayer] API call took 161 ms (model=OPENROUTER size=LARGE)
[LLMActionPlayer] API call took 568 ms (model=OPENROUTER size=LARGE)
[LLMActionPlayer] API call took 185 ms (model=OPENROUTER size=LARGE)
[LLMActionPlayer] API call took 498 ms (model=OPENROUTER size=LARGE)
[LLMActionPlayer] API call took 165 ms (model=OPENROUTER size=LARGE)
[LLMActionPlayer] API call took 400 ms (model=OPENROUTER size=LARGE)
[LLMActionPlayer] API call took 287 ms (model=OPENROUTER size=LARGE)
[LLMActionPlayer] API call took 157 ms (model=OPENROUTER size=LARGE)
[LLMActionPlayer] API call took 544 ms (model=OPENROUTER size=LARGE)
[LLMActionPlayer] API call took 231 ms (model=OPENROUTER size=LARGE)
[LLMActionPlayer] API call took 153 ms (model=OPENROUTER size=LARGE)
[LLMActionPlayer] API call took 225 ms (model=OPENROUTER size=LARGE)
[LLMActionPlayer] API call took 215 ms (model=OPENROUTER size=LARGE)
[LLMActionPlayer] API call took 144 ms (model=OPENROUTER size=LARGE)
[LLMActionPlayer] API call took 164 ms (model=OPENROUTER size=LARGE)
[LLMActionPlayer] API call took 168 ms (model=OPENROUTER size=LARGE)
[LLMActionPlayer] API call took 481 ms (model=OPENROUTER size=LARGE)
[LLMActionPlayer] API call took 242 ms (model=OPENROUTER size=LARGE)
[LLMActionPlayer] API call took 194 ms (model=OPENROUTER size=LARGE)
[LLMActionPlayer] API call took 175 ms (model=OPENROUTER size=LARGE)
[LLMActionPlayer] API call took 189 ms (model=OPENROUTER size=LARGE)
[LOSE_GAME,LOSE_GAME,WIN_GAME]
[LLMActionPlayer] API call took 576 ms (model=OPENROUTER size=LARGE)
[LLMActionPlayer] API call took 229 ms (model=OPENROUTER size=LARGE)
[LLMActionPlayer] API call took 171 ms (model=OPENROUTER size=LARGE)
[LLMActionPlayer] API call took 194 ms (model=OPENROUTER size=LARGE)
[LLMActionPlayer] API call took 240 ms (model=OPENROUTER size=LARGE)
[LLMActionPlayer] API call took 201 ms (model=OPENROUTER size=LARGE)
[LLMActionPlayer] API call took 224 ms (model=OPENROUTER size=LARGE)
[LLMActionPlayer] API call took 193 ms (model=OPENROUTER size=LARGE)
[LLMActionPlayer] API call took 257 ms (model=OPENROUTER size=LARGE)
[LLMActionPlayer] API call took 151 ms (model=OPENROUTER size=LARGE)
[LLMActionPlayer] API call took 165 ms (model=OPENROUTER size=LARGE)
[LLMActionPlayer] API call took 179 ms (model=OPENROUTER size=LARGE)
[LLMActionPlayer] API call took 161 ms (model=OPENROUTER size=LARGE)
[LLMActionPlayer] API call took 204 ms (model=OPENROUTER size=LARGE)
[LLMActionPlayer] API call took 199 ms (model=OPENROUTER size=LARGE)
[LLMActionPlayer] API call took 191 ms (model=OPENROUTER size=LARGE)
[LLMActionPlayer] API call took 185 ms (model=OPENROUTER size=LARGE)
[LLMActionPlayer] API call took 146 ms (model=OPENROUTER size=LARGE)
[LLMActionPlayer] API call took 211 ms (model=OPENROUTER size=LARGE)
[LLMActionPlayer] API call took 303 ms (model=OPENROUTER size=LARGE)
[LLMActionPlayer] API call took 181 ms (model=OPENROUTER size=LARGE)
[LLMActionPlayer] API call took 276 ms (model=OPENROUTER size=LARGE)
[LLMActionPlayer] API call took 169 ms (model=OPENROUTER size=LARGE)
[LLMActionPlayer] API call took 197 ms (model=OPENROUTER size=LARGE)
[LOSE_GAME,LOSE_GAME,WIN_GAME]
[LLMActionPlayer] API call took 293 ms (model=OPENROUTER size=LARGE)
[LLMActionPlayer] API call took 494 ms (model=OPENROUTER size=LARGE)
[LLMActionPlayer] API call took 197 ms (model=OPENROUTER size=LARGE)
[LLMActionPlayer] API call took 260 ms (model=OPENROUTER size=LARGE)
[LLMActionPlayer] API call took 251 ms (model=OPENROUTER size=LARGE)
[LLMActionPlayer] API call took 208 ms (model=OPENROUTER size=LARGE)
[LLMActionPlayer] API call took 156 ms (model=OPENROUTER size=LARGE)
[LLMActionPlayer] API call took 191 ms (model=OPENROUTER size=LARGE)
[LLMActionPlayer] API call took 463 ms (model=OPENROUTER size=LARGE)
[LLMActionPlayer] API call took 182 ms (model=OPENROUTER size=LARGE)
[LLMActionPlayer] API call took 183 ms (model=OPENROUTER size=LARGE)
[LLMActionPlayer] API call took 251 ms (model=OPENROUTER size=LARGE)
[LLMActionPlayer] API call took 181 ms (model=OPENROUTER size=LARGE)
[LLMActionPlayer] API call took 157 ms (model=OPENROUTER size=LARGE)
[LLMActionPlayer] API call took 171 ms (model=OPENROUTER size=LARGE)
[LLMActionPlayer] API call took 148 ms (model=OPENROUTER size=LARGE)
[LLMActionPlayer] API call took 172 ms (model=OPENROUTER size=LARGE)
[LLMActionPlayer] API call took 230 ms (model=OPENROUTER size=LARGE)
[LLMActionPlayer] API call took 179 ms (model=OPENROUTER size=LARGE)
[LLMActionPlayer] API call took 211 ms (model=OPENROUTER size=LARGE)
[LLMActionPlayer] API call took 166 ms (model=OPENROUTER size=LARGE)
[LLMActionPlayer] API call took 206 ms (model=OPENROUTER size=LARGE)
[LLMActionPlayer] API call took 242 ms (model=OPENROUTER size=LARGE)
[LLMActionPlayer] API call took 227 ms (model=OPENROUTER size=LARGE)
[LLMActionPlayer] API call took 226 ms (model=OPENROUTER size=LARGE)
[LLMActionPlayer] API call took 152 ms (model=OPENROUTER size=LARGE)
[LLMActionPlayer] API call took 352 ms (model=OPENROUTER size=LARGE)
[LLMActionPlayer] API call took 164 ms (model=OPENROUTER size=LARGE)
[LLMActionPlayer] API call took 192 ms (model=OPENROUTER size=LARGE)
[LLMActionPlayer] API call took 226 ms (model=OPENROUTER size=LARGE)
[LLMActionPlayer] API call took 229 ms (model=OPENROUTER size=LARGE)
[LLMActionPlayer] API call took 179 ms (model=OPENROUTER size=LARGE)
[LLMActionPlayer] API call took 183 ms (model=OPENROUTER size=LARGE)
[LLMActionPlayer] API call took 182 ms (model=OPENROUTER size=LARGE)
[LLMActionPlayer] API call took 489 ms (model=OPENROUTER size=LARGE)
[LOSE_GAME,WIN_GAME,LOSE_GAME]
[LLMActionPlayer] API call took 190 ms (model=OPENROUTER size=LARGE)
[LLMActionPlayer] API call took 196 ms (model=OPENROUTER size=LARGE)
[LLMActionPlayer] API call took 178 ms (model=OPENROUTER size=LARGE)
[LLMActionPlayer] API call took 178 ms (model=OPENROUTER size=LARGE)
[LLMActionPlayer] API call took 447 ms (model=OPENROUTER size=LARGE)
[LLMActionPlayer] API call took 158 ms (model=OPENROUTER size=LARGE)
[LLMActionPlayer] API call took 366 ms (model=OPENROUTER size=LARGE)
[LLMActionPlayer] API call took 202 ms (model=OPENROUTER size=LARGE)
[LLMActionPlayer] API call took 361 ms (model=OPENROUTER size=LARGE)
[LLMActionPlayer] API call took 192 ms (model=OPENROUTER size=LARGE)
[LLMActionPlayer] API call took 236 ms (model=OPENROUTER size=LARGE)
[LLMActionPlayer] API call took 400 ms (model=OPENROUTER size=LARGE)
[LLMActionPlayer] API call took 281 ms (model=OPENROUTER size=LARGE)
[LLMActionPlayer] API call took 202 ms (model=OPENROUTER size=LARGE)
[LLMActionPlayer] API call took 193 ms (model=OPENROUTER size=LARGE)
[LLMActionPlayer] API call took 182 ms (model=OPENROUTER size=LARGE)
[LLMActionPlayer] API call took 182 ms (model=OPENROUTER size=LARGE)
[LLMActionPlayer] API call took 258 ms (model=OPENROUTER size=LARGE)
[LLMActionPlayer] API call took 374 ms (model=OPENROUTER size=LARGE)
[LLMActionPlayer] API call took 188 ms (model=OPENROUTER size=LARGE)
[LLMActionPlayer] API call took 207 ms (model=OPENROUTER size=LARGE)
[LLMActionPlayer] API call took 146 ms (model=OPENROUTER size=LARGE)
[LLMActionPlayer] API call took 243 ms (model=OPENROUTER size=LARGE)
[LLMActionPlayer] API call took 151 ms (model=OPENROUTER size=LARGE)
[LLMActionPlayer] API call took 165 ms (model=OPENROUTER size=LARGE)
[LLMActionPlayer] API call took 192 ms (model=OPENROUTER size=LARGE)
[LLMActionPlayer] API call took 288 ms (model=OPENROUTER size=LARGE)
[LLMActionPlayer] API call took 268 ms (model=OPENROUTER size=LARGE)
[LLMActionPlayer] API call took 229 ms (model=OPENROUTER size=LARGE)
[WIN_GAME,LOSE_GAME,LOSE_GAME]
[LLMActionPlayer] API call took 244 ms (model=OPENROUTER size=LARGE)
[LLMActionPlayer] API call took 166 ms (model=OPENROUTER size=LARGE)
[LLMActionPlayer] API call took 165 ms (model=OPENROUTER size=LARGE)
[LLMActionPlayer] API call took 192 ms (model=OPENROUTER size=LARGE)
[LLMActionPlayer] API call took 237 ms (model=OPENROUTER size=LARGE)
[LLMActionPlayer] API call took 248 ms (model=OPENROUTER size=LARGE)
[LLMActionPlayer] API call took 191 ms (model=OPENROUTER size=LARGE)
[LLMActionPlayer] API call took 276 ms (model=OPENROUTER size=LARGE)
[LLMActionPlayer] API call took 1358 ms (model=OPENROUTER size=LARGE)
[LLMActionPlayer] API call took 186 ms (model=OPENROUTER size=LARGE)
[LLMActionPlayer] API call took 228 ms (model=OPENROUTER size=LARGE)
[LLMActionPlayer] API call took 462 ms (model=OPENROUTER size=LARGE)
[LLMActionPlayer] API call took 169 ms (model=OPENROUTER size=LARGE)
[LLMActionPlayer] API call took 182 ms (model=OPENROUTER size=LARGE)
[LLMActionPlayer] API call took 179 ms (model=OPENROUTER size=LARGE)
[LLMActionPlayer] API call took 197 ms (model=OPENROUTER size=LARGE)
[LLMActionPlayer] API call took 194 ms (model=OPENROUTER size=LARGE)
[LLMActionPlayer] API call took 257 ms (model=OPENROUTER size=LARGE)
[LLMActionPlayer] API call took 173 ms (model=OPENROUTER size=LARGE)
[WIN_GAME,LOSE_GAME,LOSE_GAME]
[LLMActionPlayer] API call took 248 ms (model=OPENROUTER size=LARGE)
[LLMActionPlayer] API call took 505 ms (model=OPENROUTER size=LARGE)
[LLMActionPlayer] API call took 280 ms (model=OPENROUTER size=LARGE)
[LLMActionPlayer] API call took 225 ms (model=OPENROUTER size=LARGE)
[LLMActionPlayer] API call took 147 ms (model=OPENROUTER size=LARGE)
[LLMActionPlayer] API call took 146 ms (model=OPENROUTER size=LARGE)
[LLMActionPlayer] API call took 220 ms (model=OPENROUTER size=LARGE)
[LLMActionPlayer] API call took 169 ms (model=OPENROUTER size=LARGE)
[LLMActionPlayer] API call took 210 ms (model=OPENROUTER size=LARGE)
[LLMActionPlayer] API call took 196 ms (model=OPENROUTER size=LARGE)
[LLMActionPlayer] API call took 309 ms (model=OPENROUTER size=LARGE)
[LLMActionPlayer] API call took 233 ms (model=OPENROUTER size=LARGE)
[LLMActionPlayer] API call took 230 ms (model=OPENROUTER size=LARGE)
[LLMActionPlayer] API call took 181 ms (model=OPENROUTER size=LARGE)
[LLMActionPlayer] API call took 265 ms (model=OPENROUTER size=LARGE)
[LLMActionPlayer] API call took 207 ms (model=OPENROUTER size=LARGE)
[LLMActionPlayer] API call took 161 ms (model=OPENROUTER size=LARGE)
[LLMActionPlayer] API call took 159 ms (model=OPENROUTER size=LARGE)
[LLMActionPlayer] API call took 169 ms (model=OPENROUTER size=LARGE)
[LLMActionPlayer] API call took 248 ms (model=OPENROUTER size=LARGE)
[LLMActionPlayer] API call took 223 ms (model=OPENROUTER size=LARGE)
[LLMActionPlayer] API call took 309 ms (model=OPENROUTER size=LARGE)
[LLMActionPlayer] API call took 236 ms (model=OPENROUTER size=LARGE)
[LLMActionPlayer] API call took 261 ms (model=OPENROUTER size=LARGE)
[LLMActionPlayer] API call took 162 ms (model=OPENROUTER size=LARGE)
[LOSE_GAME,WIN_GAME,LOSE_GAME]
[LLMActionPlayer] API call took 387 ms (model=OPENROUTER size=LARGE)
[LLMActionPlayer] API call took 470 ms (model=OPENROUTER size=LARGE)
[LLMActionPlayer] API call took 243 ms (model=OPENROUTER size=LARGE)
[LLMActionPlayer] API call took 239 ms (model=OPENROUTER size=LARGE)
[LLMActionPlayer] API call took 376 ms (model=OPENROUTER size=LARGE)
[LLMActionPlayer] API call took 171 ms (model=OPENROUTER size=LARGE)
[LLMActionPlayer] API call took 219 ms (model=OPENROUTER size=LARGE)
[LLMActionPlayer] API call took 484 ms (model=OPENROUTER size=LARGE)
[LLMActionPlayer] API call took 231 ms (model=OPENROUTER size=LARGE)
[LLMActionPlayer] API call took 545 ms (model=OPENROUTER size=LARGE)
[LLMActionPlayer] API call took 238 ms (model=OPENROUTER size=LARGE)
[LLMActionPlayer] API call took 181 ms (model=OPENROUTER size=LARGE)
[LLMActionPlayer] API call took 170 ms (model=OPENROUTER size=LARGE)
[LLMActionPlayer] API call took 168 ms (model=OPENROUTER size=LARGE)
[LLMActionPlayer] API call took 194 ms (model=OPENROUTER size=LARGE)
[LLMActionPlayer] API call took 179 ms (model=OPENROUTER size=LARGE)
[LLMActionPlayer] API call took 216 ms (model=OPENROUTER size=LARGE)
[LLMActionPlayer] API call took 399 ms (model=OPENROUTER size=LARGE)
[LLMActionPlayer] API call took 263 ms (model=OPENROUTER size=LARGE)
[LLMActionPlayer] API call took 540 ms (model=OPENROUTER size=LARGE)
[LLMActionPlayer] API call took 208 ms (model=OPENROUTER size=LARGE)
[LLMActionPlayer] API call took 249 ms (model=OPENROUTER size=LARGE)
[LLMActionPlayer] API call took 164 ms (model=OPENROUTER size=LARGE)
[LLMActionPlayer] API call took 426 ms (model=OPENROUTER size=LARGE)
[LLMActionPlayer] API call took 196 ms (model=OPENROUTER size=LARGE)
[LLMActionPlayer] API call took 254 ms (model=OPENROUTER size=LARGE)
[WIN_GAME,LOSE_GAME,LOSE_GAME]
[PhaseBasedEnsemblePlayer,Catan_2,Catan_1]
[LLMActionPlayer] API call took 198 ms (model=OPENROUTER size=LARGE)
[LLMActionPlayer] API call took 222 ms (model=OPENROUTER size=LARGE)
[LLMActionPlayer] API call took 202 ms (model=OPENROUTER size=LARGE)
[LLMActionPlayer] API call took 214 ms (model=OPENROUTER size=LARGE)
[LLMActionPlayer] API call took 479 ms (model=OPENROUTER size=LARGE)
[LLMActionPlayer] API call took 172 ms (model=OPENROUTER size=LARGE)
[LLMActionPlayer] API call took 229 ms (model=OPENROUTER size=LARGE)
[LLMActionPlayer] API call took 307 ms (model=OPENROUTER size=LARGE)
[LLMActionPlayer] API call took 210 ms (model=OPENROUTER size=LARGE)
[LLMActionPlayer] API call took 258 ms (model=OPENROUTER size=LARGE)
[LLMActionPlayer] API call took 226 ms (model=OPENROUTER size=LARGE)
[LLMActionPlayer] API call took 282 ms (model=OPENROUTER size=LARGE)
[LLMActionPlayer] API call took 225 ms (model=OPENROUTER size=LARGE)
[LLMActionPlayer] API call took 289 ms (model=OPENROUTER size=LARGE)
[LLMActionPlayer] API call took 190 ms (model=OPENROUTER size=LARGE)
[LLMActionPlayer] API call took 196 ms (model=OPENROUTER size=LARGE)
[LLMActionPlayer] API call took 208 ms (model=OPENROUTER size=LARGE)
[LLMActionPlayer] API call took 167 ms (model=OPENROUTER size=LARGE)
[LLMActionPlayer] API call took 204 ms (model=OPENROUTER size=LARGE)
[LLMActionPlayer] API call took 157 ms (model=OPENROUTER size=LARGE)
[LLMActionPlayer] API call took 381 ms (model=OPENROUTER size=LARGE)
[LLMActionPlayer] API call took 233 ms (model=OPENROUTER size=LARGE)
[LLMActionPlayer] API call took 257 ms (model=OPENROUTER size=LARGE)
[LOSE_GAME,WIN_GAME,LOSE_GAME]
[LLMActionPlayer] API call took 301 ms (model=OPENROUTER size=LARGE)
[LLMActionPlayer] API call took 190 ms (model=OPENROUTER size=LARGE)
[LLMActionPlayer] API call took 203 ms (model=OPENROUTER size=LARGE)
[LLMActionPlayer] API call took 261 ms (model=OPENROUTER size=LARGE)
[LLMActionPlayer] API call took 305 ms (model=OPENROUTER size=LARGE)
[LLMActionPlayer] API call took 427 ms (model=OPENROUTER size=LARGE)
[LLMActionPlayer] API call took 238 ms (model=OPENROUTER size=LARGE)
[LLMActionPlayer] API call took 459 ms (model=OPENROUTER size=LARGE)
[LLMActionPlayer] API call took 492 ms (model=OPENROUTER size=LARGE)
[LLMActionPlayer] API call took 186 ms (model=OPENROUTER size=LARGE)
[LLMActionPlayer] API call took 226 ms (model=OPENROUTER size=LARGE)
[LLMActionPlayer] API call took 223 ms (model=OPENROUTER size=LARGE)
[LLMActionPlayer] API call took 227 ms (model=OPENROUTER size=LARGE)
[LLMActionPlayer] API call took 220 ms (model=OPENROUTER size=LARGE)
[LLMActionPlayer] API call took 192 ms (model=OPENROUTER size=LARGE)
[LLMActionPlayer] API call took 256 ms (model=OPENROUTER size=LARGE)
[LLMActionPlayer] API call took 215 ms (model=OPENROUTER size=LARGE)
[LLMActionPlayer] API call took 406 ms (model=OPENROUTER size=LARGE)
[LLMActionPlayer] API call took 225 ms (model=OPENROUTER size=LARGE)
[LLMActionPlayer] API call took 172 ms (model=OPENROUTER size=LARGE)
[LLMActionPlayer] API call took 240 ms (model=OPENROUTER size=LARGE)
[LLMActionPlayer] API call took 218 ms (model=OPENROUTER size=LARGE)
[LLMActionPlayer] API call took 211 ms (model=OPENROUTER size=LARGE)
[LLMActionPlayer] API call took 161 ms (model=OPENROUTER size=LARGE)
[LLMActionPlayer] API call took 222 ms (model=OPENROUTER size=LARGE)
[LLMActionPlayer] API call took 272 ms (model=OPENROUTER size=LARGE)
[LLMActionPlayer] API call took 178 ms (model=OPENROUTER size=LARGE)
[LLMActionPlayer] API call took 167 ms (model=OPENROUTER size=LARGE)
[LLMActionPlayer] API call took 568 ms (model=OPENROUTER size=LARGE)
[LLMActionPlayer] API call took 176 ms (model=OPENROUTER size=LARGE)
[LLMActionPlayer] API call took 203 ms (model=OPENROUTER size=LARGE)
[LLMActionPlayer] API call took 175 ms (model=OPENROUTER size=LARGE)
[LLMActionPlayer] API call took 220 ms (model=OPENROUTER size=LARGE)
[LLMActionPlayer] API call took 287 ms (model=OPENROUTER size=LARGE)
[LLMActionPlayer] API call took 260 ms (model=OPENROUTER size=LARGE)
[LLMActionPlayer] API call took 215 ms (model=OPENROUTER size=LARGE)
[LLMActionPlayer] API call took 192 ms (model=OPENROUTER size=LARGE)
[LLMActionPlayer] API call took 253 ms (model=OPENROUTER size=LARGE)
[WIN_GAME,LOSE_GAME,LOSE_GAME]
[LLMActionPlayer] API call took 298 ms (model=OPENROUTER size=LARGE)
[LLMActionPlayer] API call took 165 ms (model=OPENROUTER size=LARGE)
[LLMActionPlayer] API call took 182 ms (model=OPENROUTER size=LARGE)
[LLMActionPlayer] API call took 186 ms (model=OPENROUTER size=LARGE)
[LLMActionPlayer] API call took 472 ms (model=OPENROUTER size=LARGE)
[LLMActionPlayer] API call took 420 ms (model=OPENROUTER size=LARGE)
[LLMActionPlayer] API call took 154 ms (model=OPENROUTER size=LARGE)
[LLMActionPlayer] API call took 425 ms (model=OPENROUTER size=LARGE)
[LLMActionPlayer] API call took 224 ms (model=OPENROUTER size=LARGE)
[LLMActionPlayer] API call took 256 ms (model=OPENROUTER size=LARGE)
[LLMActionPlayer] API call took 179 ms (model=OPENROUTER size=LARGE)
[LLMActionPlayer] API call took 185 ms (model=OPENROUTER size=LARGE)
[LLMActionPlayer] API call took 191 ms (model=OPENROUTER size=LARGE)
[LLMActionPlayer] API call took 203 ms (model=OPENROUTER size=LARGE)
[LLMActionPlayer] API call took 521 ms (model=OPENROUTER size=LARGE)
[LLMActionPlayer] API call took 164 ms (model=OPENROUTER size=LARGE)
[LLMActionPlayer] API call took 205 ms (model=OPENROUTER size=LARGE)
[LLMActionPlayer] API call took 490 ms (model=OPENROUTER size=LARGE)
[LLMActionPlayer] API call took 442 ms (model=OPENROUTER size=LARGE)
[LLMActionPlayer] API call took 267 ms (model=OPENROUTER size=LARGE)
[LLMActionPlayer] API call took 167 ms (model=OPENROUTER size=LARGE)
[LLMActionPlayer] API call took 211 ms (model=OPENROUTER size=LARGE)
[LLMActionPlayer] API call took 195 ms (model=OPENROUTER size=LARGE)
[LLMActionPlayer] API call took 213 ms (model=OPENROUTER size=LARGE)
[LLMActionPlayer] API call took 212 ms (model=OPENROUTER size=LARGE)
[LLMActionPlayer] API call took 221 ms (model=OPENROUTER size=LARGE)
[LLMActionPlayer] API call took 166 ms (model=OPENROUTER size=LARGE)
[LLMActionPlayer] API call took 197 ms (model=OPENROUTER size=LARGE)
[LLMActionPlayer] API call took 251 ms (model=OPENROUTER size=LARGE)
[LLMActionPlayer] API call took 174 ms (model=OPENROUTER size=LARGE)
[LLMActionPlayer] API call took 219 ms (model=OPENROUTER size=LARGE)
[LLMActionPlayer] API call took 508 ms (model=OPENROUTER size=LARGE)
[LLMActionPlayer] API call took 243 ms (model=OPENROUTER size=LARGE)
[LLMActionPlayer] API call took 439 ms (model=OPENROUTER size=LARGE)
[LLMActionPlayer] API call took 542 ms (model=OPENROUTER size=LARGE)
[LLMActionPlayer] API call took 208 ms (model=OPENROUTER size=LARGE)
[LLMActionPlayer] API call took 307 ms (model=OPENROUTER size=LARGE)
[LLMActionPlayer] API call took 228 ms (model=OPENROUTER size=LARGE)
[LLMActionPlayer] API call took 277 ms (model=OPENROUTER size=LARGE)
[LLMActionPlayer] API call took 233 ms (model=OPENROUTER size=LARGE)
[LOSE_GAME,LOSE_GAME,WIN_GAME]
[LLMActionPlayer] API call took 212 ms (model=OPENROUTER size=LARGE)
[LLMActionPlayer] API call took 1287 ms (model=OPENROUTER size=LARGE)
[LLMActionPlayer] API call took 228 ms (model=OPENROUTER size=LARGE)
[LLMActionPlayer] API call took 250 ms (model=OPENROUTER size=LARGE)
[LLMActionPlayer] API call took 514 ms (model=OPENROUTER size=LARGE)
[LLMActionPlayer] API call took 382 ms (model=OPENROUTER size=LARGE)
[LLMActionPlayer] API call took 192 ms (model=OPENROUTER size=LARGE)
[LLMActionPlayer] API call took 257 ms (model=OPENROUTER size=LARGE)
[LLMActionPlayer] API call took 161 ms (model=OPENROUTER size=LARGE)
[LLMActionPlayer] API call took 159 ms (model=OPENROUTER size=LARGE)
[LLMActionPlayer] API call took 242 ms (model=OPENROUTER size=LARGE)
[LLMActionPlayer] API call took 252 ms (model=OPENROUTER size=LARGE)
[LLMActionPlayer] API call took 207 ms (model=OPENROUTER size=LARGE)
[LLMActionPlayer] API call took 258 ms (model=OPENROUTER size=LARGE)
[LLMActionPlayer] API call took 383 ms (model=OPENROUTER size=LARGE)
[LLMActionPlayer] API call took 694 ms (model=OPENROUTER size=LARGE)
[LLMActionPlayer] API call took 226 ms (model=OPENROUTER size=LARGE)
[LLMActionPlayer] API call took 215 ms (model=OPENROUTER size=LARGE)
[LLMActionPlayer] API call took 412 ms (model=OPENROUTER size=LARGE)
[LLMActionPlayer] API call took 165 ms (model=OPENROUTER size=LARGE)
[LLMActionPlayer] API call took 204 ms (model=OPENROUTER size=LARGE)
[LLMActionPlayer] API call took 199 ms (model=OPENROUTER size=LARGE)
[LLMActionPlayer] API call took 298 ms (model=OPENROUTER size=LARGE)
[LLMActionPlayer] API call took 210 ms (model=OPENROUTER size=LARGE)
[LLMActionPlayer] API call took 242 ms (model=OPENROUTER size=LARGE)
[LLMActionPlayer] API call took 223 ms (model=OPENROUTER size=LARGE)
[LLMActionPlayer] API call took 289 ms (model=OPENROUTER size=LARGE)
[LLMActionPlayer] API call took 230 ms (model=OPENROUTER size=LARGE)
[LLMActionPlayer] API call took 202 ms (model=OPENROUTER size=LARGE)
[LLMActionPlayer] API call took 251 ms (model=OPENROUTER size=LARGE)
[LLMActionPlayer] API call took 164 ms (model=OPENROUTER size=LARGE)
[LLMActionPlayer] API call took 327 ms (model=OPENROUTER size=LARGE)
[LLMActionPlayer] API call took 206 ms (model=OPENROUTER size=LARGE)
[LLMActionPlayer] API call took 178 ms (model=OPENROUTER size=LARGE)
[LLMActionPlayer] API call took 185 ms (model=OPENROUTER size=LARGE)
[LLMActionPlayer] API call took 182 ms (model=OPENROUTER size=LARGE)
[LLMActionPlayer] API call took 523 ms (model=OPENROUTER size=LARGE)
[LLMActionPlayer] API call took 181 ms (model=OPENROUTER size=LARGE)
[LLMActionPlayer] API call took 198 ms (model=OPENROUTER size=LARGE)
[LLMActionPlayer] API call took 421 ms (model=OPENROUTER size=LARGE)
[LLMActionPlayer] API call took 389 ms (model=OPENROUTER size=LARGE)
[LLMActionPlayer] API call took 404 ms (model=OPENROUTER size=LARGE)
[LLMActionPlayer] API call took 344 ms (model=OPENROUTER size=LARGE)
[LLMActionPlayer] API call took 282 ms (model=OPENROUTER size=LARGE)
[LLMActionPlayer] API call took 199 ms (model=OPENROUTER size=LARGE)
[LLMActionPlayer] API call took 205 ms (model=OPENROUTER size=LARGE)
[LLMActionPlayer] API call took 181 ms (model=OPENROUTER size=LARGE)
[LLMActionPlayer] API call took 200 ms (model=OPENROUTER size=LARGE)
[LLMActionPlayer] API call took 754 ms (model=OPENROUTER size=LARGE)
[LLMActionPlayer] API call took 201 ms (model=OPENROUTER size=LARGE)
[LLMActionPlayer] API call took 225 ms (model=OPENROUTER size=LARGE)
[LLMActionPlayer] API call took 271 ms (model=OPENROUTER size=LARGE)
[LLMActionPlayer] API call took 178 ms (model=OPENROUTER size=LARGE)
[LLMActionPlayer] API call took 374 ms (model=OPENROUTER size=LARGE)
[LLMActionPlayer] API call took 154 ms (model=OPENROUTER size=LARGE)
[LLMActionPlayer] API call took 262 ms (model=OPENROUTER size=LARGE)
[LLMActionPlayer] API call took 250 ms (model=OPENROUTER size=LARGE)
[LLMActionPlayer] API call took 229 ms (model=OPENROUTER size=LARGE)
[LLMActionPlayer] API call took 247 ms (model=OPENROUTER size=LARGE)
[LLMActionPlayer] API call took 294 ms (model=OPENROUTER size=LARGE)
[LLMActionPlayer] API call took 254 ms (model=OPENROUTER size=LARGE)
[LLMActionPlayer] API call took 185 ms (model=OPENROUTER size=LARGE)
[LLMActionPlayer] API call took 207 ms (model=OPENROUTER size=LARGE)
[LLMActionPlayer] API call took 177 ms (model=OPENROUTER size=LARGE)
[LOSE_GAME,WIN_GAME,LOSE_GAME]
[LLMActionPlayer] API call took 180 ms (model=OPENROUTER size=LARGE)
[LLMActionPlayer] API call took 158 ms (model=OPENROUTER size=LARGE)
[LLMActionPlayer] API call took 193 ms (model=OPENROUTER size=LARGE)
[LLMActionPlayer] API call took 219 ms (model=OPENROUTER size=LARGE)
[LLMActionPlayer] API call took 253 ms (model=OPENROUTER size=LARGE)
[LLMActionPlayer] API call took 179 ms (model=OPENROUTER size=LARGE)
[LLMActionPlayer] API call took 186 ms (model=OPENROUTER size=LARGE)
[LLMActionPlayer] API call took 211 ms (model=OPENROUTER size=LARGE)
[LLMActionPlayer] API call took 186 ms (model=OPENROUTER size=LARGE)
[LLMActionPlayer] API call took 173 ms (model=OPENROUTER size=LARGE)
[LLMActionPlayer] API call took 283 ms (model=OPENROUTER size=LARGE)
[LLMActionPlayer] API call took 161 ms (model=OPENROUTER size=LARGE)
[LLMActionPlayer] API call took 219 ms (model=OPENROUTER size=LARGE)
[LLMActionPlayer] API call took 201 ms (model=OPENROUTER size=LARGE)
[LLMActionPlayer] API call took 184 ms (model=OPENROUTER size=LARGE)
[LLMActionPlayer] API call took 309 ms (model=OPENROUTER size=LARGE)
[LLMActionPlayer] API call took 162 ms (model=OPENROUTER size=LARGE)
[LLMActionPlayer] API call took 194 ms (model=OPENROUTER size=LARGE)
[LLMActionPlayer] API call took 144 ms (model=OPENROUTER size=LARGE)
[LLMActionPlayer] API call took 153 ms (model=OPENROUTER size=LARGE)
[LLMActionPlayer] API call took 166 ms (model=OPENROUTER size=LARGE)
[LLMActionPlayer] API call took 200 ms (model=OPENROUTER size=LARGE)
[LLMActionPlayer] API call took 518 ms (model=OPENROUTER size=LARGE)
[LLMActionPlayer] API call took 165 ms (model=OPENROUTER size=LARGE)
[LLMActionPlayer] API call took 225 ms (model=OPENROUTER size=LARGE)
[LLMActionPlayer] API call took 298 ms (model=OPENROUTER size=LARGE)
[LLMActionPlayer] API call took 275 ms (model=OPENROUTER size=LARGE)
[LLMActionPlayer] API call took 221 ms (model=OPENROUTER size=LARGE)
[LLMActionPlayer] API call took 232 ms (model=OPENROUTER size=LARGE)
[LLMActionPlayer] API call took 209 ms (model=OPENROUTER size=LARGE)
[LLMActionPlayer] API call took 268 ms (model=OPENROUTER size=LARGE)
[LLMActionPlayer] API call took 228 ms (model=OPENROUTER size=LARGE)
[LLMActionPlayer] API call took 153 ms (model=OPENROUTER size=LARGE)
[LLMActionPlayer] API call took 283 ms (model=OPENROUTER size=LARGE)
[LLMActionPlayer] API call took 752 ms (model=OPENROUTER size=LARGE)
[LLMActionPlayer] API call took 168 ms (model=OPENROUTER size=LARGE)
[WIN_GAME,LOSE_GAME,LOSE_GAME]
[LLMActionPlayer] API call took 167 ms (model=OPENROUTER size=LARGE)
[LLMActionPlayer] API call took 279 ms (model=OPENROUTER size=LARGE)
[LLMActionPlayer] API call took 158 ms (model=OPENROUTER size=LARGE)
[LLMActionPlayer] API call took 511 ms (model=OPENROUTER size=LARGE)
[LLMActionPlayer] API call took 314 ms (model=OPENROUTER size=LARGE)
[LLMActionPlayer] API call took 166 ms (model=OPENROUTER size=LARGE)
[LLMActionPlayer] API call took 239 ms (model=OPENROUTER size=LARGE)
[LLMActionPlayer] API call took 173 ms (model=OPENROUTER size=LARGE)
[LLMActionPlayer] API call took 155 ms (model=OPENROUTER size=LARGE)
[LLMActionPlayer] API call took 287 ms (model=OPENROUTER size=LARGE)
[LLMActionPlayer] API call took 212 ms (model=OPENROUTER size=LARGE)
[LLMActionPlayer] API call took 155 ms (model=OPENROUTER size=LARGE)
[LLMActionPlayer] API call took 198 ms (model=OPENROUTER size=LARGE)
[LLMActionPlayer] API call took 246 ms (model=OPENROUTER size=LARGE)
[LLMActionPlayer] API call took 396 ms (model=OPENROUTER size=LARGE)
[LLMActionPlayer] API call took 198 ms (model=OPENROUTER size=LARGE)
[LLMActionPlayer] API call took 311 ms (model=OPENROUTER size=LARGE)
[LLMActionPlayer] API call took 353 ms (model=OPENROUTER size=LARGE)
[LLMActionPlayer] API call took 212 ms (model=OPENROUTER size=LARGE)
[LLMActionPlayer] API call took 164 ms (model=OPENROUTER size=LARGE)
[LLMActionPlayer] API call took 226 ms (model=OPENROUTER size=LARGE)
[LLMActionPlayer] API call took 216 ms (model=OPENROUTER size=LARGE)
[LLMActionPlayer] API call took 208 ms (model=OPENROUTER size=LARGE)
[LLMActionPlayer] API call took 423 ms (model=OPENROUTER size=LARGE)
[LLMActionPlayer] API call took 436 ms (model=OPENROUTER size=LARGE)
[LLMActionPlayer] API call took 244 ms (model=OPENROUTER size=LARGE)
[LLMActionPlayer] API call took 165 ms (model=OPENROUTER size=LARGE)
[LLMActionPlayer] API call took 225 ms (model=OPENROUTER size=LARGE)
[LLMActionPlayer] API call took 176 ms (model=OPENROUTER size=LARGE)
[LLMActionPlayer] API call took 287 ms (model=OPENROUTER size=LARGE)
[LLMActionPlayer] API call took 239 ms (model=OPENROUTER size=LARGE)
[LLMActionPlayer] API call took 223 ms (model=OPENROUTER size=LARGE)
[LLMActionPlayer] API call took 228 ms (model=OPENROUTER size=LARGE)
[LOSE_GAME,LOSE_GAME,WIN_GAME]
[LLMActionPlayer] API call took 163 ms (model=OPENROUTER size=LARGE)
[LLMActionPlayer] API call took 186 ms (model=OPENROUTER size=LARGE)
[LLMActionPlayer] API call took 171 ms (model=OPENROUTER size=LARGE)
[LLMActionPlayer] API call took 369 ms (model=OPENROUTER size=LARGE)
[LLMActionPlayer] API call took 159 ms (model=OPENROUTER size=LARGE)
[LLMActionPlayer] API call took 261 ms (model=OPENROUTER size=LARGE)
[LLMActionPlayer] API call took 173 ms (model=OPENROUTER size=LARGE)
[LLMActionPlayer] API call took 220 ms (model=OPENROUTER size=LARGE)
[LLMActionPlayer] API call took 187 ms (model=OPENROUTER size=LARGE)
[LLMActionPlayer] API call took 154 ms (model=OPENROUTER size=LARGE)
[LLMActionPlayer] API call took 379 ms (model=OPENROUTER size=LARGE)
[LLMActionPlayer] API call took 250 ms (model=OPENROUTER size=LARGE)
[LLMActionPlayer] API call took 189 ms (model=OPENROUTER size=LARGE)
[LLMActionPlayer] API call took 171 ms (model=OPENROUTER size=LARGE)
[LLMActionPlayer] API call took 147 ms (model=OPENROUTER size=LARGE)
[LLMActionPlayer] API call took 152 ms (model=OPENROUTER size=LARGE)
[LLMActionPlayer] API call took 203 ms (model=OPENROUTER size=LARGE)
[LLMActionPlayer] API call took 211 ms (model=OPENROUTER size=LARGE)
[LLMActionPlayer] API call took 207 ms (model=OPENROUTER size=LARGE)
[LLMActionPlayer] API call took 187 ms (model=OPENROUTER size=LARGE)
[LLMActionPlayer] API call took 687 ms (model=OPENROUTER size=LARGE)
[LOSE_GAME,LOSE_GAME,WIN_GAME]
[LLMActionPlayer] API call took 239 ms (model=OPENROUTER size=LARGE)
[LLMActionPlayer] API call took 218 ms (model=OPENROUTER size=LARGE)
[LLMActionPlayer] API call took 134 ms (model=OPENROUTER size=LARGE)
[LLMActionPlayer] API call took 163 ms (model=OPENROUTER size=LARGE)
[LLMActionPlayer] API call took 204 ms (model=OPENROUTER size=LARGE)
[LLMActionPlayer] API call took 183 ms (model=OPENROUTER size=LARGE)
[LLMActionPlayer] API call took 193 ms (model=OPENROUTER size=LARGE)
[LLMActionPlayer] API call took 219 ms (model=OPENROUTER size=LARGE)
[LLMActionPlayer] API call took 176 ms (model=OPENROUTER size=LARGE)
[LLMActionPlayer] API call took 206 ms (model=OPENROUTER size=LARGE)
[LLMActionPlayer] API call took 433 ms (model=OPENROUTER size=LARGE)
[LLMActionPlayer] API call took 330 ms (model=OPENROUTER size=LARGE)
[LLMActionPlayer] API call took 192 ms (model=OPENROUTER size=LARGE)
[LLMActionPlayer] API call took 188 ms (model=OPENROUTER size=LARGE)
[LLMActionPlayer] API call took 223 ms (model=OPENROUTER size=LARGE)
[LLMActionPlayer] API call took 201 ms (model=OPENROUTER size=LARGE)
[LLMActionPlayer] API call took 427 ms (model=OPENROUTER size=LARGE)
[LLMActionPlayer] API call took 183 ms (model=OPENROUTER size=LARGE)
[LLMActionPlayer] API call took 228 ms (model=OPENROUTER size=LARGE)
[LLMActionPlayer] API call took 400 ms (model=OPENROUTER size=LARGE)
[LLMActionPlayer] API call took 397 ms (model=OPENROUTER size=LARGE)
[LLMActionPlayer] API call took 205 ms (model=OPENROUTER size=LARGE)
[LLMActionPlayer] API call took 185 ms (model=OPENROUTER size=LARGE)
[LLMActionPlayer] API call took 207 ms (model=OPENROUTER size=LARGE)
[LLMActionPlayer] API call took 275 ms (model=OPENROUTER size=LARGE)
[LLMActionPlayer] API call took 544 ms (model=OPENROUTER size=LARGE)
[LLMActionPlayer] API call took 179 ms (model=OPENROUTER size=LARGE)
[LLMActionPlayer] API call took 171 ms (model=OPENROUTER size=LARGE)
[LLMActionPlayer] API call took 356 ms (model=OPENROUTER size=LARGE)
[LLMActionPlayer] API call took 218 ms (model=OPENROUTER size=LARGE)
[LLMActionPlayer] API call took 215 ms (model=OPENROUTER size=LARGE)
[LLMActionPlayer] API call took 161 ms (model=OPENROUTER size=LARGE)
[LLMActionPlayer] API call took 168 ms (model=OPENROUTER size=LARGE)
[LLMActionPlayer] API call took 179 ms (model=OPENROUTER size=LARGE)
[LLMActionPlayer] API call took 209 ms (model=OPENROUTER size=LARGE)
[LLMActionPlayer] API call took 213 ms (model=OPENROUTER size=LARGE)
[LLMActionPlayer] API call took 185 ms (model=OPENROUTER size=LARGE)
[LLMActionPlayer] API call took 481 ms (model=OPENROUTER size=LARGE)
[DRAW_GAME,LOSE_GAME,DRAW_GAME]
[LLMActionPlayer] API call took 219 ms (model=OPENROUTER size=LARGE)
[LLMActionPlayer] API call took 230 ms (model=OPENROUTER size=LARGE)
[LLMActionPlayer] API call took 209 ms (model=OPENROUTER size=LARGE)
[LLMActionPlayer] API call took 264 ms (model=OPENROUTER size=LARGE)
[LLMActionPlayer] API call took 236 ms (model=OPENROUTER size=LARGE)
[LLMActionPlayer] API call took 192 ms (model=OPENROUTER size=LARGE)
[LLMActionPlayer] API call took 1311 ms (model=OPENROUTER size=LARGE)
[LLMActionPlayer] API call took 194 ms (model=OPENROUTER size=LARGE)
[LLMActionPlayer] API call took 193 ms (model=OPENROUTER size=LARGE)
[LLMActionPlayer] API call took 219 ms (model=OPENROUTER size=LARGE)
[LLMActionPlayer] API call took 202 ms (model=OPENROUTER size=LARGE)
[LLMActionPlayer] API call took 198 ms (model=OPENROUTER size=LARGE)
[LLMActionPlayer] API call took 214 ms (model=OPENROUTER size=LARGE)
[LLMActionPlayer] API call took 218 ms (model=OPENROUTER size=LARGE)
[LLMActionPlayer] API call took 202 ms (model=OPENROUTER size=LARGE)
[LLMActionPlayer] API call took 209 ms (model=OPENROUTER size=LARGE)
[LLMActionPlayer] API call took 423 ms (model=OPENROUTER size=LARGE)
[LLMActionPlayer] API call took 214 ms (model=OPENROUTER size=LARGE)
[LLMActionPlayer] API call took 199 ms (model=OPENROUTER size=LARGE)
[LLMActionPlayer] API call took 160 ms (model=OPENROUTER size=LARGE)
[LLMActionPlayer] API call took 176 ms (model=OPENROUTER size=LARGE)
[LLMActionPlayer] API call took 193 ms (model=OPENROUTER size=LARGE)
[LLMActionPlayer] API call took 155 ms (model=OPENROUTER size=LARGE)
[LLMActionPlayer] API call took 213 ms (model=OPENROUTER size=LARGE)
[LLMActionPlayer] API call took 171 ms (model=OPENROUTER size=LARGE)
[LLMActionPlayer] API call took 211 ms (model=OPENROUTER size=LARGE)
[LLMActionPlayer] API call took 186 ms (model=OPENROUTER size=LARGE)
[LLMActionPlayer] API call took 176 ms (model=OPENROUTER size=LARGE)
[LLMActionPlayer] API call took 282 ms (model=OPENROUTER size=LARGE)
[LLMActionPlayer] API call took 212 ms (model=OPENROUTER size=LARGE)
[LLMActionPlayer] API call took 220 ms (model=OPENROUTER size=LARGE)
[LLMActionPlayer] API call took 203 ms (model=OPENROUTER size=LARGE)
[LLMActionPlayer] API call took 289 ms (model=OPENROUTER size=LARGE)
[LLMActionPlayer] API call took 279 ms (model=OPENROUTER size=LARGE)
[LLMActionPlayer] API call took 258 ms (model=OPENROUTER size=LARGE)
[LLMActionPlayer] API call took 456 ms (model=OPENROUTER size=LARGE)
[LLMActionPlayer] API call took 168 ms (model=OPENROUTER size=LARGE)
[LLMActionPlayer] API call took 224 ms (model=OPENROUTER size=LARGE)
[LLMActionPlayer] API call took 154 ms (model=OPENROUTER size=LARGE)
[LLMActionPlayer] API call took 209 ms (model=OPENROUTER size=LARGE)
[LLMActionPlayer] API call took 234 ms (model=OPENROUTER size=LARGE)
[LLMActionPlayer] API call took 183 ms (model=OPENROUTER size=LARGE)
[LLMActionPlayer] API call took 260 ms (model=OPENROUTER size=LARGE)
[LLMActionPlayer] API call took 203 ms (model=OPENROUTER size=LARGE)
[LLMActionPlayer] API call took 183 ms (model=OPENROUTER size=LARGE)
[LLMActionPlayer] API call took 197 ms (model=OPENROUTER size=LARGE)
[LLMActionPlayer] API call took 208 ms (model=OPENROUTER size=LARGE)
[LLMActionPlayer] API call took 236 ms (model=OPENROUTER size=LARGE)
[LLMActionPlayer] API call took 152 ms (model=OPENROUTER size=LARGE)
[LLMActionPlayer] API call took 220 ms (model=OPENROUTER size=LARGE)
[LLMActionPlayer] API call took 136 ms (model=OPENROUTER size=LARGE)
[LLMActionPlayer] API call took 207 ms (model=OPENROUTER size=LARGE)
[LLMActionPlayer] API call took 204 ms (model=OPENROUTER size=LARGE)
[LLMActionPlayer] API call took 229 ms (model=OPENROUTER size=LARGE)
[LLMActionPlayer] API call took 170 ms (model=OPENROUTER size=LARGE)
[WIN_GAME,LOSE_GAME,LOSE_GAME]
[LLMActionPlayer] API call took 377 ms (model=OPENROUTER size=LARGE)
[LLMActionPlayer] API call took 163 ms (model=OPENROUTER size=LARGE)
[LLMActionPlayer] API call took 499 ms (model=OPENROUTER size=LARGE)
[LLMActionPlayer] API call took 197 ms (model=OPENROUTER size=LARGE)
[LLMActionPlayer] API call took 228 ms (model=OPENROUTER size=LARGE)
[LLMActionPlayer] API call took 177 ms (model=OPENROUTER size=LARGE)
[LLMActionPlayer] API call took 176 ms (model=OPENROUTER size=LARGE)
[LLMActionPlayer] API call took 161 ms (model=OPENROUTER size=LARGE)
[LLMActionPlayer] API call took 259 ms (model=OPENROUTER size=LARGE)
[LLMActionPlayer] API call took 183 ms (model=OPENROUTER size=LARGE)
[LLMActionPlayer] API call took 203 ms (model=OPENROUTER size=LARGE)
[LLMActionPlayer] API call took 198 ms (model=OPENROUTER size=LARGE)
[LLMActionPlayer] API call took 387 ms (model=OPENROUTER size=LARGE)
[LLMActionPlayer] API call took 200 ms (model=OPENROUTER size=LARGE)
[LLMActionPlayer] API call took 164 ms (model=OPENROUTER size=LARGE)
[LLMActionPlayer] API call took 1889 ms (model=OPENROUTER size=LARGE)
[LLMActionPlayer] API call took 369 ms (model=OPENROUTER size=LARGE)
[LLMActionPlayer] API call took 191 ms (model=OPENROUTER size=LARGE)
[LLMActionPlayer] API call took 228 ms (model=OPENROUTER size=LARGE)
[LLMActionPlayer] API call took 200 ms (model=OPENROUTER size=LARGE)
[LLMActionPlayer] API call took 232 ms (model=OPENROUTER size=LARGE)
[LLMActionPlayer] API call took 229 ms (model=OPENROUTER size=LARGE)
[LLMActionPlayer] API call took 456 ms (model=OPENROUTER size=LARGE)
[LLMActionPlayer] API call took 263 ms (model=OPENROUTER size=LARGE)
[LLMActionPlayer] API call took 286 ms (model=OPENROUTER size=LARGE)
[LLMActionPlayer] API call took 292 ms (model=OPENROUTER size=LARGE)
[LLMActionPlayer] API call took 308 ms (model=OPENROUTER size=LARGE)
[LLMActionPlayer] API call took 218 ms (model=OPENROUTER size=LARGE)
[LLMActionPlayer] API call took 188 ms (model=OPENROUTER size=LARGE)
[LLMActionPlayer] API call took 228 ms (model=OPENROUTER size=LARGE)
[LLMActionPlayer] API call took 177 ms (model=OPENROUTER size=LARGE)
[LLMActionPlayer] API call took 210 ms (model=OPENROUTER size=LARGE)
[LLMActionPlayer] API call took 343 ms (model=OPENROUTER size=LARGE)
[LLMActionPlayer] API call took 238 ms (model=OPENROUTER size=LARGE)
[LLMActionPlayer] API call took 234 ms (model=OPENROUTER size=LARGE)
[LLMActionPlayer] API call took 253 ms (model=OPENROUTER size=LARGE)
[LLMActionPlayer] API call took 218 ms (model=OPENROUTER size=LARGE)
[LLMActionPlayer] API call took 167 ms (model=OPENROUTER size=LARGE)
[LLMActionPlayer] API call took 178 ms (model=OPENROUTER size=LARGE)
[LLMActionPlayer] API call took 181 ms (model=OPENROUTER size=LARGE)
[LLMActionPlayer] API call took 360 ms (model=OPENROUTER size=LARGE)
[LOSE_GAME,WIN_GAME,LOSE_GAME]
[LLMActionPlayer] API call took 218 ms (model=OPENROUTER size=LARGE)
[LLMActionPlayer] API call took 166 ms (model=OPENROUTER size=LARGE)
[LLMActionPlayer] API call took 190 ms (model=OPENROUTER size=LARGE)
[LLMActionPlayer] API call took 180 ms (model=OPENROUTER size=LARGE)
[LLMActionPlayer] API call took 393 ms (model=OPENROUTER size=LARGE)
[LLMActionPlayer] API call took 185 ms (model=OPENROUTER size=LARGE)
[LLMActionPlayer] API call took 181 ms (model=OPENROUTER size=LARGE)
[LLMActionPlayer] API call took 171 ms (model=OPENROUTER size=LARGE)
[LLMActionPlayer] API call took 229 ms (model=OPENROUTER size=LARGE)
[LLMActionPlayer] API call took 207 ms (model=OPENROUTER size=LARGE)
[LLMActionPlayer] API call took 197 ms (model=OPENROUTER size=LARGE)
[LLMActionPlayer] API call took 1195 ms (model=OPENROUTER size=LARGE)
[LLMActionPlayer] API call took 281 ms (model=OPENROUTER size=LARGE)
[LLMActionPlayer] API call took 289 ms (model=OPENROUTER size=LARGE)
[LLMActionPlayer] API call took 185 ms (model=OPENROUTER size=LARGE)
[LLMActionPlayer] API call took 366 ms (model=OPENROUTER size=LARGE)
[LLMActionPlayer] API call took 144 ms (model=OPENROUTER size=LARGE)
[LLMActionPlayer] API call took 206 ms (model=OPENROUTER size=LARGE)
[LLMActionPlayer] API call took 169 ms (model=OPENROUTER size=LARGE)
[LLMActionPlayer] API call took 176 ms (model=OPENROUTER size=LARGE)
[LLMActionPlayer] API call took 442 ms (model=OPENROUTER size=LARGE)
[LLMActionPlayer] API call took 215 ms (model=OPENROUTER size=LARGE)
[LLMActionPlayer] API call took 198 ms (model=OPENROUTER size=LARGE)
[LLMActionPlayer] API call took 219 ms (model=OPENROUTER size=LARGE)
[LLMActionPlayer] API call took 476 ms (model=OPENROUTER size=LARGE)
[LLMActionPlayer] API call took 189 ms (model=OPENROUTER size=LARGE)
[LLMActionPlayer] API call took 173 ms (model=OPENROUTER size=LARGE)
[LLMActionPlayer] API call took 481 ms (model=OPENROUTER size=LARGE)
[LLMActionPlayer] API call took 500 ms (model=OPENROUTER size=LARGE)
[LLMActionPlayer] API call took 240 ms (model=OPENROUTER size=LARGE)
[LLMActionPlayer] API call took 215 ms (model=OPENROUTER size=LARGE)
[LLMActionPlayer] API call took 215 ms (model=OPENROUTER size=LARGE)
[LLMActionPlayer] API call took 372 ms (model=OPENROUTER size=LARGE)
[LLMActionPlayer] API call took 199 ms (model=OPENROUTER size=LARGE)
[LLMActionPlayer] API call took 185 ms (model=OPENROUTER size=LARGE)
[LLMActionPlayer] API call took 208 ms (model=OPENROUTER size=LARGE)
[LLMActionPlayer] API call took 208 ms (model=OPENROUTER size=LARGE)
[LLMActionPlayer] API call took 217 ms (model=OPENROUTER size=LARGE)
[LLMActionPlayer] API call took 197 ms (model=OPENROUTER size=LARGE)
[LLMActionPlayer] API call took 185 ms (model=OPENROUTER size=LARGE)
[LLMActionPlayer] API call took 260 ms (model=OPENROUTER size=LARGE)
[LLMActionPlayer] API call took 271 ms (model=OPENROUTER size=LARGE)
[LLMActionPlayer] API call took 237 ms (model=OPENROUTER size=LARGE)
[WIN_GAME,LOSE_GAME,LOSE_GAME]
[LLMActionPlayer] API call took 429 ms (model=OPENROUTER size=LARGE)
[LLMActionPlayer] API call took 243 ms (model=OPENROUTER size=LARGE)
[LLMActionPlayer] API call took 196 ms (model=OPENROUTER size=LARGE)
[LLMActionPlayer] API call took 251 ms (model=OPENROUTER size=LARGE)
[LLMActionPlayer] API call took 172 ms (model=OPENROUTER size=LARGE)
[LLMActionPlayer] API call took 230 ms (model=OPENROUTER size=LARGE)
[LLMActionPlayer] API call took 355 ms (model=OPENROUTER size=LARGE)
[LLMActionPlayer] API call took 210 ms (model=OPENROUTER size=LARGE)
[LLMActionPlayer] API call took 196 ms (model=OPENROUTER size=LARGE)
[LLMActionPlayer] API call took 187 ms (model=OPENROUTER size=LARGE)
[LLMActionPlayer] API call took 146 ms (model=OPENROUTER size=LARGE)
[LLMActionPlayer] API call took 170 ms (model=OPENROUTER size=LARGE)
[LLMActionPlayer] API call took 504 ms (model=OPENROUTER size=LARGE)
[LLMActionPlayer] API call took 893 ms (model=OPENROUTER size=LARGE)
[LLMActionPlayer] API call took 149 ms (model=OPENROUTER size=LARGE)
[LLMActionPlayer] API call took 200 ms (model=OPENROUTER size=LARGE)
[LLMActionPlayer] API call took 192 ms (model=OPENROUTER size=LARGE)
[LLMActionPlayer] API call took 234 ms (model=OPENROUTER size=LARGE)
[LLMActionPlayer] API call took 241 ms (model=OPENROUTER size=LARGE)
[LLMActionPlayer] API call took 245 ms (model=OPENROUTER size=LARGE)
[LLMActionPlayer] API call took 180 ms (model=OPENROUTER size=LARGE)
[LOSE_GAME,DRAW_GAME,DRAW_GAME]
[LLMActionPlayer] API call took 180 ms (model=OPENROUTER size=LARGE)
[LLMActionPlayer] API call took 172 ms (model=OPENROUTER size=LARGE)
[LLMActionPlayer] API call took 203 ms (model=OPENROUTER size=LARGE)
[LLMActionPlayer] API call took 208 ms (model=OPENROUTER size=LARGE)
[LLMActionPlayer] API call took 183 ms (model=OPENROUTER size=LARGE)
[LLMActionPlayer] API call took 192 ms (model=OPENROUTER size=LARGE)
[LLMActionPlayer] API call took 227 ms (model=OPENROUTER size=LARGE)
[LLMActionPlayer] API call took 199 ms (model=OPENROUTER size=LARGE)
[LLMActionPlayer] API call took 166 ms (model=OPENROUTER size=LARGE)
[LLMActionPlayer] API call took 172 ms (model=OPENROUTER size=LARGE)
[LLMActionPlayer] API call took 419 ms (model=OPENROUTER size=LARGE)
[LLMActionPlayer] API call took 225 ms (model=OPENROUTER size=LARGE)
[LLMActionPlayer] API call took 259 ms (model=OPENROUTER size=LARGE)
[LLMActionPlayer] API call took 195 ms (model=OPENROUTER size=LARGE)
[LLMActionPlayer] API call took 463 ms (model=OPENROUTER size=LARGE)
[LLMActionPlayer] API call took 242 ms (model=OPENROUTER size=LARGE)
[LLMActionPlayer] API call took 273 ms (model=OPENROUTER size=LARGE)
[LLMActionPlayer] API call took 364 ms (model=OPENROUTER size=LARGE)
[LLMActionPlayer] API call took 172 ms (model=OPENROUTER size=LARGE)
[LLMActionPlayer] API call took 197 ms (model=OPENROUTER size=LARGE)
[LLMActionPlayer] API call took 447 ms (model=OPENROUTER size=LARGE)
[LLMActionPlayer] API call took 161 ms (model=OPENROUTER size=LARGE)
[LLMActionPlayer] API call took 223 ms (model=OPENROUTER size=LARGE)
[LLMActionPlayer] API call took 188 ms (model=OPENROUTER size=LARGE)
[LLMActionPlayer] API call took 179 ms (model=OPENROUTER size=LARGE)
[LLMActionPlayer] API call took 166 ms (model=OPENROUTER size=LARGE)
[LLMActionPlayer] API call took 282 ms (model=OPENROUTER size=LARGE)
[LLMActionPlayer] API call took 279 ms (model=OPENROUTER size=LARGE)
[LLMActionPlayer] API call took 231 ms (model=OPENROUTER size=LARGE)
[LLMActionPlayer] API call took 205 ms (model=OPENROUTER size=LARGE)
[LLMActionPlayer] API call took 209 ms (model=OPENROUTER size=LARGE)
[LLMActionPlayer] API call took 183 ms (model=OPENROUTER size=LARGE)
[LLMActionPlayer] API call took 430 ms (model=OPENROUTER size=LARGE)
[LLMActionPlayer] API call took 235 ms (model=OPENROUTER size=LARGE)
[LLMActionPlayer] API call took 185 ms (model=OPENROUTER size=LARGE)
[LLMActionPlayer] API call took 152 ms (model=OPENROUTER size=LARGE)
[LLMActionPlayer] API call took 196 ms (model=OPENROUTER size=LARGE)
[WIN_GAME,LOSE_GAME,LOSE_GAME]
[LLMActionPlayer] API call took 302 ms (model=OPENROUTER size=LARGE)
[LLMActionPlayer] API call took 156 ms (model=OPENROUTER size=LARGE)
[LLMActionPlayer] API call took 208 ms (model=OPENROUTER size=LARGE)
[LLMActionPlayer] API call took 178 ms (model=OPENROUTER size=LARGE)
[LLMActionPlayer] API call took 191 ms (model=OPENROUTER size=LARGE)
[LLMActionPlayer] API call took 195 ms (model=OPENROUTER size=LARGE)
[LLMActionPlayer] API call took 173 ms (model=OPENROUTER size=LARGE)
[LLMActionPlayer] API call took 171 ms (model=OPENROUTER size=LARGE)
[LLMActionPlayer] API call took 267 ms (model=OPENROUTER size=LARGE)
[LLMActionPlayer] API call took 413 ms (model=OPENROUTER size=LARGE)
[LLMActionPlayer] API call took 382 ms (model=OPENROUTER size=LARGE)
[LLMActionPlayer] API call took 217 ms (model=OPENROUTER size=LARGE)
[LLMActionPlayer] API call took 149 ms (model=OPENROUTER size=LARGE)
[LLMActionPlayer] API call took 200 ms (model=OPENROUTER size=LARGE)
[LLMActionPlayer] API call took 230 ms (model=OPENROUTER size=LARGE)
[LLMActionPlayer] API call took 185 ms (model=OPENROUTER size=LARGE)
[LLMActionPlayer] API call took 435 ms (model=OPENROUTER size=LARGE)
[LLMActionPlayer] API call took 209 ms (model=OPENROUTER size=LARGE)
[LLMActionPlayer] API call took 168 ms (model=OPENROUTER size=LARGE)
[LLMActionPlayer] API call took 235 ms (model=OPENROUTER size=LARGE)
[LLMActionPlayer] API call took 223 ms (model=OPENROUTER size=LARGE)
[LLMActionPlayer] API call took 254 ms (model=OPENROUTER size=LARGE)
[LLMActionPlayer] API call took 244 ms (model=OPENROUTER size=LARGE)
[LLMActionPlayer] API call took 256 ms (model=OPENROUTER size=LARGE)
[LLMActionPlayer] API call took 198 ms (model=OPENROUTER size=LARGE)
[LLMActionPlayer] API call took 504 ms (model=OPENROUTER size=LARGE)
[LLMActionPlayer] API call took 182 ms (model=OPENROUTER size=LARGE)
[LLMActionPlayer] API call took 132 ms (model=OPENROUTER size=LARGE)
[LLMActionPlayer] API call took 264 ms (model=OPENROUTER size=LARGE)
[LLMActionPlayer] API call took 168 ms (model=OPENROUTER size=LARGE)
[LLMActionPlayer] API call took 223 ms (model=OPENROUTER size=LARGE)
[LLMActionPlayer] API call took 237 ms (model=OPENROUTER size=LARGE)
[LLMActionPlayer] API call took 191 ms (model=OPENROUTER size=LARGE)
[LOSE_GAME,LOSE_GAME,WIN_GAME]
[LLMActionPlayer] API call took 147 ms (model=OPENROUTER size=LARGE)
[LLMActionPlayer] API call took 202 ms (model=OPENROUTER size=LARGE)
[LLMActionPlayer] API call took 198 ms (model=OPENROUTER size=LARGE)
[LLMActionPlayer] API call took 157 ms (model=OPENROUTER size=LARGE)
[LLMActionPlayer] API call took 230 ms (model=OPENROUTER size=LARGE)
[LLMActionPlayer] API call took 173 ms (model=OPENROUTER size=LARGE)
[LLMActionPlayer] API call took 217 ms (model=OPENROUTER size=LARGE)
[LLMActionPlayer] API call took 178 ms (model=OPENROUTER size=LARGE)
[LLMActionPlayer] API call took 267 ms (model=OPENROUTER size=LARGE)
[LLMActionPlayer] API call took 415 ms (model=OPENROUTER size=LARGE)
[LLMActionPlayer] API call took 231 ms (model=OPENROUTER size=LARGE)
[LLMActionPlayer] API call took 236 ms (model=OPENROUTER size=LARGE)
[LLMActionPlayer] API call took 354 ms (model=OPENROUTER size=LARGE)
[LLMActionPlayer] API call took 181 ms (model=OPENROUTER size=LARGE)
[LLMActionPlayer] API call took 163 ms (model=OPENROUTER size=LARGE)
[LLMActionPlayer] API call took 171 ms (model=OPENROUTER size=LARGE)
[LLMActionPlayer] API call took 200 ms (model=OPENROUTER size=LARGE)
[LLMActionPlayer] API call took 387 ms (model=OPENROUTER size=LARGE)
[LLMActionPlayer] API call took 160 ms (model=OPENROUTER size=LARGE)
[LLMActionPlayer] API call took 182 ms (model=OPENROUTER size=LARGE)
[LLMActionPlayer] API call took 184 ms (model=OPENROUTER size=LARGE)
[LLMActionPlayer] API call took 329 ms (model=OPENROUTER size=LARGE)
[LLMActionPlayer] API call took 219 ms (model=OPENROUTER size=LARGE)
[LLMActionPlayer] API call took 208 ms (model=OPENROUTER size=LARGE)
[LLMActionPlayer] API call took 453 ms (model=OPENROUTER size=LARGE)
[LLMActionPlayer] API call took 236 ms (model=OPENROUTER size=LARGE)
[LLMActionPlayer] API call took 160 ms (model=OPENROUTER size=LARGE)
[LLMActionPlayer] API call took 218 ms (model=OPENROUTER size=LARGE)
[LLMActionPlayer] API call took 232 ms (model=OPENROUTER size=LARGE)
[LLMActionPlayer] API call took 214 ms (model=OPENROUTER size=LARGE)
[LLMActionPlayer] API call took 192 ms (model=OPENROUTER size=LARGE)
[LLMActionPlayer] API call took 204 ms (model=OPENROUTER size=LARGE)
[LLMActionPlayer] API call took 337 ms (model=OPENROUTER size=LARGE)
[LLMActionPlayer] API call took 212 ms (model=OPENROUTER size=LARGE)
[LLMActionPlayer] API call took 204 ms (model=OPENROUTER size=LARGE)
[LLMActionPlayer] API call took 240 ms (model=OPENROUTER size=LARGE)
[LLMActionPlayer] API call took 266 ms (model=OPENROUTER size=LARGE)
[LLMActionPlayer] API call took 171 ms (model=OPENROUTER size=LARGE)
[LLMActionPlayer] API call took 213 ms (model=OPENROUTER size=LARGE)
[LLMActionPlayer] API call took 155 ms (model=OPENROUTER size=LARGE)
[LLMActionPlayer] API call took 225 ms (model=OPENROUTER size=LARGE)
[LLMActionPlayer] API call took 214 ms (model=OPENROUTER size=LARGE)
[LLMActionPlayer] API call took 201 ms (model=OPENROUTER size=LARGE)
[LLMActionPlayer] API call took 215 ms (model=OPENROUTER size=LARGE)
[WIN_GAME,LOSE_GAME,LOSE_GAME]
[LLMActionPlayer] API call took 155 ms (model=OPENROUTER size=LARGE)
[LLMActionPlayer] API call took 203 ms (model=OPENROUTER size=LARGE)
[LLMActionPlayer] API call took 461 ms (model=OPENROUTER size=LARGE)
[LLMActionPlayer] API call took 973 ms (model=OPENROUTER size=LARGE)
[LLMActionPlayer] API call took 212 ms (model=OPENROUTER size=LARGE)
[LLMActionPlayer] API call took 186 ms (model=OPENROUTER size=LARGE)
[LLMActionPlayer] API call took 178 ms (model=OPENROUTER size=LARGE)
[LLMActionPlayer] API call took 178 ms (model=OPENROUTER size=LARGE)
[LLMActionPlayer] API call took 564 ms (model=OPENROUTER size=LARGE)
[LLMActionPlayer] API call took 223 ms (model=OPENROUTER size=LARGE)
[LLMActionPlayer] API call took 544 ms (model=OPENROUTER size=LARGE)
[LLMActionPlayer] API call took 225 ms (model=OPENROUTER size=LARGE)
[LLMActionPlayer] API call took 156 ms (model=OPENROUTER size=LARGE)
[LLMActionPlayer] API call took 320 ms (model=OPENROUTER size=LARGE)
[LLMActionPlayer] API call took 402 ms (model=OPENROUTER size=LARGE)
[LLMActionPlayer] API call took 166 ms (model=OPENROUTER size=LARGE)
[LLMActionPlayer] API call took 191 ms (model=OPENROUTER size=LARGE)
[LLMActionPlayer] API call took 211 ms (model=OPENROUTER size=LARGE)
[LLMActionPlayer] API call took 185 ms (model=OPENROUTER size=LARGE)
[LLMActionPlayer] API call took 274 ms (model=OPENROUTER size=LARGE)
[LLMActionPlayer] API call took 272 ms (model=OPENROUTER size=LARGE)
[LLMActionPlayer] API call took 179 ms (model=OPENROUTER size=LARGE)
[LLMActionPlayer] API call took 602 ms (model=OPENROUTER size=LARGE)
[LLMActionPlayer] API call took 213 ms (model=OPENROUTER size=LARGE)
[LLMActionPlayer] API call took 176 ms (model=OPENROUTER size=LARGE)
[LLMActionPlayer] API call took 577 ms (model=OPENROUTER size=LARGE)
[LLMActionPlayer] API call took 122 ms (model=OPENROUTER size=LARGE)
[LLMActionPlayer] API call took 215 ms (model=OPENROUTER size=LARGE)
[LLMActionPlayer] API call took 189 ms (model=OPENROUTER size=LARGE)
[LLMActionPlayer] API call took 176 ms (model=OPENROUTER size=LARGE)
[LLMActionPlayer] API call took 154 ms (model=OPENROUTER size=LARGE)
[LLMActionPlayer] API call took 185 ms (model=OPENROUTER size=LARGE)
[LLMActionPlayer] API call took 255 ms (model=OPENROUTER size=LARGE)
[LLMActionPlayer] API call took 216 ms (model=OPENROUTER size=LARGE)
[LLMActionPlayer] API call took 478 ms (model=OPENROUTER size=LARGE)
[LLMActionPlayer] API call took 173 ms (model=OPENROUTER size=LARGE)
[LLMActionPlayer] API call took 155 ms (model=OPENROUTER size=LARGE)
[LLMActionPlayer] API call took 212 ms (model=OPENROUTER size=LARGE)
[LLMActionPlayer] API call took 213 ms (model=OPENROUTER size=LARGE)
[LLMActionPlayer] API call took 207 ms (model=OPENROUTER size=LARGE)
[LLMActionPlayer] API call took 187 ms (model=OPENROUTER size=LARGE)
[LLMActionPlayer] API call took 184 ms (model=OPENROUTER size=LARGE)
[LLMActionPlayer] API call took 195 ms (model=OPENROUTER size=LARGE)
[LLMActionPlayer] API call took 187 ms (model=OPENROUTER size=LARGE)
[LLMActionPlayer] API call took 940 ms (model=OPENROUTER size=LARGE)
[LLMActionPlayer] API call took 167 ms (model=OPENROUTER size=LARGE)
[LLMActionPlayer] API call took 268 ms (model=OPENROUTER size=LARGE)
[LLMActionPlayer] API call took 169 ms (model=OPENROUTER size=LARGE)
[LLMActionPlayer] API call took 190 ms (model=OPENROUTER size=LARGE)
[LLMActionPlayer] API call took 183 ms (model=OPENROUTER size=LARGE)
[LLMActionPlayer] API call took 466 ms (model=OPENROUTER size=LARGE)
[LOSE_GAME,WIN_GAME,LOSE_GAME]
[LLMActionPlayer] API call took 198 ms (model=OPENROUTER size=LARGE)
[LLMActionPlayer] API call took 236 ms (model=OPENROUTER size=LARGE)
[LLMActionPlayer] API call took 255 ms (model=OPENROUTER size=LARGE)
[LLMActionPlayer] API call took 232 ms (model=OPENROUTER size=LARGE)
[LLMActionPlayer] API call took 177 ms (model=OPENROUTER size=LARGE)
[LLMActionPlayer] API call took 196 ms (model=OPENROUTER size=LARGE)
[LLMActionPlayer] API call took 201 ms (model=OPENROUTER size=LARGE)
[LLMActionPlayer] API call took 181 ms (model=OPENROUTER size=LARGE)
[LLMActionPlayer] API call took 223 ms (model=OPENROUTER size=LARGE)
[LLMActionPlayer] API call took 242 ms (model=OPENROUTER size=LARGE)
[LLMActionPlayer] API call took 346 ms (model=OPENROUTER size=LARGE)
[LLMActionPlayer] API call took 155 ms (model=OPENROUTER size=LARGE)
[LLMActionPlayer] API call took 233 ms (model=OPENROUTER size=LARGE)
[LLMActionPlayer] API call took 410 ms (model=OPENROUTER size=LARGE)
[LLMActionPlayer] API call took 390 ms (model=OPENROUTER size=LARGE)
[LLMActionPlayer] API call took 149 ms (model=OPENROUTER size=LARGE)
[LLMActionPlayer] API call took 164 ms (model=OPENROUTER size=LARGE)
[LLMActionPlayer] API call took 330 ms (model=OPENROUTER size=LARGE)
[LLMActionPlayer] API call took 260 ms (model=OPENROUTER size=LARGE)
[LLMActionPlayer] API call took 248 ms (model=OPENROUTER size=LARGE)
[LLMActionPlayer] API call took 153 ms (model=OPENROUTER size=LARGE)
[LLMActionPlayer] API call took 474 ms (model=OPENROUTER size=LARGE)
[LLMActionPlayer] API call took 221 ms (model=OPENROUTER size=LARGE)
[LLMActionPlayer] API call took 246 ms (model=OPENROUTER size=LARGE)
[LLMActionPlayer] API call took 204 ms (model=OPENROUTER size=LARGE)
[LLMActionPlayer] API call took 379 ms (model=OPENROUTER size=LARGE)
[LLMActionPlayer] API call took 316 ms (model=OPENROUTER size=LARGE)
[LLMActionPlayer] API call took 177 ms (model=OPENROUTER size=LARGE)
[LLMActionPlayer] API call took 173 ms (model=OPENROUTER size=LARGE)
[LLMActionPlayer] API call took 188 ms (model=OPENROUTER size=LARGE)
[LLMActionPlayer] API call took 217 ms (model=OPENROUTER size=LARGE)
[LLMActionPlayer] API call took 237 ms (model=OPENROUTER size=LARGE)
[LLMActionPlayer] API call took 167 ms (model=OPENROUTER size=LARGE)
[LLMActionPlayer] API call took 193 ms (model=OPENROUTER size=LARGE)
[LLMActionPlayer] API call took 250 ms (model=OPENROUTER size=LARGE)
[LLMActionPlayer] API call took 242 ms (model=OPENROUTER size=LARGE)
[LLMActionPlayer] API call took 215 ms (model=OPENROUTER size=LARGE)
[LLMActionPlayer] API call took 158 ms (model=OPENROUTER size=LARGE)
[LLMActionPlayer] API call took 220 ms (model=OPENROUTER size=LARGE)
[LLMActionPlayer] API call took 214 ms (model=OPENROUTER size=LARGE)
[LLMActionPlayer] API call took 294 ms (model=OPENROUTER size=LARGE)
[LLMActionPlayer] API call took 210 ms (model=OPENROUTER size=LARGE)
[LLMActionPlayer] API call took 522 ms (model=OPENROUTER size=LARGE)
[LLMActionPlayer] API call took 294 ms (model=OPENROUTER size=LARGE)
[LLMActionPlayer] API call took 183 ms (model=OPENROUTER size=LARGE)
[LOSE_GAME,WIN_GAME,LOSE_GAME]
[LLMActionPlayer] API call took 200 ms (model=OPENROUTER size=LARGE)
[LLMActionPlayer] API call took 320 ms (model=OPENROUTER size=LARGE)
[LLMActionPlayer] API call took 526 ms (model=OPENROUTER size=LARGE)
[LLMActionPlayer] API call took 298 ms (model=OPENROUTER size=LARGE)
[LLMActionPlayer] API call took 233 ms (model=OPENROUTER size=LARGE)
[LLMActionPlayer] API call took 209 ms (model=OPENROUTER size=LARGE)
[LLMActionPlayer] API call took 258 ms (model=OPENROUTER size=LARGE)
[LLMActionPlayer] API call took 173 ms (model=OPENROUTER size=LARGE)
[LLMActionPlayer] API call took 253 ms (model=OPENROUTER size=LARGE)
[LLMActionPlayer] API call took 221 ms (model=OPENROUTER size=LARGE)
[LLMActionPlayer] API call took 184 ms (model=OPENROUTER size=LARGE)
[LLMActionPlayer] API call took 197 ms (model=OPENROUTER size=LARGE)
[LLMActionPlayer] API call took 169 ms (model=OPENROUTER size=LARGE)
[LLMActionPlayer] API call took 192 ms (model=OPENROUTER size=LARGE)
[LLMActionPlayer] API call took 239 ms (model=OPENROUTER size=LARGE)
[LLMActionPlayer] API call took 193 ms (model=OPENROUTER size=LARGE)
[LLMActionPlayer] API call took 221 ms (model=OPENROUTER size=LARGE)
[LLMActionPlayer] API call took 214 ms (model=OPENROUTER size=LARGE)
[LLMActionPlayer] API call took 277 ms (model=OPENROUTER size=LARGE)
[LLMActionPlayer] API call took 178 ms (model=OPENROUTER size=LARGE)
[LLMActionPlayer] API call took 225 ms (model=OPENROUTER size=LARGE)
[LLMActionPlayer] API call took 152 ms (model=OPENROUTER size=LARGE)
[LLMActionPlayer] API call took 362 ms (model=OPENROUTER size=LARGE)
[LLMActionPlayer] API call took 249 ms (model=OPENROUTER size=LARGE)
[LLMActionPlayer] API call took 313 ms (model=OPENROUTER size=LARGE)
[LLMActionPlayer] API call took 199 ms (model=OPENROUTER size=LARGE)
[LOSE_GAME,WIN_GAME,LOSE_GAME]
[LLMActionPlayer] API call took 186 ms (model=OPENROUTER size=LARGE)
[LLMActionPlayer] API call took 278 ms (model=OPENROUTER size=LARGE)
[LLMActionPlayer] API call took 155 ms (model=OPENROUTER size=LARGE)
[LLMActionPlayer] API call took 255 ms (model=OPENROUTER size=LARGE)
[LLMActionPlayer] API call took 203 ms (model=OPENROUTER size=LARGE)
[LLMActionPlayer] API call took 350 ms (model=OPENROUTER size=LARGE)
[LLMActionPlayer] API call took 171 ms (model=OPENROUTER size=LARGE)
[LLMActionPlayer] API call took 156 ms (model=OPENROUTER size=LARGE)
[LLMActionPlayer] API call took 171 ms (model=OPENROUTER size=LARGE)
[LLMActionPlayer] API call took 279 ms (model=OPENROUTER size=LARGE)
[LLMActionPlayer] API call took 366 ms (model=OPENROUTER size=LARGE)
[LLMActionPlayer] API call took 200 ms (model=OPENROUTER size=LARGE)
[LLMActionPlayer] API call took 157 ms (model=OPENROUTER size=LARGE)
[LLMActionPlayer] API call took 176 ms (model=OPENROUTER size=LARGE)
[LLMActionPlayer] API call took 507 ms (model=OPENROUTER size=LARGE)
[LLMActionPlayer] API call took 203 ms (model=OPENROUTER size=LARGE)
[LLMActionPlayer] API call took 212 ms (model=OPENROUTER size=LARGE)
[LLMActionPlayer] API call took 154 ms (model=OPENROUTER size=LARGE)
[LLMActionPlayer] API call took 472 ms (model=OPENROUTER size=LARGE)
[LLMActionPlayer] API call took 239 ms (model=OPENROUTER size=LARGE)
[LLMActionPlayer] API call took 551 ms (model=OPENROUTER size=LARGE)
[LLMActionPlayer] API call took 472 ms (model=OPENROUTER size=LARGE)
[LLMActionPlayer] API call took 229 ms (model=OPENROUTER size=LARGE)
[LLMActionPlayer] API call took 396 ms (model=OPENROUTER size=LARGE)
[LLMActionPlayer] API call took 196 ms (model=OPENROUTER size=LARGE)
[LLMActionPlayer] API call took 188 ms (model=OPENROUTER size=LARGE)
[LLMActionPlayer] API call took 193 ms (model=OPENROUTER size=LARGE)
[LLMActionPlayer] API call took 186 ms (model=OPENROUTER size=LARGE)
[LOSE_GAME,LOSE_GAME,WIN_GAME]
[LLMActionPlayer] API call took 225 ms (model=OPENROUTER size=LARGE)
[LLMActionPlayer] API call took 217 ms (model=OPENROUTER size=LARGE)
[LLMActionPlayer] API call took 153 ms (model=OPENROUTER size=LARGE)
[LLMActionPlayer] API call took 420 ms (model=OPENROUTER size=LARGE)
[LLMActionPlayer] API call took 190 ms (model=OPENROUTER size=LARGE)
[LLMActionPlayer] API call took 232 ms (model=OPENROUTER size=LARGE)
[LLMActionPlayer] API call took 199 ms (model=OPENROUTER size=LARGE)
[LLMActionPlayer] API call took 203 ms (model=OPENROUTER size=LARGE)
[LLMActionPlayer] API call took 460 ms (model=OPENROUTER size=LARGE)
[LLMActionPlayer] API call took 183 ms (model=OPENROUTER size=LARGE)
[LLMActionPlayer] API call took 207 ms (model=OPENROUTER size=LARGE)
[LLMActionPlayer] API call took 224 ms (model=OPENROUTER size=LARGE)
[LLMActionPlayer] API call took 205 ms (model=OPENROUTER size=LARGE)
[LLMActionPlayer] API call took 185 ms (model=OPENROUTER size=LARGE)
[LLMActionPlayer] API call took 176 ms (model=OPENROUTER size=LARGE)
[LLMActionPlayer] API call took 187 ms (model=OPENROUTER size=LARGE)
[LLMActionPlayer] API call took 131 ms (model=OPENROUTER size=LARGE)
[LLMActionPlayer] API call took 586 ms (model=OPENROUTER size=LARGE)
[LLMActionPlayer] API call took 256 ms (model=OPENROUTER size=LARGE)
[LLMActionPlayer] API call took 133 ms (model=OPENROUTER size=LARGE)
[LLMActionPlayer] API call took 386 ms (model=OPENROUTER size=LARGE)
[LLMActionPlayer] API call took 193 ms (model=OPENROUTER size=LARGE)
[LLMActionPlayer] API call took 209 ms (model=OPENROUTER size=LARGE)
[LLMActionPlayer] API call took 252 ms (model=OPENROUTER size=LARGE)
[LLMActionPlayer] API call took 234 ms (model=OPENROUTER size=LARGE)
[LLMActionPlayer] API call took 498 ms (model=OPENROUTER size=LARGE)
[LLMActionPlayer] API call took 208 ms (model=OPENROUTER size=LARGE)
[LLMActionPlayer] API call took 182 ms (model=OPENROUTER size=LARGE)
[LLMActionPlayer] API call took 241 ms (model=OPENROUTER size=LARGE)
[LLMActionPlayer] API call took 244 ms (model=OPENROUTER size=LARGE)
[LLMActionPlayer] API call took 204 ms (model=OPENROUTER size=LARGE)
[LLMActionPlayer] API call took 184 ms (model=OPENROUTER size=LARGE)
[LLMActionPlayer] API call took 210 ms (model=OPENROUTER size=LARGE)
[LLMActionPlayer] API call took 153 ms (model=OPENROUTER size=LARGE)
[LLMActionPlayer] API call took 192 ms (model=OPENROUTER size=LARGE)
[LLMActionPlayer] API call took 179 ms (model=OPENROUTER size=LARGE)
[LLMActionPlayer] API call took 151 ms (model=OPENROUTER size=LARGE)
[LLMActionPlayer] API call took 161 ms (model=OPENROUTER size=LARGE)
[LLMActionPlayer] API call took 231 ms (model=OPENROUTER size=LARGE)
[LLMActionPlayer] API call took 491 ms (model=OPENROUTER size=LARGE)
[LLMActionPlayer] API call took 226 ms (model=OPENROUTER size=LARGE)
[LLMActionPlayer] API call took 231 ms (model=OPENROUTER size=LARGE)
[LLMActionPlayer] API call took 182 ms (model=OPENROUTER size=LARGE)
[LLMActionPlayer] API call took 184 ms (model=OPENROUTER size=LARGE)
[LLMActionPlayer] API call took 186 ms (model=OPENROUTER size=LARGE)
[LLMActionPlayer] API call took 250 ms (model=OPENROUTER size=LARGE)
[LLMActionPlayer] API call took 390 ms (model=OPENROUTER size=LARGE)
[LLMActionPlayer] API call took 235 ms (model=OPENROUTER size=LARGE)
[LLMActionPlayer] API call took 153 ms (model=OPENROUTER size=LARGE)
[LLMActionPlayer] API call took 155 ms (model=OPENROUTER size=LARGE)
[LLMActionPlayer] API call took 231 ms (model=OPENROUTER size=LARGE)
[LLMActionPlayer] API call took 397 ms (model=OPENROUTER size=LARGE)
[LLMActionPlayer] API call took 243 ms (model=OPENROUTER size=LARGE)
[LOSE_GAME,LOSE_GAME,WIN_GAME]
[LLMActionPlayer] API call took 162 ms (model=OPENROUTER size=LARGE)
[LLMActionPlayer] API call took 162 ms (model=OPENROUTER size=LARGE)
[LLMActionPlayer] API call took 165 ms (model=OPENROUTER size=LARGE)
[LLMActionPlayer] API call took 147 ms (model=OPENROUTER size=LARGE)
[LLMActionPlayer] API call took 187 ms (model=OPENROUTER size=LARGE)
[LLMActionPlayer] API call took 215 ms (model=OPENROUTER size=LARGE)
[LLMActionPlayer] API call took 456 ms (model=OPENROUTER size=LARGE)
[LLMActionPlayer] API call took 164 ms (model=OPENROUTER size=LARGE)
[LLMActionPlayer] API call took 179 ms (model=OPENROUTER size=LARGE)
[LLMActionPlayer] API call took 151 ms (model=OPENROUTER size=LARGE)
[LLMActionPlayer] API call took 171 ms (model=OPENROUTER size=LARGE)
[LLMActionPlayer] API call took 157 ms (model=OPENROUTER size=LARGE)
[LLMActionPlayer] API call took 273 ms (model=OPENROUTER size=LARGE)
[LLMActionPlayer] API call took 204 ms (model=OPENROUTER size=LARGE)
[LLMActionPlayer] API call took 264 ms (model=OPENROUTER size=LARGE)
[LLMActionPlayer] API call took 164 ms (model=OPENROUTER size=LARGE)
[LLMActionPlayer] API call took 213 ms (model=OPENROUTER size=LARGE)
[LLMActionPlayer] API call took 162 ms (model=OPENROUTER size=LARGE)
[LLMActionPlayer] API call took 194 ms (model=OPENROUTER size=LARGE)
[LLMActionPlayer] API call took 209 ms (model=OPENROUTER size=LARGE)
[LLMActionPlayer] API call took 158 ms (model=OPENROUTER size=LARGE)
[LLMActionPlayer] API call took 184 ms (model=OPENROUTER size=LARGE)
[LLMActionPlayer] API call took 202 ms (model=OPENROUTER size=LARGE)
[LLMActionPlayer] API call took 153 ms (model=OPENROUTER size=LARGE)
[LLMActionPlayer] API call took 183 ms (model=OPENROUTER size=LARGE)
[LLMActionPlayer] API call took 188 ms (model=OPENROUTER size=LARGE)
[LLMActionPlayer] API call took 196 ms (model=OPENROUTER size=LARGE)
[LLMActionPlayer] API call took 286 ms (model=OPENROUTER size=LARGE)
[LLMActionPlayer] API call took 433 ms (model=OPENROUTER size=LARGE)
[LLMActionPlayer] API call took 590 ms (model=OPENROUTER size=LARGE)
[LLMActionPlayer] API call took 189 ms (model=OPENROUTER size=LARGE)
[LLMActionPlayer] API call took 245 ms (model=OPENROUTER size=LARGE)
[WIN_GAME,LOSE_GAME,LOSE_GAME]
[LLMActionPlayer] API call took 209 ms (model=OPENROUTER size=LARGE)
[LLMActionPlayer] API call took 176 ms (model=OPENROUTER size=LARGE)
[LLMActionPlayer] API call took 619 ms (model=OPENROUTER size=LARGE)
[LLMActionPlayer] API call took 481 ms (model=OPENROUTER size=LARGE)
[LLMActionPlayer] API call took 202 ms (model=OPENROUTER size=LARGE)
[LLMActionPlayer] API call took 341 ms (model=OPENROUTER size=LARGE)
[LLMActionPlayer] API call took 499 ms (model=OPENROUTER size=LARGE)
[LLMActionPlayer] API call took 211 ms (model=OPENROUTER size=LARGE)
[LLMActionPlayer] API call took 233 ms (model=OPENROUTER size=LARGE)
[LLMActionPlayer] API call took 208 ms (model=OPENROUTER size=LARGE)
[LLMActionPlayer] API call took 461 ms (model=OPENROUTER size=LARGE)
[LLMActionPlayer] API call took 414 ms (model=OPENROUTER size=LARGE)
[LLMActionPlayer] API call took 209 ms (model=OPENROUTER size=LARGE)
[LLMActionPlayer] API call took 206 ms (model=OPENROUTER size=LARGE)
[LLMActionPlayer] API call took 273 ms (model=OPENROUTER size=LARGE)
[LLMActionPlayer] API call took 287 ms (model=OPENROUTER size=LARGE)
[LLMActionPlayer] API call took 211 ms (model=OPENROUTER size=LARGE)
[LLMActionPlayer] API call took 148 ms (model=OPENROUTER size=LARGE)
[LLMActionPlayer] API call took 177 ms (model=OPENROUTER size=LARGE)
[LLMActionPlayer] API call took 269 ms (model=OPENROUTER size=LARGE)
[LLMActionPlayer] API call took 188 ms (model=OPENROUTER size=LARGE)
[LLMActionPlayer] API call took 464 ms (model=OPENROUTER size=LARGE)
[LLMActionPlayer] API call took 399 ms (model=OPENROUTER size=LARGE)
[LLMActionPlayer] API call took 165 ms (model=OPENROUTER size=LARGE)
[LLMActionPlayer] API call took 486 ms (model=OPENROUTER size=LARGE)
[LLMActionPlayer] API call took 211 ms (model=OPENROUTER size=LARGE)
[LLMActionPlayer] API call took 340 ms (model=OPENROUTER size=LARGE)
[LLMActionPlayer] API call took 232 ms (model=OPENROUTER size=LARGE)
[LLMActionPlayer] API call took 207 ms (model=OPENROUTER size=LARGE)
[LLMActionPlayer] API call took 203 ms (model=OPENROUTER size=LARGE)
[LLMActionPlayer] API call took 192 ms (model=OPENROUTER size=LARGE)
[LLMActionPlayer] API call took 303 ms (model=OPENROUTER size=LARGE)
[LLMActionPlayer] API call took 199 ms (model=OPENROUTER size=LARGE)
[LLMActionPlayer] API call took 523 ms (model=OPENROUTER size=LARGE)
[LLMActionPlayer] API call took 360 ms (model=OPENROUTER size=LARGE)
[LLMActionPlayer] API call took 188 ms (model=OPENROUTER size=LARGE)
[LLMActionPlayer] API call took 359 ms (model=OPENROUTER size=LARGE)
[LOSE_GAME,LOSE_GAME,WIN_GAME]
[LLMActionPlayer] API call took 211 ms (model=OPENROUTER size=LARGE)
[LLMActionPlayer] API call took 372 ms (model=OPENROUTER size=LARGE)
[LLMActionPlayer] API call took 279 ms (model=OPENROUTER size=LARGE)
[LLMActionPlayer] API call took 205 ms (model=OPENROUTER size=LARGE)
[LLMActionPlayer] API call took 228 ms (model=OPENROUTER size=LARGE)
[LLMActionPlayer] API call took 197 ms (model=OPENROUTER size=LARGE)
[LLMActionPlayer] API call took 174 ms (model=OPENROUTER size=LARGE)
[LLMActionPlayer] API call took 265 ms (model=OPENROUTER size=LARGE)
[LLMActionPlayer] API call took 187 ms (model=OPENROUTER size=LARGE)
[LLMActionPlayer] API call took 383 ms (model=OPENROUTER size=LARGE)
[LLMActionPlayer] API call took 429 ms (model=OPENROUTER size=LARGE)
[LLMActionPlayer] API call took 201 ms (model=OPENROUTER size=LARGE)
[LLMActionPlayer] API call took 174 ms (model=OPENROUTER size=LARGE)
[LLMActionPlayer] API call took 223 ms (model=OPENROUTER size=LARGE)
[LLMActionPlayer] API call took 225 ms (model=OPENROUTER size=LARGE)
[LLMActionPlayer] API call took 667 ms (model=OPENROUTER size=LARGE)
[LLMActionPlayer] API call took 263 ms (model=OPENROUTER size=LARGE)
[LLMActionPlayer] API call took 229 ms (model=OPENROUTER size=LARGE)
[LLMActionPlayer] API call took 218 ms (model=OPENROUTER size=LARGE)
[LLMActionPlayer] API call took 272 ms (model=OPENROUTER size=LARGE)
[LLMActionPlayer] API call took 273 ms (model=OPENROUTER size=LARGE)
[LLMActionPlayer] API call took 199 ms (model=OPENROUTER size=LARGE)
[LLMActionPlayer] API call took 239 ms (model=OPENROUTER size=LARGE)
[LOSE_GAME,WIN_GAME,LOSE_GAME]
[LLMActionPlayer] API call took 210 ms (model=OPENROUTER size=LARGE)
[LLMActionPlayer] API call took 527 ms (model=OPENROUTER size=LARGE)
[LLMActionPlayer] API call took 224 ms (model=OPENROUTER size=LARGE)
[LLMActionPlayer] API call took 275 ms (model=OPENROUTER size=LARGE)
[LLMActionPlayer] API call took 184 ms (model=OPENROUTER size=LARGE)
[LLMActionPlayer] API call took 226 ms (model=OPENROUTER size=LARGE)
[LLMActionPlayer] API call took 206 ms (model=OPENROUTER size=LARGE)
[LLMActionPlayer] API call took 185 ms (model=OPENROUTER size=LARGE)
[LLMActionPlayer] API call took 189 ms (model=OPENROUTER size=LARGE)
[LLMActionPlayer] API call took 187 ms (model=OPENROUTER size=LARGE)
[LLMActionPlayer] API call took 172 ms (model=OPENROUTER size=LARGE)
[LLMActionPlayer] API call took 181 ms (model=OPENROUTER size=LARGE)
[LLMActionPlayer] API call took 176 ms (model=OPENROUTER size=LARGE)
[LLMActionPlayer] API call took 397 ms (model=OPENROUTER size=LARGE)
[LLMActionPlayer] API call took 206 ms (model=OPENROUTER size=LARGE)
[LLMActionPlayer] API call took 167 ms (model=OPENROUTER size=LARGE)
[LLMActionPlayer] API call took 261 ms (model=OPENROUTER size=LARGE)
[LLMActionPlayer] API call took 337 ms (model=OPENROUTER size=LARGE)
[LLMActionPlayer] API call took 196 ms (model=OPENROUTER size=LARGE)
[LLMActionPlayer] API call took 276 ms (model=OPENROUTER size=LARGE)
[LLMActionPlayer] API call took 211 ms (model=OPENROUTER size=LARGE)
[LLMActionPlayer] API call took 220 ms (model=OPENROUTER size=LARGE)
[LLMActionPlayer] API call took 244 ms (model=OPENROUTER size=LARGE)
[LLMActionPlayer] API call took 240 ms (model=OPENROUTER size=LARGE)
[LLMActionPlayer] API call took 235 ms (model=OPENROUTER size=LARGE)
[LLMActionPlayer] API call took 190 ms (model=OPENROUTER size=LARGE)
[LLMActionPlayer] API call took 188 ms (model=OPENROUTER size=LARGE)
[LLMActionPlayer] API call took 320 ms (model=OPENROUTER size=LARGE)
[LOSE_GAME,LOSE_GAME,WIN_GAME]
[LLMActionPlayer] API call took 270 ms (model=OPENROUTER size=LARGE)
[LLMActionPlayer] API call took 547 ms (model=OPENROUTER size=LARGE)
[LLMActionPlayer] API call took 184 ms (model=OPENROUTER size=LARGE)
[LLMActionPlayer] API call took 191 ms (model=OPENROUTER size=LARGE)
[LLMActionPlayer] API call took 261 ms (model=OPENROUTER size=LARGE)
[LLMActionPlayer] API call took 198 ms (model=OPENROUTER size=LARGE)
[LLMActionPlayer] API call took 265 ms (model=OPENROUTER size=LARGE)
[LLMActionPlayer] API call took 225 ms (model=OPENROUTER size=LARGE)
[LLMActionPlayer] API call took 508 ms (model=OPENROUTER size=LARGE)
[LLMActionPlayer] API call took 198 ms (model=OPENROUTER size=LARGE)
[LLMActionPlayer] API call took 211 ms (model=OPENROUTER size=LARGE)
[LLMActionPlayer] API call took 220 ms (model=OPENROUTER size=LARGE)
[LLMActionPlayer] API call took 184 ms (model=OPENROUTER size=LARGE)
[LLMActionPlayer] API call took 219 ms (model=OPENROUTER size=LARGE)
[LLMActionPlayer] API call took 358 ms (model=OPENROUTER size=LARGE)
[LLMActionPlayer] API call took 152 ms (model=OPENROUTER size=LARGE)
[LLMActionPlayer] API call took 214 ms (model=OPENROUTER size=LARGE)
[LLMActionPlayer] API call took 368 ms (model=OPENROUTER size=LARGE)
[LLMActionPlayer] API call took 214 ms (model=OPENROUTER size=LARGE)
[LLMActionPlayer] API call took 184 ms (model=OPENROUTER size=LARGE)
[LLMActionPlayer] API call took 173 ms (model=OPENROUTER size=LARGE)
[LLMActionPlayer] API call took 171 ms (model=OPENROUTER size=LARGE)
[LLMActionPlayer] API call took 274 ms (model=OPENROUTER size=LARGE)
[LLMActionPlayer] API call took 473 ms (model=OPENROUTER size=LARGE)
[LLMActionPlayer] API call took 220 ms (model=OPENROUTER size=LARGE)
[LLMActionPlayer] API call took 388 ms (model=OPENROUTER size=LARGE)
[LLMActionPlayer] API call took 187 ms (model=OPENROUTER size=LARGE)
[LLMActionPlayer] API call took 254 ms (model=OPENROUTER size=LARGE)
[LLMActionPlayer] API call took 157 ms (model=OPENROUTER size=LARGE)
[LLMActionPlayer] API call took 172 ms (model=OPENROUTER size=LARGE)
[LLMActionPlayer] API call took 229 ms (model=OPENROUTER size=LARGE)
[LLMActionPlayer] API call took 182 ms (model=OPENROUTER size=LARGE)
[LLMActionPlayer] API call took 476 ms (model=OPENROUTER size=LARGE)
[LOSE_GAME,WIN_GAME,LOSE_GAME]
[LLMActionPlayer] API call took 170 ms (model=OPENROUTER size=LARGE)
[LLMActionPlayer] API call took 174 ms (model=OPENROUTER size=LARGE)
[LLMActionPlayer] API call took 192 ms (model=OPENROUTER size=LARGE)
[LLMActionPlayer] API call took 152 ms (model=OPENROUTER size=LARGE)
[LLMActionPlayer] API call took 201 ms (model=OPENROUTER size=LARGE)
[LLMActionPlayer] API call took 171 ms (model=OPENROUTER size=LARGE)
[LLMActionPlayer] API call took 239 ms (model=OPENROUTER size=LARGE)
[LLMActionPlayer] API call took 174 ms (model=OPENROUTER size=LARGE)
[LLMActionPlayer] API call took 255 ms (model=OPENROUTER size=LARGE)
[LLMActionPlayer] API call took 207 ms (model=OPENROUTER size=LARGE)
[LLMActionPlayer] API call took 176 ms (model=OPENROUTER size=LARGE)
[LLMActionPlayer] API call took 475 ms (model=OPENROUTER size=LARGE)
[LLMActionPlayer] API call took 144 ms (model=OPENROUTER size=LARGE)
[LLMActionPlayer] API call took 188 ms (model=OPENROUTER size=LARGE)
[LLMActionPlayer] API call took 195 ms (model=OPENROUTER size=LARGE)
[LLMActionPlayer] API call took 175 ms (model=OPENROUTER size=LARGE)
[LLMActionPlayer] API call took 192 ms (model=OPENROUTER size=LARGE)
[LLMActionPlayer] API call took 233 ms (model=OPENROUTER size=LARGE)
[LLMActionPlayer] API call took 267 ms (model=OPENROUTER size=LARGE)
[LLMActionPlayer] API call took 198 ms (model=OPENROUTER size=LARGE)
[LLMActionPlayer] API call took 162 ms (model=OPENROUTER size=LARGE)
[LLMActionPlayer] API call took 194 ms (model=OPENROUTER size=LARGE)
[LLMActionPlayer] API call took 174 ms (model=OPENROUTER size=LARGE)
[LLMActionPlayer] API call took 155 ms (model=OPENROUTER size=LARGE)
[LLMActionPlayer] API call took 170 ms (model=OPENROUTER size=LARGE)
[LLMActionPlayer] API call took 199 ms (model=OPENROUTER size=LARGE)
[LLMActionPlayer] API call took 164 ms (model=OPENROUTER size=LARGE)
[LLMActionPlayer] API call took 196 ms (model=OPENROUTER size=LARGE)
[LLMActionPlayer] API call took 184 ms (model=OPENROUTER size=LARGE)
[LLMActionPlayer] API call took 190 ms (model=OPENROUTER size=LARGE)
[LLMActionPlayer] API call took 179 ms (model=OPENROUTER size=LARGE)
[LLMActionPlayer] API call took 169 ms (model=OPENROUTER size=LARGE)
[LLMActionPlayer] API call took 190 ms (model=OPENROUTER size=LARGE)
[LLMActionPlayer] API call took 175 ms (model=OPENROUTER size=LARGE)
[LLMActionPlayer] API call took 164 ms (model=OPENROUTER size=LARGE)
[LLMActionPlayer] API call took 177 ms (model=OPENROUTER size=LARGE)
[LLMActionPlayer] API call took 234 ms (model=OPENROUTER size=LARGE)
[LLMActionPlayer] API call took 164 ms (model=OPENROUTER size=LARGE)
[LLMActionPlayer] API call took 222 ms (model=OPENROUTER size=LARGE)
[LLMActionPlayer] API call took 232 ms (model=OPENROUTER size=LARGE)
[LLMActionPlayer] API call took 217 ms (model=OPENROUTER size=LARGE)
[LOSE_GAME,LOSE_GAME,WIN_GAME]
[LLMActionPlayer] API call took 149 ms (model=OPENROUTER size=LARGE)
[LLMActionPlayer] API call took 499 ms (model=OPENROUTER size=LARGE)
[LLMActionPlayer] API call took 349 ms (model=OPENROUTER size=LARGE)
[LLMActionPlayer] API call took 245 ms (model=OPENROUTER size=LARGE)
[LLMActionPlayer] API call took 211 ms (model=OPENROUTER size=LARGE)
[LLMActionPlayer] API call took 200 ms (model=OPENROUTER size=LARGE)
[LLMActionPlayer] API call took 172 ms (model=OPENROUTER size=LARGE)
[LLMActionPlayer] API call took 263 ms (model=OPENROUTER size=LARGE)
[LLMActionPlayer] API call took 199 ms (model=OPENROUTER size=LARGE)
[LLMActionPlayer] API call took 184 ms (model=OPENROUTER size=LARGE)
[LLMActionPlayer] API call took 182 ms (model=OPENROUTER size=LARGE)
[LLMActionPlayer] API call took 202 ms (model=OPENROUTER size=LARGE)
[LLMActionPlayer] API call took 195 ms (model=OPENROUTER size=LARGE)
[LLMActionPlayer] API call took 218 ms (model=OPENROUTER size=LARGE)
[LLMActionPlayer] API call took 215 ms (model=OPENROUTER size=LARGE)
[LLMActionPlayer] API call took 478 ms (model=OPENROUTER size=LARGE)
[LLMActionPlayer] API call took 249 ms (model=OPENROUTER size=LARGE)
[LLMActionPlayer] API call took 201 ms (model=OPENROUTER size=LARGE)
[LLMActionPlayer] API call took 194 ms (model=OPENROUTER size=LARGE)
[LLMActionPlayer] API call took 193 ms (model=OPENROUTER size=LARGE)
[LLMActionPlayer] API call took 243 ms (model=OPENROUTER size=LARGE)
[LLMActionPlayer] API call took 154 ms (model=OPENROUTER size=LARGE)
[LLMActionPlayer] API call took 180 ms (model=OPENROUTER size=LARGE)
[LLMActionPlayer] API call took 389 ms (model=OPENROUTER size=LARGE)
[LLMActionPlayer] API call took 224 ms (model=OPENROUTER size=LARGE)
[LLMActionPlayer] API call took 269 ms (model=OPENROUTER size=LARGE)
[LLMActionPlayer] API call took 314 ms (model=OPENROUTER size=LARGE)
[LLMActionPlayer] API call took 286 ms (model=OPENROUTER size=LARGE)
[LLMActionPlayer] API call took 531 ms (model=OPENROUTER size=LARGE)
[LLMActionPlayer] API call took 167 ms (model=OPENROUTER size=LARGE)
[LLMActionPlayer] API call took 193 ms (model=OPENROUTER size=LARGE)
[LLMActionPlayer] API call took 255 ms (model=OPENROUTER size=LARGE)
[LLMActionPlayer] API call took 177 ms (model=OPENROUTER size=LARGE)
[LLMActionPlayer] API call took 291 ms (model=OPENROUTER size=LARGE)
[LLMActionPlayer] API call took 218 ms (model=OPENROUTER size=LARGE)
[LLMActionPlayer] API call took 216 ms (model=OPENROUTER size=LARGE)
[LLMActionPlayer] API call took 254 ms (model=OPENROUTER size=LARGE)
[LLMActionPlayer] API call took 236 ms (model=OPENROUTER size=LARGE)
[LLMActionPlayer] API call took 137 ms (model=OPENROUTER size=LARGE)
[LLMActionPlayer] API call took 192 ms (model=OPENROUTER size=LARGE)
[LLMActionPlayer] API call took 1363 ms (model=OPENROUTER size=LARGE)
[LLMActionPlayer] API call took 204 ms (model=OPENROUTER size=LARGE)
[LLMActionPlayer] API call took 291 ms (model=OPENROUTER size=LARGE)
[LLMActionPlayer] API call took 241 ms (model=OPENROUTER size=LARGE)
[LLMActionPlayer] API call took 144 ms (model=OPENROUTER size=LARGE)
[LLMActionPlayer] API call took 220 ms (model=OPENROUTER size=LARGE)
[LLMActionPlayer] API call took 496 ms (model=OPENROUTER size=LARGE)
[LLMActionPlayer] API call took 198 ms (model=OPENROUTER size=LARGE)
[LLMActionPlayer] API call took 168 ms (model=OPENROUTER size=LARGE)
[LLMActionPlayer] API call took 396 ms (model=OPENROUTER size=LARGE)
[LLMActionPlayer] API call took 275 ms (model=OPENROUTER size=LARGE)
[LLMActionPlayer] API call took 203 ms (model=OPENROUTER size=LARGE)
[LLMActionPlayer] API call took 414 ms (model=OPENROUTER size=LARGE)
[LLMActionPlayer] API call took 409 ms (model=OPENROUTER size=LARGE)
[LLMActionPlayer] API call took 224 ms (model=OPENROUTER size=LARGE)
[LLMActionPlayer] API call took 203 ms (model=OPENROUTER size=LARGE)
[LLMActionPlayer] API call took 155 ms (model=OPENROUTER size=LARGE)
[WIN_GAME,LOSE_GAME,LOSE_GAME]
[LLMActionPlayer] API call took 187 ms (model=OPENROUTER size=LARGE)
[LLMActionPlayer] API call took 164 ms (model=OPENROUTER size=LARGE)
[LLMActionPlayer] API call took 190 ms (model=OPENROUTER size=LARGE)
[LLMActionPlayer] API call took 286 ms (model=OPENROUTER size=LARGE)
[LLMActionPlayer] API call took 241 ms (model=OPENROUTER size=LARGE)
[LLMActionPlayer] API call took 178 ms (model=OPENROUTER size=LARGE)
[LLMActionPlayer] API call took 205 ms (model=OPENROUTER size=LARGE)
[LLMActionPlayer] API call took 207 ms (model=OPENROUTER size=LARGE)
[LLMActionPlayer] API call took 185 ms (model=OPENROUTER size=LARGE)
[LLMActionPlayer] API call took 191 ms (model=OPENROUTER size=LARGE)
[LLMActionPlayer] API call took 300 ms (model=OPENROUTER size=LARGE)
[LLMActionPlayer] API call took 179 ms (model=OPENROUTER size=LARGE)
[LLMActionPlayer] API call took 204 ms (model=OPENROUTER size=LARGE)
[LLMActionPlayer] API call took 453 ms (model=OPENROUTER size=LARGE)
[LLMActionPlayer] API call took 444 ms (model=OPENROUTER size=LARGE)
[LLMActionPlayer] API call took 260 ms (model=OPENROUTER size=LARGE)
[WIN_GAME,LOSE_GAME,LOSE_GAME]
[LLMActionPlayer] API call took 210 ms (model=OPENROUTER size=LARGE)
[LLMActionPlayer] API call took 257 ms (model=OPENROUTER size=LARGE)
[LLMActionPlayer] API call took 343 ms (model=OPENROUTER size=LARGE)
[LLMActionPlayer] API call took 167 ms (model=OPENROUTER size=LARGE)
[LLMActionPlayer] API call took 266 ms (model=OPENROUTER size=LARGE)
[LLMActionPlayer] API call took 210 ms (model=OPENROUTER size=LARGE)
[LLMActionPlayer] API call took 222 ms (model=OPENROUTER size=LARGE)
[LLMActionPlayer] API call took 206 ms (model=OPENROUTER size=LARGE)
[LLMActionPlayer] API call took 320 ms (model=OPENROUTER size=LARGE)
[LLMActionPlayer] API call took 341 ms (model=OPENROUTER size=LARGE)
[LLMActionPlayer] API call took 236 ms (model=OPENROUTER size=LARGE)
[LLMActionPlayer] API call took 173 ms (model=OPENROUTER size=LARGE)
[LLMActionPlayer] API call took 201 ms (model=OPENROUTER size=LARGE)
[LLMActionPlayer] API call took 275 ms (model=OPENROUTER size=LARGE)
[LLMActionPlayer] API call took 214 ms (model=OPENROUTER size=LARGE)
[LLMActionPlayer] API call took 134 ms (model=OPENROUTER size=LARGE)
[LLMActionPlayer] API call took 244 ms (model=OPENROUTER size=LARGE)
[LLMActionPlayer] API call took 176 ms (model=OPENROUTER size=LARGE)
[LLMActionPlayer] API call took 532 ms (model=OPENROUTER size=LARGE)
[LLMActionPlayer] API call took 182 ms (model=OPENROUTER size=LARGE)
[LLMActionPlayer] API call took 259 ms (model=OPENROUTER size=LARGE)
[LLMActionPlayer] API call took 145 ms (model=OPENROUTER size=LARGE)
[LLMActionPlayer] API call took 177 ms (model=OPENROUTER size=LARGE)
[LLMActionPlayer] API call took 178 ms (model=OPENROUTER size=LARGE)
[LLMActionPlayer] API call took 158 ms (model=OPENROUTER size=LARGE)
[LLMActionPlayer] API call took 192 ms (model=OPENROUTER size=LARGE)
[LLMActionPlayer] API call took 511 ms (model=OPENROUTER size=LARGE)
[LLMActionPlayer] API call took 155 ms (model=OPENROUTER size=LARGE)
[LLMActionPlayer] API call took 246 ms (model=OPENROUTER size=LARGE)
[LLMActionPlayer] API call took 161 ms (model=OPENROUTER size=LARGE)
[LLMActionPlayer] API call took 193 ms (model=OPENROUTER size=LARGE)
[LLMActionPlayer] API call took 198 ms (model=OPENROUTER size=LARGE)
[LLMActionPlayer] API call took 180 ms (model=OPENROUTER size=LARGE)
[LLMActionPlayer] API call took 184 ms (model=OPENROUTER size=LARGE)
[LLMActionPlayer] API call took 199 ms (model=OPENROUTER size=LARGE)
[LLMActionPlayer] API call took 166 ms (model=OPENROUTER size=LARGE)
[LLMActionPlayer] API call took 164 ms (model=OPENROUTER size=LARGE)
[WIN_GAME,LOSE_GAME,LOSE_GAME]
[LLMActionPlayer] API call took 175 ms (model=OPENROUTER size=LARGE)
[LLMActionPlayer] API call took 200 ms (model=OPENROUTER size=LARGE)
[LLMActionPlayer] API call took 171 ms (model=OPENROUTER size=LARGE)
[LLMActionPlayer] API call took 143 ms (model=OPENROUTER size=LARGE)
[LLMActionPlayer] API call took 174 ms (model=OPENROUTER size=LARGE)
[LLMActionPlayer] API call took 533 ms (model=OPENROUTER size=LARGE)
[LLMActionPlayer] API call took 205 ms (model=OPENROUTER size=LARGE)
[LLMActionPlayer] API call took 165 ms (model=OPENROUTER size=LARGE)
[LLMActionPlayer] API call took 210 ms (model=OPENROUTER size=LARGE)
[LLMActionPlayer] API call took 215 ms (model=OPENROUTER size=LARGE)
[LLMActionPlayer] API call took 416 ms (model=OPENROUTER size=LARGE)
[LLMActionPlayer] API call took 192 ms (model=OPENROUTER size=LARGE)
[LLMActionPlayer] API call took 216 ms (model=OPENROUTER size=LARGE)
[LLMActionPlayer] API call took 183 ms (model=OPENROUTER size=LARGE)
[LLMActionPlayer] API call took 174 ms (model=OPENROUTER size=LARGE)
[LLMActionPlayer] API call took 189 ms (model=OPENROUTER size=LARGE)
[LLMActionPlayer] API call took 412 ms (model=OPENROUTER size=LARGE)
[LLMActionPlayer] API call took 235 ms (model=OPENROUTER size=LARGE)
[LLMActionPlayer] API call took 184 ms (model=OPENROUTER size=LARGE)
[LLMActionPlayer] API call took 282 ms (model=OPENROUTER size=LARGE)
[LLMActionPlayer] API call took 259 ms (model=OPENROUTER size=LARGE)
[LLMActionPlayer] API call took 183 ms (model=OPENROUTER size=LARGE)
[LLMActionPlayer] API call took 194 ms (model=OPENROUTER size=LARGE)
[LLMActionPlayer] API call took 208 ms (model=OPENROUTER size=LARGE)
[LLMActionPlayer] API call took 195 ms (model=OPENROUTER size=LARGE)
[LLMActionPlayer] API call took 259 ms (model=OPENROUTER size=LARGE)
[LLMActionPlayer] API call took 211 ms (model=OPENROUTER size=LARGE)
[LLMActionPlayer] API call took 442 ms (model=OPENROUTER size=LARGE)
[LOSE_GAME,LOSE_GAME,WIN_GAME]
[LLMActionPlayer] API call took 170 ms (model=OPENROUTER size=LARGE)
[LLMActionPlayer] API call took 284 ms (model=OPENROUTER size=LARGE)
[LLMActionPlayer] API call took 322 ms (model=OPENROUTER size=LARGE)
[LLMActionPlayer] API call took 199 ms (model=OPENROUTER size=LARGE)
[LLMActionPlayer] API call took 250 ms (model=OPENROUTER size=LARGE)
[LLMActionPlayer] API call took 210 ms (model=OPENROUTER size=LARGE)
[LLMActionPlayer] API call took 242 ms (model=OPENROUTER size=LARGE)
[LLMActionPlayer] API call took 295 ms (model=OPENROUTER size=LARGE)
[LLMActionPlayer] API call took 225 ms (model=OPENROUTER size=LARGE)
[LLMActionPlayer] API call took 170 ms (model=OPENROUTER size=LARGE)
[LLMActionPlayer] API call took 504 ms (model=OPENROUTER size=LARGE)
[LLMActionPlayer] API call took 162 ms (model=OPENROUTER size=LARGE)
[LLMActionPlayer] API call took 414 ms (model=OPENROUTER size=LARGE)
[LLMActionPlayer] API call took 229 ms (model=OPENROUTER size=LARGE)
[LLMActionPlayer] API call took 170 ms (model=OPENROUTER size=LARGE)
[LLMActionPlayer] API call took 166 ms (model=OPENROUTER size=LARGE)
[LLMActionPlayer] API call took 219 ms (model=OPENROUTER size=LARGE)
[LLMActionPlayer] API call took 425 ms (model=OPENROUTER size=LARGE)
[LLMActionPlayer] API call took 263 ms (model=OPENROUTER size=LARGE)
[LLMActionPlayer] API call took 1118 ms (model=OPENROUTER size=LARGE)
[LLMActionPlayer] API call took 248 ms (model=OPENROUTER size=LARGE)
[LLMActionPlayer] API call took 251 ms (model=OPENROUTER size=LARGE)
[LLMActionPlayer] API call took 358 ms (model=OPENROUTER size=LARGE)
[LLMActionPlayer] API call took 225 ms (model=OPENROUTER size=LARGE)
[LLMActionPlayer] API call took 288 ms (model=OPENROUTER size=LARGE)
[LLMActionPlayer] API call took 251 ms (model=OPENROUTER size=LARGE)
[LLMActionPlayer] API call took 310 ms (model=OPENROUTER size=LARGE)
[LLMActionPlayer] API call took 197 ms (model=OPENROUTER size=LARGE)
[LLMActionPlayer] API call took 274 ms (model=OPENROUTER size=LARGE)
[LLMActionPlayer] API call took 450 ms (model=OPENROUTER size=LARGE)
[LLMActionPlayer] API call took 174 ms (model=OPENROUTER size=LARGE)
[LLMActionPlayer] API call took 207 ms (model=OPENROUTER size=LARGE)
[LLMActionPlayer] API call took 152 ms (model=OPENROUTER size=LARGE)
[LLMActionPlayer] API call took 211 ms (model=OPENROUTER size=LARGE)
[LLMActionPlayer] API call took 432 ms (model=OPENROUTER size=LARGE)
[LLMActionPlayer] API call took 191 ms (model=OPENROUTER size=LARGE)
[LLMActionPlayer] API call took 202 ms (model=OPENROUTER size=LARGE)
[LLMActionPlayer] API call took 193 ms (model=OPENROUTER size=LARGE)
[LLMActionPlayer] API call took 279 ms (model=OPENROUTER size=LARGE)
[LLMActionPlayer] API call took 184 ms (model=OPENROUTER size=LARGE)
[LLMActionPlayer] API call took 318 ms (model=OPENROUTER size=LARGE)
[LLMActionPlayer] API call took 139 ms (model=OPENROUTER size=LARGE)
[LLMActionPlayer] API call took 220 ms (model=OPENROUTER size=LARGE)
[LLMActionPlayer] API call took 169 ms (model=OPENROUTER size=LARGE)
[LLMActionPlayer] API call took 246 ms (model=OPENROUTER size=LARGE)
[LOSE_GAME,LOSE_GAME,WIN_GAME]
[LLMActionPlayer] API call took 300 ms (model=OPENROUTER size=LARGE)
[LLMActionPlayer] API call took 227 ms (model=OPENROUTER size=LARGE)
[LLMActionPlayer] API call took 170 ms (model=OPENROUTER size=LARGE)
[LLMActionPlayer] API call took 249 ms (model=OPENROUTER size=LARGE)
[LLMActionPlayer] API call took 580 ms (model=OPENROUTER size=LARGE)
[LLMActionPlayer] API call took 185 ms (model=OPENROUTER size=LARGE)
[LLMActionPlayer] API call took 404 ms (model=OPENROUTER size=LARGE)
[LLMActionPlayer] API call took 199 ms (model=OPENROUTER size=LARGE)
[LLMActionPlayer] API call took 213 ms (model=OPENROUTER size=LARGE)
[LLMActionPlayer] API call took 161 ms (model=OPENROUTER size=LARGE)
[LLMActionPlayer] API call took 185 ms (model=OPENROUTER size=LARGE)
[LLMActionPlayer] API call took 212 ms (model=OPENROUTER size=LARGE)
[LLMActionPlayer] API call took 170 ms (model=OPENROUTER size=LARGE)
[LLMActionPlayer] API call took 206 ms (model=OPENROUTER size=LARGE)
[LLMActionPlayer] API call took 375 ms (model=OPENROUTER size=LARGE)
[LLMActionPlayer] API call took 185 ms (model=OPENROUTER size=LARGE)
[LLMActionPlayer] API call took 251 ms (model=OPENROUTER size=LARGE)
[LLMActionPlayer] API call took 1181 ms (model=OPENROUTER size=LARGE)
[LLMActionPlayer] API call took 176 ms (model=OPENROUTER size=LARGE)
[LLMActionPlayer] API call took 191 ms (model=OPENROUTER size=LARGE)
[LLMActionPlayer] API call took 583 ms (model=OPENROUTER size=LARGE)
[LLMActionPlayer] API call took 209 ms (model=OPENROUTER size=LARGE)
[LLMActionPlayer] API call took 185 ms (model=OPENROUTER size=LARGE)
[LLMActionPlayer] API call took 203 ms (model=OPENROUTER size=LARGE)
[LLMActionPlayer] API call took 399 ms (model=OPENROUTER size=LARGE)
[LLMActionPlayer] API call took 204 ms (model=OPENROUTER size=LARGE)
[LOSE_GAME,LOSE_GAME,WIN_GAME]
[LLMActionPlayer] API call took 181 ms (model=OPENROUTER size=LARGE)
[LLMActionPlayer] API call took 174 ms (model=OPENROUTER size=LARGE)
[LLMActionPlayer] API call took 247 ms (model=OPENROUTER size=LARGE)
[LLMActionPlayer] API call took 236 ms (model=OPENROUTER size=LARGE)
[LLMActionPlayer] API call took 214 ms (model=OPENROUTER size=LARGE)
[LLMActionPlayer] API call took 147 ms (model=OPENROUTER size=LARGE)
[LLMActionPlayer] API call took 486 ms (model=OPENROUTER size=LARGE)
[LLMActionPlayer] API call took 212 ms (model=OPENROUTER size=LARGE)
[LLMActionPlayer] API call took 209 ms (model=OPENROUTER size=LARGE)
[LLMActionPlayer] API call took 197 ms (model=OPENROUTER size=LARGE)
[LLMActionPlayer] API call took 204 ms (model=OPENROUTER size=LARGE)
[LLMActionPlayer] API call took 189 ms (model=OPENROUTER size=LARGE)
[LLMActionPlayer] API call took 199 ms (model=OPENROUTER size=LARGE)
[LLMActionPlayer] API call took 533 ms (model=OPENROUTER size=LARGE)
[LLMActionPlayer] API call took 342 ms (model=OPENROUTER size=LARGE)
[LLMActionPlayer] API call took 191 ms (model=OPENROUTER size=LARGE)
[LLMActionPlayer] API call took 200 ms (model=OPENROUTER size=LARGE)
[LLMActionPlayer] API call took 189 ms (model=OPENROUTER size=LARGE)
[LLMActionPlayer] API call took 152 ms (model=OPENROUTER size=LARGE)
[LLMActionPlayer] API call took 193 ms (model=OPENROUTER size=LARGE)
[LLMActionPlayer] API call took 176 ms (model=OPENROUTER size=LARGE)
[LLMActionPlayer] API call took 192 ms (model=OPENROUTER size=LARGE)
[LLMActionPlayer] API call took 218 ms (model=OPENROUTER size=LARGE)
[LLMActionPlayer] API call took 162 ms (model=OPENROUTER size=LARGE)
[LLMActionPlayer] API call took 525 ms (model=OPENROUTER size=LARGE)
[LLMActionPlayer] API call took 396 ms (model=OPENROUTER size=LARGE)
[LLMActionPlayer] API call took 437 ms (model=OPENROUTER size=LARGE)
[LLMActionPlayer] API call took 177 ms (model=OPENROUTER size=LARGE)
[LLMActionPlayer] API call took 616 ms (model=OPENROUTER size=LARGE)
[LLMActionPlayer] API call took 179 ms (model=OPENROUTER size=LARGE)
[LLMActionPlayer] API call took 222 ms (model=OPENROUTER size=LARGE)
[LLMActionPlayer] API call took 344 ms (model=OPENROUTER size=LARGE)
[LLMActionPlayer] API call took 239 ms (model=OPENROUTER size=LARGE)
[LLMActionPlayer] API call took 179 ms (model=OPENROUTER size=LARGE)
[WIN_GAME,LOSE_GAME,LOSE_GAME]
============= Catan - 198 games played ============= 
Catan_1 got 80.50 points. Catan_1 won 41.9% of the 198 games of the tournament. Catan_1 won 41.9% of the 198 games it played during the tournament.
Catan_1 got a mean score of 6.95.
Catan_1 won 39.9% of the 198 games against Catan_2.
Catan_1 won 41.4% of the 198 games against PhaseBasedEnsemblePlayer.

Catan_2 got 70.50 points. Catan_2 won 36.9% of the 198 games of the tournament. Catan_2 won 36.9% of the 198 games it played during the tournament.
Catan_2 got a mean score of 6.67.
Catan_2 won 34.8% of the 198 games against Catan_1.
Catan_2 won 36.4% of the 198 games against PhaseBasedEnsemblePlayer.

PhaseBasedEnsemblePlayer got 47.00 points. PhaseBasedEnsemblePlayer won 24.2% of the 198 games of the tournament. PhaseBasedEnsemblePlayer won 24.2% of the 198 games it played during the tournament.
PhaseBasedEnsemblePlayer got a mean score of 5.86.
PhaseBasedEnsemblePlayer won 23.7% of the 198 games against Catan_1.
PhaseBasedEnsemblePlayer won 23.7% of the 198 games against Catan_2.

---- Ranking ---- (+/- are standard errors on the mean calculated using a Normal approximation) 
Catan_1: Win rate 0.41 +/- 0.034	Mean Ordinal 1.81 +/- 0.06
Catan_2: Win rate 0.36 +/- 0.034	Mean Ordinal 1.90 +/- 0.06
PhaseBasedEnsemblePlayer: Win rate 0.24 +/- 0.030	Mean Ordinal 2.10 +/- 0.05


---- Alpha Rank ----  
