Using command line value for config of json/experiments/TournoumentConfigs/Non-Fair/Poker_PreflopFlopTurnRiver_4P_200_LLAMA_NonFair.json
Game: Poker, Players: 4
Game: Poker, Players: 4, Mode: EXHAUSTIVE, TotalGames: 192, GamesPerMatchup: 8
WARNING: A terminally deprecated method in sun.misc.Unsafe has been called
WARNING: sun.misc.Unsafe::invokeCleaner has been called by nonapi.io.github.classgraph.utils.FileUtils (file:/Users/denizgencoatilla/TabletopGames/target/TAG.jar)
WARNING: Please consider reporting this to the maintainers of class nonapi.io.github.classgraph.utils.FileUtils
WARNING: sun.misc.Unsafe::invokeCleaner will be removed in a future release
Playing Poker
[PhaseBasedEnsemblePlayer,Poker_4P_1,Poker_4P_2,Poker_4P_3]
[LLMActionPlayer] Creating LLMAccess: model=OPENROUTER size=LARGE
[LLMActionPlayer] API call took 339 ms (model=OPENROUTER size=LARGE)
[LLMActionPlayer] API call took 140 ms (model=OPENROUTER size=LARGE)
[LOSE_GAME,LOSE_GAME,LOSE_GAME,WIN_GAME]
[LLMActionPlayer] API call took 183 ms (model=OPENROUTER size=LARGE)
[LLMActionPlayer] API call took 178 ms (model=OPENROUTER size=LARGE)
[LLMActionPlayer] API call took 197 ms (model=OPENROUTER size=LARGE)
[LLMActionPlayer] API call took 169 ms (model=OPENROUTER size=LARGE)
[LOSE_GAME,WIN_GAME,LOSE_GAME,LOSE_GAME]
[LLMActionPlayer] API call took 174 ms (model=OPENROUTER size=LARGE)
[LLMActionPlayer] API call took 185 ms (model=OPENROUTER size=LARGE)
[LLMActionPlayer] API call took 239 ms (model=OPENROUTER size=LARGE)
[LLMActionPlayer] API call took 370 ms (model=OPENROUTER size=LARGE)
[LLMActionPlayer] API call took 189 ms (model=OPENROUTER size=LARGE)
[LOSE_GAME,WIN_GAME,LOSE_GAME,LOSE_GAME]
[LLMActionPlayer] API call took 164 ms (model=OPENROUTER size=LARGE)
[LLMActionPlayer] API call took 246 ms (model=OPENROUTER size=LARGE)
[LLMActionPlayer] API call took 138 ms (model=OPENROUTER size=LARGE)
[LLMActionPlayer] API call took 249 ms (model=OPENROUTER size=LARGE)
[LLMActionPlayer] API call took 215 ms (model=OPENROUTER size=LARGE)
[LLMActionPlayer] API call took 146 ms (model=OPENROUTER size=LARGE)
[LLMActionPlayer] API call took 163 ms (model=OPENROUTER size=LARGE)
[LLMActionPlayer] API call took 170 ms (model=OPENROUTER size=LARGE)
[LLMActionPlayer] API call took 242 ms (model=OPENROUTER size=LARGE)
[LLMActionPlayer] API call took 262 ms (model=OPENROUTER size=LARGE)
[LOSE_GAME,LOSE_GAME,LOSE_GAME,WIN_GAME]
[LLMActionPlayer] API call took 197 ms (model=OPENROUTER size=LARGE)
[LLMActionPlayer] API call took 167 ms (model=OPENROUTER size=LARGE)
[LLMActionPlayer] API call took 189 ms (model=OPENROUTER size=LARGE)
[LLMActionPlayer] API call took 184 ms (model=OPENROUTER size=LARGE)
[LLMActionPlayer] API call took 222 ms (model=OPENROUTER size=LARGE)
[LLMActionPlayer] API call took 196 ms (model=OPENROUTER size=LARGE)
[LOSE_GAME,LOSE_GAME,WIN_GAME,LOSE_GAME]
[LLMActionPlayer] API call took 200 ms (model=OPENROUTER size=LARGE)
[LLMActionPlayer] API call took 174 ms (model=OPENROUTER size=LARGE)
[LLMActionPlayer] API call took 199 ms (model=OPENROUTER size=LARGE)
[LLMActionPlayer] API call took 192 ms (model=OPENROUTER size=LARGE)
[LOSE_GAME,LOSE_GAME,WIN_GAME,LOSE_GAME]
[LLMActionPlayer] API call took 574 ms (model=OPENROUTER size=LARGE)
[LLMActionPlayer] API call took 167 ms (model=OPENROUTER size=LARGE)
[LLMActionPlayer] API call took 252 ms (model=OPENROUTER size=LARGE)
[LOSE_GAME,LOSE_GAME,LOSE_GAME,WIN_GAME]
[LLMActionPlayer] API call took 155 ms (model=OPENROUTER size=LARGE)
[LLMActionPlayer] API call took 516 ms (model=OPENROUTER size=LARGE)
[LOSE_GAME,LOSE_GAME,WIN_GAME,LOSE_GAME]
[PhaseBasedEnsemblePlayer,Poker_4P_1,Poker_4P_3,Poker_4P_2]
[LLMActionPlayer] API call took 153 ms (model=OPENROUTER size=LARGE)
[LLMActionPlayer] API call took 167 ms (model=OPENROUTER size=LARGE)
[LOSE_GAME,LOSE_GAME,LOSE_GAME,WIN_GAME]
[LLMActionPlayer] API call took 191 ms (model=OPENROUTER size=LARGE)
[LLMActionPlayer] API call took 364 ms (model=OPENROUTER size=LARGE)
[LLMActionPlayer] API call took 144 ms (model=OPENROUTER size=LARGE)
[LLMActionPlayer] API call took 168 ms (model=OPENROUTER size=LARGE)
[LLMActionPlayer] API call took 162 ms (model=OPENROUTER size=LARGE)
[LLMActionPlayer] API call took 216 ms (model=OPENROUTER size=LARGE)
[LLMActionPlayer] API call took 549 ms (model=OPENROUTER size=LARGE)
[LLMActionPlayer] API call took 574 ms (model=OPENROUTER size=LARGE)
[LLMActionPlayer] API call took 147 ms (model=OPENROUTER size=LARGE)
[LLMActionPlayer] API call took 214 ms (model=OPENROUTER size=LARGE)
[LLMActionPlayer] API call took 228 ms (model=OPENROUTER size=LARGE)
[LLMActionPlayer] API call took 305 ms (model=OPENROUTER size=LARGE)
[LLMActionPlayer] API call took 169 ms (model=OPENROUTER size=LARGE)
[LLMActionPlayer] API call took 175 ms (model=OPENROUTER size=LARGE)
[LLMActionPlayer] API call took 164 ms (model=OPENROUTER size=LARGE)
[LLMActionPlayer] API call took 183 ms (model=OPENROUTER size=LARGE)
[LLMActionPlayer] API call took 166 ms (model=OPENROUTER size=LARGE)
[LOSE_GAME,WIN_GAME,LOSE_GAME,LOSE_GAME]
[LLMActionPlayer] API call took 288 ms (model=OPENROUTER size=LARGE)
[LLMActionPlayer] API call took 147 ms (model=OPENROUTER size=LARGE)
[LLMActionPlayer] API call took 162 ms (model=OPENROUTER size=LARGE)
[LLMActionPlayer] API call took 141 ms (model=OPENROUTER size=LARGE)
[LLMActionPlayer] API call took 390 ms (model=OPENROUTER size=LARGE)
[LLMActionPlayer] API call took 166 ms (model=OPENROUTER size=LARGE)
[LLMActionPlayer] API call took 193 ms (model=OPENROUTER size=LARGE)
[LOSE_GAME,WIN_GAME,LOSE_GAME,LOSE_GAME]
[LLMActionPlayer] API call took 334 ms (model=OPENROUTER size=LARGE)
[LLMActionPlayer] API call took 156 ms (model=OPENROUTER size=LARGE)
[LLMActionPlayer] API call took 172 ms (model=OPENROUTER size=LARGE)
[LLMActionPlayer] API call took 222 ms (model=OPENROUTER size=LARGE)
[LLMActionPlayer] API call took 220 ms (model=OPENROUTER size=LARGE)
[LLMActionPlayer] API call took 215 ms (model=OPENROUTER size=LARGE)
[LOSE_GAME,WIN_GAME,LOSE_GAME,LOSE_GAME]
[LLMActionPlayer] API call took 145 ms (model=OPENROUTER size=LARGE)
[LLMActionPlayer] API call took 239 ms (model=OPENROUTER size=LARGE)
[LLMActionPlayer] API call took 231 ms (model=OPENROUTER size=LARGE)
[LLMActionPlayer] API call took 207 ms (model=OPENROUTER size=LARGE)
[LLMActionPlayer] API call took 167 ms (model=OPENROUTER size=LARGE)
[LLMActionPlayer] API call took 147 ms (model=OPENROUTER size=LARGE)
[LLMActionPlayer] API call took 183 ms (model=OPENROUTER size=LARGE)
[LLMActionPlayer] API call took 159 ms (model=OPENROUTER size=LARGE)
[LLMActionPlayer] API call took 542 ms (model=OPENROUTER size=LARGE)
[LLMActionPlayer] API call took 205 ms (model=OPENROUTER size=LARGE)
[LLMActionPlayer] API call took 275 ms (model=OPENROUTER size=LARGE)
[LOSE_GAME,WIN_GAME,LOSE_GAME,LOSE_GAME]
[LLMActionPlayer] API call took 211 ms (model=OPENROUTER size=LARGE)
[LLMActionPlayer] API call took 138 ms (model=OPENROUTER size=LARGE)
[LLMActionPlayer] API call took 178 ms (model=OPENROUTER size=LARGE)
[LLMActionPlayer] API call took 165 ms (model=OPENROUTER size=LARGE)
[LOSE_GAME,LOSE_GAME,WIN_GAME,LOSE_GAME]
[LLMActionPlayer] API call took 238 ms (model=OPENROUTER size=LARGE)
[LLMActionPlayer] API call took 164 ms (model=OPENROUTER size=LARGE)
[LLMActionPlayer] API call took 216 ms (model=OPENROUTER size=LARGE)
[LLMActionPlayer] API call took 184 ms (model=OPENROUTER size=LARGE)
[LLMActionPlayer] API call took 196 ms (model=OPENROUTER size=LARGE)
[LOSE_GAME,LOSE_GAME,LOSE_GAME,WIN_GAME]
[LLMActionPlayer] API call took 219 ms (model=OPENROUTER size=LARGE)
[LLMActionPlayer] API call took 176 ms (model=OPENROUTER size=LARGE)
[LLMActionPlayer] API call took 205 ms (model=OPENROUTER size=LARGE)
[LLMActionPlayer] API call took 155 ms (model=OPENROUTER size=LARGE)
[LLMActionPlayer] API call took 153 ms (model=OPENROUTER size=LARGE)
[LOSE_GAME,WIN_GAME,LOSE_GAME,LOSE_GAME]
[PhaseBasedEnsemblePlayer,Poker_4P_2,Poker_4P_1,Poker_4P_3]
[LLMActionPlayer] API call took 159 ms (model=OPENROUTER size=LARGE)
[LLMActionPlayer] API call took 247 ms (model=OPENROUTER size=LARGE)
[LOSE_GAME,LOSE_GAME,LOSE_GAME,WIN_GAME]
[LLMActionPlayer] API call took 133 ms (model=OPENROUTER size=LARGE)
[LLMActionPlayer] API call took 372 ms (model=OPENROUTER size=LARGE)
[LLMActionPlayer] API call took 138 ms (model=OPENROUTER size=LARGE)
[LLMActionPlayer] API call took 167 ms (model=OPENROUTER size=LARGE)
[LLMActionPlayer] API call took 166 ms (model=OPENROUTER size=LARGE)
[LLMActionPlayer] API call took 371 ms (model=OPENROUTER size=LARGE)
[LLMActionPlayer] API call took 484 ms (model=OPENROUTER size=LARGE)
[LLMActionPlayer] API call took 169 ms (model=OPENROUTER size=LARGE)
[LLMActionPlayer] API call took 208 ms (model=OPENROUTER size=LARGE)
[LLMActionPlayer] API call took 131 ms (model=OPENROUTER size=LARGE)
[LLMActionPlayer] API call took 181 ms (model=OPENROUTER size=LARGE)
[LLMActionPlayer] API call took 189 ms (model=OPENROUTER size=LARGE)
[LLMActionPlayer] API call took 177 ms (model=OPENROUTER size=LARGE)
[LLMActionPlayer] API call took 342 ms (model=OPENROUTER size=LARGE)
[LLMActionPlayer] API call took 205 ms (model=OPENROUTER size=LARGE)
[LLMActionPlayer] API call took 183 ms (model=OPENROUTER size=LARGE)
[LLMActionPlayer] API call took 157 ms (model=OPENROUTER size=LARGE)
[LLMActionPlayer] API call took 307 ms (model=OPENROUTER size=LARGE)
[LLMActionPlayer] API call took 134 ms (model=OPENROUTER size=LARGE)
[LLMActionPlayer] API call took 150 ms (model=OPENROUTER size=LARGE)
[LLMActionPlayer] API call took 177 ms (model=OPENROUTER size=LARGE)
[LLMActionPlayer] API call took 1029 ms (model=OPENROUTER size=LARGE)
[LLMActionPlayer] API call took 192 ms (model=OPENROUTER size=LARGE)
[LLMActionPlayer] API call took 167 ms (model=OPENROUTER size=LARGE)
[LLMActionPlayer] API call took 173 ms (model=OPENROUTER size=LARGE)
[LLMActionPlayer] API call took 175 ms (model=OPENROUTER size=LARGE)
[LLMActionPlayer] API call took 159 ms (model=OPENROUTER size=LARGE)
[LLMActionPlayer] API call took 224 ms (model=OPENROUTER size=LARGE)
[LLMActionPlayer] API call took 188 ms (model=OPENROUTER size=LARGE)
[WIN_GAME,LOSE_GAME,LOSE_GAME,LOSE_GAME]
[LLMActionPlayer] API call took 198 ms (model=OPENROUTER size=LARGE)
[LLMActionPlayer] API call took 186 ms (model=OPENROUTER size=LARGE)
[LLMActionPlayer] API call took 213 ms (model=OPENROUTER size=LARGE)
[LLMActionPlayer] API call took 145 ms (model=OPENROUTER size=LARGE)
[LLMActionPlayer] API call took 179 ms (model=OPENROUTER size=LARGE)
[LLMActionPlayer] API call took 178 ms (model=OPENROUTER size=LARGE)
[LLMActionPlayer] API call took 200 ms (model=OPENROUTER size=LARGE)
[LLMActionPlayer] API call took 564 ms (model=OPENROUTER size=LARGE)
[LLMActionPlayer] API call took 316 ms (model=OPENROUTER size=LARGE)
[LOSE_GAME,WIN_GAME,LOSE_GAME,LOSE_GAME]
[LLMActionPlayer] API call took 584 ms (model=OPENROUTER size=LARGE)
[LLMActionPlayer] API call took 154 ms (model=OPENROUTER size=LARGE)
[LLMActionPlayer] API call took 196 ms (model=OPENROUTER size=LARGE)
[LLMActionPlayer] API call took 247 ms (model=OPENROUTER size=LARGE)
[LLMActionPlayer] API call took 214 ms (model=OPENROUTER size=LARGE)
[LLMActionPlayer] API call took 209 ms (model=OPENROUTER size=LARGE)
[LLMActionPlayer] API call took 182 ms (model=OPENROUTER size=LARGE)
[LLMActionPlayer] API call took 191 ms (model=OPENROUTER size=LARGE)
[LLMActionPlayer] API call took 175 ms (model=OPENROUTER size=LARGE)
[LLMActionPlayer] API call took 153 ms (model=OPENROUTER size=LARGE)
[LOSE_GAME,LOSE_GAME,LOSE_GAME,WIN_GAME]
[LLMActionPlayer] API call took 135 ms (model=OPENROUTER size=LARGE)
[LLMActionPlayer] API call took 158 ms (model=OPENROUTER size=LARGE)
[LLMActionPlayer] API call took 357 ms (model=OPENROUTER size=LARGE)
[LLMActionPlayer] API call took 218 ms (model=OPENROUTER size=LARGE)
[LLMActionPlayer] API call took 204 ms (model=OPENROUTER size=LARGE)
[LLMActionPlayer] API call took 207 ms (model=OPENROUTER size=LARGE)
[LLMActionPlayer] API call took 212 ms (model=OPENROUTER size=LARGE)
[LOSE_GAME,WIN_GAME,LOSE_GAME,LOSE_GAME]
[LLMActionPlayer] API call took 145 ms (model=OPENROUTER size=LARGE)
[LLMActionPlayer] API call took 172 ms (model=OPENROUTER size=LARGE)
[LOSE_GAME,LOSE_GAME,WIN_GAME,LOSE_GAME]
[LLMActionPlayer] API call took 189 ms (model=OPENROUTER size=LARGE)
[LLMActionPlayer] API call took 178 ms (model=OPENROUTER size=LARGE)
[LLMActionPlayer] API call took 227 ms (model=OPENROUTER size=LARGE)
[LLMActionPlayer] API call took 233 ms (model=OPENROUTER size=LARGE)
[LLMActionPlayer] API call took 263 ms (model=OPENROUTER size=LARGE)
[LLMActionPlayer] API call took 481 ms (model=OPENROUTER size=LARGE)
[LLMActionPlayer] API call took 194 ms (model=OPENROUTER size=LARGE)
[LLMActionPlayer] API call took 547 ms (model=OPENROUTER size=LARGE)
[LLMActionPlayer] API call took 168 ms (model=OPENROUTER size=LARGE)
[LLMActionPlayer] API call took 327 ms (model=OPENROUTER size=LARGE)
[LLMActionPlayer] API call took 181 ms (model=OPENROUTER size=LARGE)
[LLMActionPlayer] API call took 164 ms (model=OPENROUTER size=LARGE)
[LLMActionPlayer] API call took 283 ms (model=OPENROUTER size=LARGE)
[LLMActionPlayer] API call took 408 ms (model=OPENROUTER size=LARGE)
[LLMActionPlayer] API call took 183 ms (model=OPENROUTER size=LARGE)
[LLMActionPlayer] API call took 147 ms (model=OPENROUTER size=LARGE)
[LLMActionPlayer] API call took 173 ms (model=OPENROUTER size=LARGE)
[LLMActionPlayer] API call took 160 ms (model=OPENROUTER size=LARGE)
[LLMActionPlayer] API call took 162 ms (model=OPENROUTER size=LARGE)
[LLMActionPlayer] API call took 456 ms (model=OPENROUTER size=LARGE)
[LLMActionPlayer] API call took 181 ms (model=OPENROUTER size=LARGE)
[LLMActionPlayer] API call took 184 ms (model=OPENROUTER size=LARGE)
[LLMActionPlayer] API call took 480 ms (model=OPENROUTER size=LARGE)
[LLMActionPlayer] API call took 189 ms (model=OPENROUTER size=LARGE)
[LLMActionPlayer] API call took 200 ms (model=OPENROUTER size=LARGE)
[LLMActionPlayer] API call took 193 ms (model=OPENROUTER size=LARGE)
[LLMActionPlayer] API call took 174 ms (model=OPENROUTER size=LARGE)
[LOSE_GAME,LOSE_GAME,LOSE_GAME,WIN_GAME]
[LLMActionPlayer] API call took 171 ms (model=OPENROUTER size=LARGE)
[LLMActionPlayer] API call took 335 ms (model=OPENROUTER size=LARGE)
[LLMActionPlayer] API call took 171 ms (model=OPENROUTER size=LARGE)
[LOSE_GAME,WIN_GAME,LOSE_GAME,LOSE_GAME]
[PhaseBasedEnsemblePlayer,Poker_4P_2,Poker_4P_3,Poker_4P_1]
[LLMActionPlayer] API call took 197 ms (model=OPENROUTER size=LARGE)
[LLMActionPlayer] API call took 255 ms (model=OPENROUTER size=LARGE)
[LOSE_GAME,LOSE_GAME,LOSE_GAME,WIN_GAME]
[LLMActionPlayer] API call took 341 ms (model=OPENROUTER size=LARGE)
[LLMActionPlayer] API call took 176 ms (model=OPENROUTER size=LARGE)
[LLMActionPlayer] API call took 151 ms (model=OPENROUTER size=LARGE)
[LLMActionPlayer] API call took 141 ms (model=OPENROUTER size=LARGE)
[LLMActionPlayer] API call took 163 ms (model=OPENROUTER size=LARGE)
[LOSE_GAME,WIN_GAME,LOSE_GAME,LOSE_GAME]
[LLMActionPlayer] API call took 239 ms (model=OPENROUTER size=LARGE)
[LLMActionPlayer] API call took 217 ms (model=OPENROUTER size=LARGE)
[LLMActionPlayer] API call took 209 ms (model=OPENROUTER size=LARGE)
[LLMActionPlayer] API call took 212 ms (model=OPENROUTER size=LARGE)
[LLMActionPlayer] API call took 186 ms (model=OPENROUTER size=LARGE)
[LOSE_GAME,LOSE_GAME,WIN_GAME,LOSE_GAME]
[LLMActionPlayer] API call took 202 ms (model=OPENROUTER size=LARGE)
[LLMActionPlayer] API call took 157 ms (model=OPENROUTER size=LARGE)
[LLMActionPlayer] API call took 161 ms (model=OPENROUTER size=LARGE)
[LLMActionPlayer] API call took 154 ms (model=OPENROUTER size=LARGE)
[LLMActionPlayer] API call took 171 ms (model=OPENROUTER size=LARGE)
[LLMActionPlayer] API call took 162 ms (model=OPENROUTER size=LARGE)
[LLMActionPlayer] API call took 157 ms (model=OPENROUTER size=LARGE)
[LLMActionPlayer] API call took 187 ms (model=OPENROUTER size=LARGE)
[LLMActionPlayer] API call took 216 ms (model=OPENROUTER size=LARGE)
[LLMActionPlayer] API call took 233 ms (model=OPENROUTER size=LARGE)
[LLMActionPlayer] API call took 205 ms (model=OPENROUTER size=LARGE)
[LLMActionPlayer] API call took 353 ms (model=OPENROUTER size=LARGE)
[LLMActionPlayer] API call took 236 ms (model=OPENROUTER size=LARGE)
[LLMActionPlayer] API call took 231 ms (model=OPENROUTER size=LARGE)
[LLMActionPlayer] API call took 261 ms (model=OPENROUTER size=LARGE)
[LLMActionPlayer] API call took 185 ms (model=OPENROUTER size=LARGE)
[LLMActionPlayer] API call took 241 ms (model=OPENROUTER size=LARGE)
[LLMActionPlayer] API call took 237 ms (model=OPENROUTER size=LARGE)
[LLMActionPlayer] API call took 374 ms (model=OPENROUTER size=LARGE)
[LLMActionPlayer] API call took 241 ms (model=OPENROUTER size=LARGE)
[LOSE_GAME,LOSE_GAME,WIN_GAME,LOSE_GAME]
[LLMActionPlayer] API call took 172 ms (model=OPENROUTER size=LARGE)
[LLMActionPlayer] API call took 181 ms (model=OPENROUTER size=LARGE)
[LLMActionPlayer] API call took 327 ms (model=OPENROUTER size=LARGE)
[LLMActionPlayer] API call took 214 ms (model=OPENROUTER size=LARGE)
[LLMActionPlayer] API call took 277 ms (model=OPENROUTER size=LARGE)
[LOSE_GAME,LOSE_GAME,LOSE_GAME,WIN_GAME]
[LLMActionPlayer] API call took 151 ms (model=OPENROUTER size=LARGE)
[LLMActionPlayer] API call took 193 ms (model=OPENROUTER size=LARGE)
[LLMActionPlayer] API call took 381 ms (model=OPENROUTER size=LARGE)
[LLMActionPlayer] API call took 146 ms (model=OPENROUTER size=LARGE)
[LLMActionPlayer] API call took 262 ms (model=OPENROUTER size=LARGE)
[LLMActionPlayer] API call took 152 ms (model=OPENROUTER size=LARGE)
[LLMActionPlayer] API call took 143 ms (model=OPENROUTER size=LARGE)
[LLMActionPlayer] API call took 156 ms (model=OPENROUTER size=LARGE)
[LLMActionPlayer] API call took 175 ms (model=OPENROUTER size=LARGE)
[LLMActionPlayer] API call took 154 ms (model=OPENROUTER size=LARGE)
[LLMActionPlayer] API call took 189 ms (model=OPENROUTER size=LARGE)
[LLMActionPlayer] API call took 315 ms (model=OPENROUTER size=LARGE)
[LLMActionPlayer] API call took 455 ms (model=OPENROUTER size=LARGE)
[LOSE_GAME,LOSE_GAME,WIN_GAME,LOSE_GAME]
[LLMActionPlayer] API call took 187 ms (model=OPENROUTER size=LARGE)
[LLMActionPlayer] API call took 155 ms (model=OPENROUTER size=LARGE)
[LLMActionPlayer] API call took 366 ms (model=OPENROUTER size=LARGE)
[LLMActionPlayer] API call took 140 ms (model=OPENROUTER size=LARGE)
[LLMActionPlayer] API call took 188 ms (model=OPENROUTER size=LARGE)
[LOSE_GAME,LOSE_GAME,LOSE_GAME,WIN_GAME]
[LLMActionPlayer] API call took 259 ms (model=OPENROUTER size=LARGE)
[LLMActionPlayer] API call took 380 ms (model=OPENROUTER size=LARGE)
[LLMActionPlayer] API call took 139 ms (model=OPENROUTER size=LARGE)
[LLMActionPlayer] API call took 586 ms (model=OPENROUTER size=LARGE)
[LLMActionPlayer] API call took 199 ms (model=OPENROUTER size=LARGE)
[LOSE_GAME,LOSE_GAME,WIN_GAME,LOSE_GAME]
[PhaseBasedEnsemblePlayer,Poker_4P_3,Poker_4P_1,Poker_4P_2]
[LLMActionPlayer] API call took 137 ms (model=OPENROUTER size=LARGE)
[LLMActionPlayer] API call took 175 ms (model=OPENROUTER size=LARGE)
[LLMActionPlayer] API call took 417 ms (model=OPENROUTER size=LARGE)
[LOSE_GAME,LOSE_GAME,LOSE_GAME,WIN_GAME]
[LLMActionPlayer] API call took 171 ms (model=OPENROUTER size=LARGE)
[LLMActionPlayer] API call took 353 ms (model=OPENROUTER size=LARGE)
[LOSE_GAME,WIN_GAME,LOSE_GAME,LOSE_GAME]
[LLMActionPlayer] API call took 574 ms (model=OPENROUTER size=LARGE)
[LLMActionPlayer] API call took 169 ms (model=OPENROUTER size=LARGE)
[LLMActionPlayer] API call took 146 ms (model=OPENROUTER size=LARGE)
[LLMActionPlayer] API call took 141 ms (model=OPENROUTER size=LARGE)
[LLMActionPlayer] API call took 234 ms (model=OPENROUTER size=LARGE)
[LOSE_GAME,WIN_GAME,LOSE_GAME,LOSE_GAME]
[LLMActionPlayer] API call took 169 ms (model=OPENROUTER size=LARGE)
[LLMActionPlayer] API call took 191 ms (model=OPENROUTER size=LARGE)
[LLMActionPlayer] API call took 158 ms (model=OPENROUTER size=LARGE)
[LLMActionPlayer] API call took 191 ms (model=OPENROUTER size=LARGE)
[LLMActionPlayer] API call took 175 ms (model=OPENROUTER size=LARGE)
[LLMActionPlayer] API call took 235 ms (model=OPENROUTER size=LARGE)
[LLMActionPlayer] API call took 220 ms (model=OPENROUTER size=LARGE)
[LLMActionPlayer] API call took 223 ms (model=OPENROUTER size=LARGE)
[LLMActionPlayer] API call took 126 ms (model=OPENROUTER size=LARGE)
[LLMActionPlayer] API call took 170 ms (model=OPENROUTER size=LARGE)
[LOSE_GAME,LOSE_GAME,WIN_GAME,LOSE_GAME]
[LLMActionPlayer] API call took 240 ms (model=OPENROUTER size=LARGE)
[LLMActionPlayer] API call took 435 ms (model=OPENROUTER size=LARGE)
[LLMActionPlayer] API call took 246 ms (model=OPENROUTER size=LARGE)
[LLMActionPlayer] API call took 208 ms (model=OPENROUTER size=LARGE)
[LLMActionPlayer] API call took 299 ms (model=OPENROUTER size=LARGE)
[LLMActionPlayer] API call took 262 ms (model=OPENROUTER size=LARGE)
[LOSE_GAME,LOSE_GAME,WIN_GAME,LOSE_GAME]
[LLMActionPlayer] API call took 170 ms (model=OPENROUTER size=LARGE)
[LLMActionPlayer] API call took 151 ms (model=OPENROUTER size=LARGE)
[LLMActionPlayer] API call took 356 ms (model=OPENROUTER size=LARGE)
[LOSE_GAME,LOSE_GAME,WIN_GAME,LOSE_GAME]
[LLMActionPlayer] API call took 304 ms (model=OPENROUTER size=LARGE)
[LLMActionPlayer] API call took 314 ms (model=OPENROUTER size=LARGE)
[LLMActionPlayer] API call took 675 ms (model=OPENROUTER size=LARGE)
[LLMActionPlayer] API call took 384 ms (model=OPENROUTER size=LARGE)
[LLMActionPlayer] API call took 467 ms (model=OPENROUTER size=LARGE)
[LLMActionPlayer] API call took 164 ms (model=OPENROUTER size=LARGE)
[LLMActionPlayer] API call took 193 ms (model=OPENROUTER size=LARGE)
[LLMActionPlayer] API call took 312 ms (model=OPENROUTER size=LARGE)
[LOSE_GAME,LOSE_GAME,LOSE_GAME,WIN_GAME]
[LLMActionPlayer] API call took 173 ms (model=OPENROUTER size=LARGE)
[LLMActionPlayer] API call took 211 ms (model=OPENROUTER size=LARGE)
[LOSE_GAME,WIN_GAME,LOSE_GAME,LOSE_GAME]
[PhaseBasedEnsemblePlayer,Poker_4P_3,Poker_4P_2,Poker_4P_1]
[LLMActionPlayer] API call took 221 ms (model=OPENROUTER size=LARGE)
[LLMActionPlayer] API call took 143 ms (model=OPENROUTER size=LARGE)
[LOSE_GAME,LOSE_GAME,LOSE_GAME,WIN_GAME]
[LLMActionPlayer] API call took 338 ms (model=OPENROUTER size=LARGE)
[LLMActionPlayer] API call took 293 ms (model=OPENROUTER size=LARGE)
[LOSE_GAME,LOSE_GAME,WIN_GAME,LOSE_GAME]
[LLMActionPlayer] API call took 223 ms (model=OPENROUTER size=LARGE)
[LLMActionPlayer] API call took 214 ms (model=OPENROUTER size=LARGE)
[LLMActionPlayer] API call took 165 ms (model=OPENROUTER size=LARGE)
[LLMActionPlayer] API call took 167 ms (model=OPENROUTER size=LARGE)
[LLMActionPlayer] API call took 341 ms (model=OPENROUTER size=LARGE)
[LLMActionPlayer] API call took 290 ms (model=OPENROUTER size=LARGE)
[LLMActionPlayer] API call took 174 ms (model=OPENROUTER size=LARGE)
[LLMActionPlayer] API call took 193 ms (model=OPENROUTER size=LARGE)
[LOSE_GAME,LOSE_GAME,LOSE_GAME,WIN_GAME]
[LLMActionPlayer] API call took 179 ms (model=OPENROUTER size=LARGE)
[LLMActionPlayer] API call took 161 ms (model=OPENROUTER size=LARGE)
[LLMActionPlayer] API call took 164 ms (model=OPENROUTER size=LARGE)
[LLMActionPlayer] API call took 204 ms (model=OPENROUTER size=LARGE)
[LLMActionPlayer] API call took 191 ms (model=OPENROUTER size=LARGE)
[LOSE_GAME,WIN_GAME,LOSE_GAME,LOSE_GAME]
[LLMActionPlayer] API call took 160 ms (model=OPENROUTER size=LARGE)
[LLMActionPlayer] API call took 207 ms (model=OPENROUTER size=LARGE)
[LLMActionPlayer] API call took 141 ms (model=OPENROUTER size=LARGE)
[LLMActionPlayer] API call took 152 ms (model=OPENROUTER size=LARGE)
[LLMActionPlayer] API call took 250 ms (model=OPENROUTER size=LARGE)
[LOSE_GAME,LOSE_GAME,WIN_GAME,LOSE_GAME]
[LLMActionPlayer] API call took 195 ms (model=OPENROUTER size=LARGE)
[LLMActionPlayer] API call took 192 ms (model=OPENROUTER size=LARGE)
[LLMActionPlayer] API call took 176 ms (model=OPENROUTER size=LARGE)
[LOSE_GAME,LOSE_GAME,WIN_GAME,LOSE_GAME]
[LLMActionPlayer] API call took 211 ms (model=OPENROUTER size=LARGE)
[LLMActionPlayer] API call took 183 ms (model=OPENROUTER size=LARGE)
[LLMActionPlayer] API call took 199 ms (model=OPENROUTER size=LARGE)
[LLMActionPlayer] API call took 215 ms (model=OPENROUTER size=LARGE)
[LOSE_GAME,LOSE_GAME,LOSE_GAME,WIN_GAME]
[LLMActionPlayer] API call took 193 ms (model=OPENROUTER size=LARGE)
[LLMActionPlayer] API call took 194 ms (model=OPENROUTER size=LARGE)
[LLMActionPlayer] API call took 233 ms (model=OPENROUTER size=LARGE)
[LOSE_GAME,LOSE_GAME,WIN_GAME,LOSE_GAME]
[Poker_4P_1,PhaseBasedEnsemblePlayer,Poker_4P_2,Poker_4P_3]
[LLMActionPlayer] API call took 222 ms (model=OPENROUTER size=LARGE)
[LLMActionPlayer] API call took 153 ms (model=OPENROUTER size=LARGE)
[WIN_GAME,LOSE_GAME,LOSE_GAME,LOSE_GAME]
[LLMActionPlayer] API call took 203 ms (model=OPENROUTER size=LARGE)
[LLMActionPlayer] API call took 154 ms (model=OPENROUTER size=LARGE)
[LLMActionPlayer] API call took 236 ms (model=OPENROUTER size=LARGE)
[LLMActionPlayer] API call took 240 ms (model=OPENROUTER size=LARGE)
[LLMActionPlayer] API call took 210 ms (model=OPENROUTER size=LARGE)
[LLMActionPlayer] API call took 208 ms (model=OPENROUTER size=LARGE)
[LLMActionPlayer] API call took 182 ms (model=OPENROUTER size=LARGE)
[LLMActionPlayer] API call took 321 ms (model=OPENROUTER size=LARGE)
[LLMActionPlayer] API call took 235 ms (model=OPENROUTER size=LARGE)
[LLMActionPlayer] API call took 216 ms (model=OPENROUTER size=LARGE)
[WIN_GAME,LOSE_GAME,LOSE_GAME,LOSE_GAME]
[LLMActionPlayer] API call took 166 ms (model=OPENROUTER size=LARGE)
[LOSE_GAME,LOSE_GAME,WIN_GAME,LOSE_GAME]
[LLMActionPlayer] API call took 312 ms (model=OPENROUTER size=LARGE)
[LLMActionPlayer] API call took 244 ms (model=OPENROUTER size=LARGE)
[LLMActionPlayer] API call took 195 ms (model=OPENROUTER size=LARGE)
[LLMActionPlayer] API call took 223 ms (model=OPENROUTER size=LARGE)
[LLMActionPlayer] API call took 156 ms (model=OPENROUTER size=LARGE)
[LLMActionPlayer] API call took 185 ms (model=OPENROUTER size=LARGE)
[LLMActionPlayer] API call took 204 ms (model=OPENROUTER size=LARGE)
[LLMActionPlayer] API call took 239 ms (model=OPENROUTER size=LARGE)
[LLMActionPlayer] API call took 177 ms (model=OPENROUTER size=LARGE)
[LLMActionPlayer] API call took 525 ms (model=OPENROUTER size=LARGE)
[LLMActionPlayer] API call took 202 ms (model=OPENROUTER size=LARGE)
[LOSE_GAME,LOSE_GAME,WIN_GAME,LOSE_GAME]
[LLMActionPlayer] API call took 162 ms (model=OPENROUTER size=LARGE)
[LLMActionPlayer] API call took 196 ms (model=OPENROUTER size=LARGE)
[LLMActionPlayer] API call took 175 ms (model=OPENROUTER size=LARGE)
[LLMActionPlayer] API call took 196 ms (model=OPENROUTER size=LARGE)
[LLMActionPlayer] API call took 203 ms (model=OPENROUTER size=LARGE)
[LLMActionPlayer] API call took 189 ms (model=OPENROUTER size=LARGE)
[LLMActionPlayer] API call took 259 ms (model=OPENROUTER size=LARGE)
[LLMActionPlayer] API call took 201 ms (model=OPENROUTER size=LARGE)
[LOSE_GAME,LOSE_GAME,WIN_GAME,LOSE_GAME]
[LLMActionPlayer] API call took 372 ms (model=OPENROUTER size=LARGE)
[LLMActionPlayer] API call took 200 ms (model=OPENROUTER size=LARGE)
[LLMActionPlayer] API call took 162 ms (model=OPENROUTER size=LARGE)
[LLMActionPlayer] API call took 194 ms (model=OPENROUTER size=LARGE)
[LLMActionPlayer] API call took 202 ms (model=OPENROUTER size=LARGE)
[LLMActionPlayer] API call took 170 ms (model=OPENROUTER size=LARGE)
[WIN_GAME,LOSE_GAME,LOSE_GAME,LOSE_GAME]
[LLMActionPlayer] API call took 161 ms (model=OPENROUTER size=LARGE)
[LLMActionPlayer] API call took 195 ms (model=OPENROUTER size=LARGE)
[LLMActionPlayer] API call took 535 ms (model=OPENROUTER size=LARGE)
[LLMActionPlayer] API call took 567 ms (model=OPENROUTER size=LARGE)
[LOSE_GAME,LOSE_GAME,WIN_GAME,LOSE_GAME]
[LLMActionPlayer] API call took 242 ms (model=OPENROUTER size=LARGE)
[LLMActionPlayer] API call took 152 ms (model=OPENROUTER size=LARGE)
[LLMActionPlayer] API call took 231 ms (model=OPENROUTER size=LARGE)
[LLMActionPlayer] API call took 190 ms (model=OPENROUTER size=LARGE)
[LLMActionPlayer] API call took 235 ms (model=OPENROUTER size=LARGE)
[LOSE_GAME,LOSE_GAME,LOSE_GAME,WIN_GAME]
[Poker_4P_1,PhaseBasedEnsemblePlayer,Poker_4P_3,Poker_4P_2]
[LLMActionPlayer] API call took 207 ms (model=OPENROUTER size=LARGE)
[LLMActionPlayer] API call took 793 ms (model=OPENROUTER size=LARGE)
[LLMActionPlayer] API call took 200 ms (model=OPENROUTER size=LARGE)
[LLMActionPlayer] API call took 153 ms (model=OPENROUTER size=LARGE)
[LLMActionPlayer] API call took 287 ms (model=OPENROUTER size=LARGE)
[LOSE_GAME,LOSE_GAME,LOSE_GAME,WIN_GAME]
[LLMActionPlayer] API call took 192 ms (model=OPENROUTER size=LARGE)
[LLMActionPlayer] API call took 186 ms (model=OPENROUTER size=LARGE)
[LLMActionPlayer] API call took 253 ms (model=OPENROUTER size=LARGE)
[LLMActionPlayer] API call took 180 ms (model=OPENROUTER size=LARGE)
[LLMActionPlayer] API call took 183 ms (model=OPENROUTER size=LARGE)
[LLMActionPlayer] API call took 210 ms (model=OPENROUTER size=LARGE)
[LOSE_GAME,LOSE_GAME,WIN_GAME,LOSE_GAME]
[LLMActionPlayer] API call took 156 ms (model=OPENROUTER size=LARGE)
[LOSE_GAME,LOSE_GAME,WIN_GAME,LOSE_GAME]
[LLMActionPlayer] API call took 168 ms (model=OPENROUTER size=LARGE)
[LLMActionPlayer] API call took 219 ms (model=OPENROUTER size=LARGE)
[LLMActionPlayer] API call took 182 ms (model=OPENROUTER size=LARGE)
[LLMActionPlayer] API call took 193 ms (model=OPENROUTER size=LARGE)
[LLMActionPlayer] API call took 197 ms (model=OPENROUTER size=LARGE)
[LLMActionPlayer] API call took 191 ms (model=OPENROUTER size=LARGE)
[LOSE_GAME,LOSE_GAME,WIN_GAME,LOSE_GAME]
[LLMActionPlayer] API call took 150 ms (model=OPENROUTER size=LARGE)
[LLMActionPlayer] API call took 184 ms (model=OPENROUTER size=LARGE)
[LLMActionPlayer] API call took 204 ms (model=OPENROUTER size=LARGE)
[LLMActionPlayer] API call took 146 ms (model=OPENROUTER size=LARGE)
[LLMActionPlayer] API call took 232 ms (model=OPENROUTER size=LARGE)
[LLMActionPlayer] API call took 265 ms (model=OPENROUTER size=LARGE)
[LLMActionPlayer] API call took 176 ms (model=OPENROUTER size=LARGE)
[LLMActionPlayer] API call took 501 ms (model=OPENROUTER size=LARGE)
[LLMActionPlayer] API call took 253 ms (model=OPENROUTER size=LARGE)
[LLMActionPlayer] API call took 146 ms (model=OPENROUTER size=LARGE)
[LLMActionPlayer] API call took 149 ms (model=OPENROUTER size=LARGE)
[LLMActionPlayer] API call took 208 ms (model=OPENROUTER size=LARGE)
[LLMActionPlayer] API call took 233 ms (model=OPENROUTER size=LARGE)
[LLMActionPlayer] API call took 384 ms (model=OPENROUTER size=LARGE)
[LOSE_GAME,LOSE_GAME,LOSE_GAME,WIN_GAME]
[LLMActionPlayer] API call took 174 ms (model=OPENROUTER size=LARGE)
[LLMActionPlayer] API call took 178 ms (model=OPENROUTER size=LARGE)
[LLMActionPlayer] API call took 213 ms (model=OPENROUTER size=LARGE)
[LLMActionPlayer] API call took 187 ms (model=OPENROUTER size=LARGE)
[LLMActionPlayer] API call took 198 ms (model=OPENROUTER size=LARGE)
[LLMActionPlayer] API call took 174 ms (model=OPENROUTER size=LARGE)
[LOSE_GAME,LOSE_GAME,WIN_GAME,LOSE_GAME]
[LLMActionPlayer] API call took 240 ms (model=OPENROUTER size=LARGE)
[LLMActionPlayer] API call took 415 ms (model=OPENROUTER size=LARGE)
[LLMActionPlayer] API call took 216 ms (model=OPENROUTER size=LARGE)
[LLMActionPlayer] API call took 137 ms (model=OPENROUTER size=LARGE)
[LLMActionPlayer] API call took 193 ms (model=OPENROUTER size=LARGE)
[LLMActionPlayer] API call took 200 ms (model=OPENROUTER size=LARGE)
[LLMActionPlayer] API call took 341 ms (model=OPENROUTER size=LARGE)
[LLMActionPlayer] API call took 202 ms (model=OPENROUTER size=LARGE)
[LLMActionPlayer] API call took 355 ms (model=OPENROUTER size=LARGE)
[LLMActionPlayer] API call took 179 ms (model=OPENROUTER size=LARGE)
[LLMActionPlayer] API call took 202 ms (model=OPENROUTER size=LARGE)
[LLMActionPlayer] API call took 172 ms (model=OPENROUTER size=LARGE)
[LLMActionPlayer] API call took 185 ms (model=OPENROUTER size=LARGE)
[LLMActionPlayer] API call took 294 ms (model=OPENROUTER size=LARGE)
[LLMActionPlayer] API call took 180 ms (model=OPENROUTER size=LARGE)
[LLMActionPlayer] API call took 218 ms (model=OPENROUTER size=LARGE)
[LLMActionPlayer] API call took 190 ms (model=OPENROUTER size=LARGE)
[LLMActionPlayer] API call took 168 ms (model=OPENROUTER size=LARGE)
[LLMActionPlayer] API call took 149 ms (model=OPENROUTER size=LARGE)
[LLMActionPlayer] API call took 221 ms (model=OPENROUTER size=LARGE)
[LLMActionPlayer] API call took 195 ms (model=OPENROUTER size=LARGE)
[LLMActionPlayer] API call took 225 ms (model=OPENROUTER size=LARGE)
[LLMActionPlayer] API call took 207 ms (model=OPENROUTER size=LARGE)
[LOSE_GAME,LOSE_GAME,LOSE_GAME,WIN_GAME]
[LLMActionPlayer] API call took 215 ms (model=OPENROUTER size=LARGE)
[LLMActionPlayer] API call took 299 ms (model=OPENROUTER size=LARGE)
[LLMActionPlayer] API call took 143 ms (model=OPENROUTER size=LARGE)
[LLMActionPlayer] API call took 232 ms (model=OPENROUTER size=LARGE)
[LLMActionPlayer] API call took 185 ms (model=OPENROUTER size=LARGE)
[LLMActionPlayer] API call took 400 ms (model=OPENROUTER size=LARGE)
[LLMActionPlayer] API call took 203 ms (model=OPENROUTER size=LARGE)
[LOSE_GAME,WIN_GAME,LOSE_GAME,LOSE_GAME]
[Poker_4P_1,Poker_4P_2,PhaseBasedEnsemblePlayer,Poker_4P_3]
[LLMActionPlayer] API call took 157 ms (model=OPENROUTER size=LARGE)
[LLMActionPlayer] API call took 160 ms (model=OPENROUTER size=LARGE)
[LLMActionPlayer] API call took 250 ms (model=OPENROUTER size=LARGE)
[LLMActionPlayer] API call took 340 ms (model=OPENROUTER size=LARGE)
[LLMActionPlayer] API call took 214 ms (model=OPENROUTER size=LARGE)
[WIN_GAME,LOSE_GAME,LOSE_GAME,LOSE_GAME]
[LLMActionPlayer] API call took 204 ms (model=OPENROUTER size=LARGE)
[LLMActionPlayer] API call took 229 ms (model=OPENROUTER size=LARGE)
[LLMActionPlayer] API call took 191 ms (model=OPENROUTER size=LARGE)
[LLMActionPlayer] API call took 461 ms (model=OPENROUTER size=LARGE)
[LLMActionPlayer] API call took 188 ms (model=OPENROUTER size=LARGE)
[LLMActionPlayer] API call took 172 ms (model=OPENROUTER size=LARGE)
[LLMActionPlayer] API call took 183 ms (model=OPENROUTER size=LARGE)
[LLMActionPlayer] API call took 282 ms (model=OPENROUTER size=LARGE)
[LLMActionPlayer] API call took 224 ms (model=OPENROUTER size=LARGE)
[LLMActionPlayer] API call took 202 ms (model=OPENROUTER size=LARGE)
[LLMActionPlayer] API call took 285 ms (model=OPENROUTER size=LARGE)
[LLMActionPlayer] API call took 882 ms (model=OPENROUTER size=LARGE)
[LLMActionPlayer] API call took 209 ms (model=OPENROUTER size=LARGE)
[LLMActionPlayer] API call took 205 ms (model=OPENROUTER size=LARGE)
[LOSE_GAME,WIN_GAME,LOSE_GAME,LOSE_GAME]
[LLMActionPlayer] API call took 189 ms (model=OPENROUTER size=LARGE)
[LLMActionPlayer] API call took 364 ms (model=OPENROUTER size=LARGE)
[LLMActionPlayer] API call took 286 ms (model=OPENROUTER size=LARGE)
[LLMActionPlayer] API call took 219 ms (model=OPENROUTER size=LARGE)
[LLMActionPlayer] API call took 179 ms (model=OPENROUTER size=LARGE)
[LLMActionPlayer] API call took 168 ms (model=OPENROUTER size=LARGE)
[LLMActionPlayer] API call took 185 ms (model=OPENROUTER size=LARGE)
[LLMActionPlayer] API call took 171 ms (model=OPENROUTER size=LARGE)
[LLMActionPlayer] API call took 192 ms (model=OPENROUTER size=LARGE)
[LLMActionPlayer] API call took 195 ms (model=OPENROUTER size=LARGE)
[LLMActionPlayer] API call took 400 ms (model=OPENROUTER size=LARGE)
[LLMActionPlayer] API call took 242 ms (model=OPENROUTER size=LARGE)
[LLMActionPlayer] API call took 169 ms (model=OPENROUTER size=LARGE)
[LOSE_GAME,LOSE_GAME,LOSE_GAME,WIN_GAME]
[LLMActionPlayer] API call took 223 ms (model=OPENROUTER size=LARGE)
[LLMActionPlayer] API call took 217 ms (model=OPENROUTER size=LARGE)
[LLMActionPlayer] API call took 173 ms (model=OPENROUTER size=LARGE)
[LLMActionPlayer] API call took 392 ms (model=OPENROUTER size=LARGE)
[LLMActionPlayer] API call took 189 ms (model=OPENROUTER size=LARGE)
[LLMActionPlayer] API call took 484 ms (model=OPENROUTER size=LARGE)
[LLMActionPlayer] API call took 208 ms (model=OPENROUTER size=LARGE)
[LOSE_GAME,WIN_GAME,LOSE_GAME,LOSE_GAME]
[LLMActionPlayer] API call took 247 ms (model=OPENROUTER size=LARGE)
[LLMActionPlayer] API call took 196 ms (model=OPENROUTER size=LARGE)
[LLMActionPlayer] API call took 233 ms (model=OPENROUTER size=LARGE)
[LLMActionPlayer] API call took 192 ms (model=OPENROUTER size=LARGE)
[LLMActionPlayer] API call took 224 ms (model=OPENROUTER size=LARGE)
[LLMActionPlayer] API call took 175 ms (model=OPENROUTER size=LARGE)
[LLMActionPlayer] API call took 212 ms (model=OPENROUTER size=LARGE)
[LLMActionPlayer] API call took 192 ms (model=OPENROUTER size=LARGE)
[LLMActionPlayer] API call took 156 ms (model=OPENROUTER size=LARGE)
[LLMActionPlayer] API call took 180 ms (model=OPENROUTER size=LARGE)
[LLMActionPlayer] API call took 232 ms (model=OPENROUTER size=LARGE)
[LLMActionPlayer] API call took 149 ms (model=OPENROUTER size=LARGE)
[LLMActionPlayer] API call took 453 ms (model=OPENROUTER size=LARGE)
[LOSE_GAME,LOSE_GAME,LOSE_GAME,WIN_GAME]
[LLMActionPlayer] API call took 145 ms (model=OPENROUTER size=LARGE)
[LOSE_GAME,WIN_GAME,LOSE_GAME,LOSE_GAME]
[LLMActionPlayer] API call took 495 ms (model=OPENROUTER size=LARGE)
[LLMActionPlayer] API call took 171 ms (model=OPENROUTER size=LARGE)
[LLMActionPlayer] API call took 166 ms (model=OPENROUTER size=LARGE)
[LLMActionPlayer] API call took 182 ms (model=OPENROUTER size=LARGE)
[LLMActionPlayer] API call took 203 ms (model=OPENROUTER size=LARGE)
[LLMActionPlayer] API call took 192 ms (model=OPENROUTER size=LARGE)
[LLMActionPlayer] API call took 208 ms (model=OPENROUTER size=LARGE)
[LLMActionPlayer] API call took 184 ms (model=OPENROUTER size=LARGE)
[LLMActionPlayer] API call took 175 ms (model=OPENROUTER size=LARGE)
[WIN_GAME,LOSE_GAME,LOSE_GAME,LOSE_GAME]
[LLMActionPlayer] API call took 456 ms (model=OPENROUTER size=LARGE)
[LLMActionPlayer] API call took 164 ms (model=OPENROUTER size=LARGE)
[LLMActionPlayer] API call took 186 ms (model=OPENROUTER size=LARGE)
[LLMActionPlayer] API call took 165 ms (model=OPENROUTER size=LARGE)
[LLMActionPlayer] API call took 124 ms (model=OPENROUTER size=LARGE)
[LLMActionPlayer] API call took 194 ms (model=OPENROUTER size=LARGE)
[LLMActionPlayer] API call took 139 ms (model=OPENROUTER size=LARGE)
[LLMActionPlayer] API call took 204 ms (model=OPENROUTER size=LARGE)
[LLMActionPlayer] API call took 180 ms (model=OPENROUTER size=LARGE)
[LLMActionPlayer] API call took 283 ms (model=OPENROUTER size=LARGE)
[LLMActionPlayer] API call took 213 ms (model=OPENROUTER size=LARGE)
[LLMActionPlayer] API call took 237 ms (model=OPENROUTER size=LARGE)
[LLMActionPlayer] API call took 215 ms (model=OPENROUTER size=LARGE)
[LLMActionPlayer] API call took 162 ms (model=OPENROUTER size=LARGE)
[LLMActionPlayer] API call took 384 ms (model=OPENROUTER size=LARGE)
[LOSE_GAME,WIN_GAME,LOSE_GAME,LOSE_GAME]
[Poker_4P_1,Poker_4P_2,Poker_4P_3,PhaseBasedEnsemblePlayer]
[LLMActionPlayer] API call took 225 ms (model=OPENROUTER size=LARGE)
[LLMActionPlayer] API call took 208 ms (model=OPENROUTER size=LARGE)
[LLMActionPlayer] API call took 168 ms (model=OPENROUTER size=LARGE)
[LLMActionPlayer] API call took 177 ms (model=OPENROUTER size=LARGE)
[LLMActionPlayer] API call took 156 ms (model=OPENROUTER size=LARGE)
[LLMActionPlayer] API call took 182 ms (model=OPENROUTER size=LARGE)
[LLMActionPlayer] API call took 168 ms (model=OPENROUTER size=LARGE)
[LLMActionPlayer] API call took 168 ms (model=OPENROUTER size=LARGE)
[LLMActionPlayer] API call took 184 ms (model=OPENROUTER size=LARGE)
[LLMActionPlayer] API call took 160 ms (model=OPENROUTER size=LARGE)
[WIN_GAME,LOSE_GAME,LOSE_GAME,LOSE_GAME]
[LLMActionPlayer] API call took 186 ms (model=OPENROUTER size=LARGE)
[LLMActionPlayer] API call took 178 ms (model=OPENROUTER size=LARGE)
[LLMActionPlayer] API call took 156 ms (model=OPENROUTER size=LARGE)
[LLMActionPlayer] API call took 592 ms (model=OPENROUTER size=LARGE)
[LLMActionPlayer] API call took 205 ms (model=OPENROUTER size=LARGE)
[WIN_GAME,LOSE_GAME,LOSE_GAME,LOSE_GAME]
[LLMActionPlayer] API call took 192 ms (model=OPENROUTER size=LARGE)
[LLMActionPlayer] API call took 160 ms (model=OPENROUTER size=LARGE)
[LLMActionPlayer] API call took 196 ms (model=OPENROUTER size=LARGE)
[LLMActionPlayer] API call took 183 ms (model=OPENROUTER size=LARGE)
[LLMActionPlayer] API call took 182 ms (model=OPENROUTER size=LARGE)
[LLMActionPlayer] API call took 371 ms (model=OPENROUTER size=LARGE)
[LLMActionPlayer] API call took 202 ms (model=OPENROUTER size=LARGE)
[LLMActionPlayer] API call took 156 ms (model=OPENROUTER size=LARGE)
[LLMActionPlayer] API call took 155 ms (model=OPENROUTER size=LARGE)
[LLMActionPlayer] API call took 526 ms (model=OPENROUTER size=LARGE)
[LLMActionPlayer] API call took 210 ms (model=OPENROUTER size=LARGE)
[LLMActionPlayer] API call took 245 ms (model=OPENROUTER size=LARGE)
[LLMActionPlayer] API call took 202 ms (model=OPENROUTER size=LARGE)
[LLMActionPlayer] API call took 163 ms (model=OPENROUTER size=LARGE)
[LLMActionPlayer] API call took 221 ms (model=OPENROUTER size=LARGE)
[LLMActionPlayer] API call took 167 ms (model=OPENROUTER size=LARGE)
[LLMActionPlayer] API call took 187 ms (model=OPENROUTER size=LARGE)
[LLMActionPlayer] API call took 270 ms (model=OPENROUTER size=LARGE)
[LOSE_GAME,WIN_GAME,LOSE_GAME,LOSE_GAME]
[LLMActionPlayer] API call took 196 ms (model=OPENROUTER size=LARGE)
[LLMActionPlayer] API call took 162 ms (model=OPENROUTER size=LARGE)
[LLMActionPlayer] API call took 181 ms (model=OPENROUTER size=LARGE)
[LLMActionPlayer] API call took 233 ms (model=OPENROUTER size=LARGE)
[LLMActionPlayer] API call took 381 ms (model=OPENROUTER size=LARGE)
[LLMActionPlayer] API call took 135 ms (model=OPENROUTER size=LARGE)
[LLMActionPlayer] API call took 212 ms (model=OPENROUTER size=LARGE)
[LLMActionPlayer] API call took 486 ms (model=OPENROUTER size=LARGE)
[LLMActionPlayer] API call took 156 ms (model=OPENROUTER size=LARGE)
[LLMActionPlayer] API call took 183 ms (model=OPENROUTER size=LARGE)
[LOSE_GAME,LOSE_GAME,WIN_GAME,LOSE_GAME]
[LLMActionPlayer] API call took 193 ms (model=OPENROUTER size=LARGE)
[LLMActionPlayer] API call took 156 ms (model=OPENROUTER size=LARGE)
[LLMActionPlayer] API call took 188 ms (model=OPENROUTER size=LARGE)
[LLMActionPlayer] API call took 201 ms (model=OPENROUTER size=LARGE)
[LLMActionPlayer] API call took 157 ms (model=OPENROUTER size=LARGE)
[LLMActionPlayer] API call took 251 ms (model=OPENROUTER size=LARGE)
[LLMActionPlayer] API call took 193 ms (model=OPENROUTER size=LARGE)
[LOSE_GAME,WIN_GAME,LOSE_GAME,LOSE_GAME]
[LLMActionPlayer] API call took 562 ms (model=OPENROUTER size=LARGE)
[LLMActionPlayer] API call took 174 ms (model=OPENROUTER size=LARGE)
[LLMActionPlayer] API call took 440 ms (model=OPENROUTER size=LARGE)
[LLMActionPlayer] API call took 387 ms (model=OPENROUTER size=LARGE)
[LLMActionPlayer] API call took 426 ms (model=OPENROUTER size=LARGE)
[LOSE_GAME,LOSE_GAME,WIN_GAME,LOSE_GAME]
[LLMActionPlayer] API call took 274 ms (model=OPENROUTER size=LARGE)
[LLMActionPlayer] API call took 206 ms (model=OPENROUTER size=LARGE)
[LOSE_GAME,LOSE_GAME,WIN_GAME,LOSE_GAME]
[LLMActionPlayer] API call took 192 ms (model=OPENROUTER size=LARGE)
[LLMActionPlayer] API call took 565 ms (model=OPENROUTER size=LARGE)
[LOSE_GAME,WIN_GAME,LOSE_GAME,LOSE_GAME]
[Poker_4P_1,Poker_4P_3,PhaseBasedEnsemblePlayer,Poker_4P_2]
[LLMActionPlayer] API call took 192 ms (model=OPENROUTER size=LARGE)
[WIN_GAME,LOSE_GAME,LOSE_GAME,LOSE_GAME]
[LLMActionPlayer] API call took 324 ms (model=OPENROUTER size=LARGE)
[LLMActionPlayer] API call took 411 ms (model=OPENROUTER size=LARGE)
[LLMActionPlayer] API call took 158 ms (model=OPENROUTER size=LARGE)
[LLMActionPlayer] API call took 248 ms (model=OPENROUTER size=LARGE)
[LLMActionPlayer] API call took 388 ms (model=OPENROUTER size=LARGE)
[LLMActionPlayer] API call took 149 ms (model=OPENROUTER size=LARGE)
[LLMActionPlayer] API call took 457 ms (model=OPENROUTER size=LARGE)
[LLMActionPlayer] API call took 262 ms (model=OPENROUTER size=LARGE)
[LLMActionPlayer] API call took 199 ms (model=OPENROUTER size=LARGE)
[LLMActionPlayer] API call took 239 ms (model=OPENROUTER size=LARGE)
[LLMActionPlayer] API call took 187 ms (model=OPENROUTER size=LARGE)
[LLMActionPlayer] API call took 177 ms (model=OPENROUTER size=LARGE)
[LLMActionPlayer] API call took 184 ms (model=OPENROUTER size=LARGE)
[LOSE_GAME,WIN_GAME,LOSE_GAME,LOSE_GAME]
[LLMActionPlayer] API call took 178 ms (model=OPENROUTER size=LARGE)
[LLMActionPlayer] API call took 191 ms (model=OPENROUTER size=LARGE)
[LLMActionPlayer] API call took 176 ms (model=OPENROUTER size=LARGE)
[LLMActionPlayer] API call took 200 ms (model=OPENROUTER size=LARGE)
[LLMActionPlayer] API call took 359 ms (model=OPENROUTER size=LARGE)
[LLMActionPlayer] API call took 314 ms (model=OPENROUTER size=LARGE)
[LLMActionPlayer] API call took 256 ms (model=OPENROUTER size=LARGE)
[LLMActionPlayer] API call took 138 ms (model=OPENROUTER size=LARGE)
[LLMActionPlayer] API call took 170 ms (model=OPENROUTER size=LARGE)
[LLMActionPlayer] API call took 197 ms (model=OPENROUTER size=LARGE)
[LOSE_GAME,WIN_GAME,LOSE_GAME,LOSE_GAME]
[LLMActionPlayer] API call took 192 ms (model=OPENROUTER size=LARGE)
[LLMActionPlayer] API call took 178 ms (model=OPENROUTER size=LARGE)
[LLMActionPlayer] API call took 172 ms (model=OPENROUTER size=LARGE)
[LLMActionPlayer] API call took 254 ms (model=OPENROUTER size=LARGE)
[LLMActionPlayer] API call took 187 ms (model=OPENROUTER size=LARGE)
[LOSE_GAME,WIN_GAME,LOSE_GAME,LOSE_GAME]
[LLMActionPlayer] API call took 200 ms (model=OPENROUTER size=LARGE)
[LLMActionPlayer] API call took 175 ms (model=OPENROUTER size=LARGE)
[LLMActionPlayer] API call took 231 ms (model=OPENROUTER size=LARGE)
[LLMActionPlayer] API call took 188 ms (model=OPENROUTER size=LARGE)
[LLMActionPlayer] API call took 246 ms (model=OPENROUTER size=LARGE)
[LLMActionPlayer] API call took 157 ms (model=OPENROUTER size=LARGE)
[LLMActionPlayer] API call took 299 ms (model=OPENROUTER size=LARGE)
[LLMActionPlayer] API call took 169 ms (model=OPENROUTER size=LARGE)
[LLMActionPlayer] API call took 228 ms (model=OPENROUTER size=LARGE)
[LLMActionPlayer] API call took 202 ms (model=OPENROUTER size=LARGE)
[LLMActionPlayer] API call took 140 ms (model=OPENROUTER size=LARGE)
[LLMActionPlayer] API call took 178 ms (model=OPENROUTER size=LARGE)
[LLMActionPlayer] API call took 398 ms (model=OPENROUTER size=LARGE)
[LLMActionPlayer] API call took 203 ms (model=OPENROUTER size=LARGE)
[LLMActionPlayer] API call took 261 ms (model=OPENROUTER size=LARGE)
[LLMActionPlayer] API call took 256 ms (model=OPENROUTER size=LARGE)
[LOSE_GAME,LOSE_GAME,WIN_GAME,LOSE_GAME]
[LLMActionPlayer] API call took 178 ms (model=OPENROUTER size=LARGE)
[LLMActionPlayer] API call took 131 ms (model=OPENROUTER size=LARGE)
[LLMActionPlayer] API call took 192 ms (model=OPENROUTER size=LARGE)
[LLMActionPlayer] API call took 197 ms (model=OPENROUTER size=LARGE)
[LLMActionPlayer] API call took 187 ms (model=OPENROUTER size=LARGE)
[LLMActionPlayer] API call took 200 ms (model=OPENROUTER size=LARGE)
[LLMActionPlayer] API call took 176 ms (model=OPENROUTER size=LARGE)
[LLMActionPlayer] API call took 403 ms (model=OPENROUTER size=LARGE)
[LLMActionPlayer] API call took 134 ms (model=OPENROUTER size=LARGE)
[LLMActionPlayer] API call took 190 ms (model=OPENROUTER size=LARGE)
[LLMActionPlayer] API call took 482 ms (model=OPENROUTER size=LARGE)
[LLMActionPlayer] API call took 187 ms (model=OPENROUTER size=LARGE)
[LLMActionPlayer] API call took 192 ms (model=OPENROUTER size=LARGE)
[LLMActionPlayer] API call took 205 ms (model=OPENROUTER size=LARGE)
[LLMActionPlayer] API call took 171 ms (model=OPENROUTER size=LARGE)
[LLMActionPlayer] API call took 255 ms (model=OPENROUTER size=LARGE)
[LOSE_GAME,LOSE_GAME,WIN_GAME,LOSE_GAME]
[LLMActionPlayer] API call took 193 ms (model=OPENROUTER size=LARGE)
[LLMActionPlayer] API call took 159 ms (model=OPENROUTER size=LARGE)
[LLMActionPlayer] API call took 198 ms (model=OPENROUTER size=LARGE)
[LLMActionPlayer] API call took 216 ms (model=OPENROUTER size=LARGE)
[LLMActionPlayer] API call took 407 ms (model=OPENROUTER size=LARGE)
[LLMActionPlayer] API call took 218 ms (model=OPENROUTER size=LARGE)
[LLMActionPlayer] API call took 170 ms (model=OPENROUTER size=LARGE)
[LLMActionPlayer] API call took 204 ms (model=OPENROUTER size=LARGE)
[LLMActionPlayer] API call took 222 ms (model=OPENROUTER size=LARGE)
[LLMActionPlayer] API call took 190 ms (model=OPENROUTER size=LARGE)
[LLMActionPlayer] API call took 158 ms (model=OPENROUTER size=LARGE)
[LLMActionPlayer] API call took 191 ms (model=OPENROUTER size=LARGE)
[LLMActionPlayer] API call took 366 ms (model=OPENROUTER size=LARGE)
[LLMActionPlayer] API call took 160 ms (model=OPENROUTER size=LARGE)
[LLMActionPlayer] API call took 188 ms (model=OPENROUTER size=LARGE)
[LLMActionPlayer] API call took 180 ms (model=OPENROUTER size=LARGE)
[LLMActionPlayer] API call took 187 ms (model=OPENROUTER size=LARGE)
[LOSE_GAME,LOSE_GAME,LOSE_GAME,WIN_GAME]
[LLMActionPlayer] API call took 189 ms (model=OPENROUTER size=LARGE)
[LLMActionPlayer] API call took 160 ms (model=OPENROUTER size=LARGE)
[LLMActionPlayer] API call took 342 ms (model=OPENROUTER size=LARGE)
[LLMActionPlayer] API call took 224 ms (model=OPENROUTER size=LARGE)
[LOSE_GAME,WIN_GAME,LOSE_GAME,LOSE_GAME]
[Poker_4P_1,Poker_4P_3,Poker_4P_2,PhaseBasedEnsemblePlayer]
[LLMActionPlayer] API call took 143 ms (model=OPENROUTER size=LARGE)
[LLMActionPlayer] API call took 224 ms (model=OPENROUTER size=LARGE)
[LLMActionPlayer] API call took 198 ms (model=OPENROUTER size=LARGE)
[LLMActionPlayer] API call took 203 ms (model=OPENROUTER size=LARGE)
[LLMActionPlayer] API call took 162 ms (model=OPENROUTER size=LARGE)
[LLMActionPlayer] API call took 212 ms (model=OPENROUTER size=LARGE)
[LLMActionPlayer] API call took 204 ms (model=OPENROUTER size=LARGE)
[LLMActionPlayer] API call took 182 ms (model=OPENROUTER size=LARGE)
[LOSE_GAME,WIN_GAME,LOSE_GAME,LOSE_GAME]
[LLMActionPlayer] API call took 614 ms (model=OPENROUTER size=LARGE)
[LOSE_GAME,WIN_GAME,LOSE_GAME,LOSE_GAME]
[LLMActionPlayer] API call took 274 ms (model=OPENROUTER size=LARGE)
[LLMActionPlayer] API call took 261 ms (model=OPENROUTER size=LARGE)
[LOSE_GAME,LOSE_GAME,WIN_GAME,LOSE_GAME]
[LLMActionPlayer] API call took 513 ms (model=OPENROUTER size=LARGE)
[LLMActionPlayer] API call took 161 ms (model=OPENROUTER size=LARGE)
[LLMActionPlayer] API call took 223 ms (model=OPENROUTER size=LARGE)
[LOSE_GAME,WIN_GAME,LOSE_GAME,LOSE_GAME]
[LLMActionPlayer] API call took 220 ms (model=OPENROUTER size=LARGE)
[LLMActionPlayer] API call took 171 ms (model=OPENROUTER size=LARGE)
[LLMActionPlayer] API call took 172 ms (model=OPENROUTER size=LARGE)
[LLMActionPlayer] API call took 193 ms (model=OPENROUTER size=LARGE)
[LLMActionPlayer] API call took 219 ms (model=OPENROUTER size=LARGE)
[LLMActionPlayer] API call took 228 ms (model=OPENROUTER size=LARGE)
[LLMActionPlayer] API call took 231 ms (model=OPENROUTER size=LARGE)
[LLMActionPlayer] API call took 389 ms (model=OPENROUTER size=LARGE)
[LOSE_GAME,WIN_GAME,LOSE_GAME,LOSE_GAME]
[LLMActionPlayer] API call took 429 ms (model=OPENROUTER size=LARGE)
[LLMActionPlayer] API call took 223 ms (model=OPENROUTER size=LARGE)
[LLMActionPlayer] API call took 171 ms (model=OPENROUTER size=LARGE)
[LLMActionPlayer] API call took 418 ms (model=OPENROUTER size=LARGE)
[LLMActionPlayer] API call took 200 ms (model=OPENROUTER size=LARGE)
[LLMActionPlayer] API call took 181 ms (model=OPENROUTER size=LARGE)
[LOSE_GAME,WIN_GAME,LOSE_GAME,LOSE_GAME]
[LLMActionPlayer] API call took 180 ms (model=OPENROUTER size=LARGE)
[LLMActionPlayer] API call took 185 ms (model=OPENROUTER size=LARGE)
[LLMActionPlayer] API call took 274 ms (model=OPENROUTER size=LARGE)
[LOSE_GAME,WIN_GAME,LOSE_GAME,LOSE_GAME]
[LLMActionPlayer] API call took 194 ms (model=OPENROUTER size=LARGE)
[LOSE_GAME,WIN_GAME,LOSE_GAME,LOSE_GAME]
[Poker_4P_2,PhaseBasedEnsemblePlayer,Poker_4P_1,Poker_4P_3]
[LLMActionPlayer] API call took 195 ms (model=OPENROUTER size=LARGE)
[LLMActionPlayer] API call took 158 ms (model=OPENROUTER size=LARGE)
[LLMActionPlayer] API call took 151 ms (model=OPENROUTER size=LARGE)
[LLMActionPlayer] API call took 198 ms (model=OPENROUTER size=LARGE)
[LLMActionPlayer] API call took 175 ms (model=OPENROUTER size=LARGE)
[LLMActionPlayer] API call took 186 ms (model=OPENROUTER size=LARGE)
[WIN_GAME,LOSE_GAME,LOSE_GAME,LOSE_GAME]
[LLMActionPlayer] API call took 201 ms (model=OPENROUTER size=LARGE)
[LLMActionPlayer] API call took 200 ms (model=OPENROUTER size=LARGE)
[LLMActionPlayer] API call took 228 ms (model=OPENROUTER size=LARGE)
[LLMActionPlayer] API call took 195 ms (model=OPENROUTER size=LARGE)
[LLMActionPlayer] API call took 173 ms (model=OPENROUTER size=LARGE)
[LLMActionPlayer] API call took 267 ms (model=OPENROUTER size=LARGE)
[LLMActionPlayer] API call took 271 ms (model=OPENROUTER size=LARGE)
[LOSE_GAME,LOSE_GAME,WIN_GAME,LOSE_GAME]
[LLMActionPlayer] API call took 364 ms (model=OPENROUTER size=LARGE)
[LOSE_GAME,LOSE_GAME,WIN_GAME,LOSE_GAME]
[LLMActionPlayer] API call took 209 ms (model=OPENROUTER size=LARGE)
[LLMActionPlayer] API call took 188 ms (model=OPENROUTER size=LARGE)
[LLMActionPlayer] API call took 176 ms (model=OPENROUTER size=LARGE)
[LLMActionPlayer] API call took 139 ms (model=OPENROUTER size=LARGE)
[LLMActionPlayer] API call took 159 ms (model=OPENROUTER size=LARGE)
[LLMActionPlayer] API call took 183 ms (model=OPENROUTER size=LARGE)
[LLMActionPlayer] API call took 227 ms (model=OPENROUTER size=LARGE)
[LLMActionPlayer] API call took 179 ms (model=OPENROUTER size=LARGE)
[LLMActionPlayer] API call took 186 ms (model=OPENROUTER size=LARGE)
[LLMActionPlayer] API call took 231 ms (model=OPENROUTER size=LARGE)
[LLMActionPlayer] API call took 166 ms (model=OPENROUTER size=LARGE)
[LLMActionPlayer] API call took 158 ms (model=OPENROUTER size=LARGE)
[LLMActionPlayer] API call took 180 ms (model=OPENROUTER size=LARGE)
[LLMActionPlayer] API call took 180 ms (model=OPENROUTER size=LARGE)
[LLMActionPlayer] API call took 183 ms (model=OPENROUTER size=LARGE)
[LLMActionPlayer] API call took 211 ms (model=OPENROUTER size=LARGE)
[LLMActionPlayer] API call took 176 ms (model=OPENROUTER size=LARGE)
[LLMActionPlayer] API call took 133 ms (model=OPENROUTER size=LARGE)
[LLMActionPlayer] API call took 466 ms (model=OPENROUTER size=LARGE)
[LLMActionPlayer] API call took 183 ms (model=OPENROUTER size=LARGE)
[LLMActionPlayer] API call took 204 ms (model=OPENROUTER size=LARGE)
[LLMActionPlayer] API call took 192 ms (model=OPENROUTER size=LARGE)
[LLMActionPlayer] API call took 288 ms (model=OPENROUTER size=LARGE)
[LOSE_GAME,LOSE_GAME,WIN_GAME,LOSE_GAME]
[LLMActionPlayer] API call took 159 ms (model=OPENROUTER size=LARGE)
[LLMActionPlayer] API call took 181 ms (model=OPENROUTER size=LARGE)
[LLMActionPlayer] API call took 225 ms (model=OPENROUTER size=LARGE)
[LLMActionPlayer] API call took 186 ms (model=OPENROUTER size=LARGE)
[LLMActionPlayer] API call took 184 ms (model=OPENROUTER size=LARGE)
[LLMActionPlayer] API call took 204 ms (model=OPENROUTER size=LARGE)
[LLMActionPlayer] API call took 179 ms (model=OPENROUTER size=LARGE)
[LLMActionPlayer] API call took 192 ms (model=OPENROUTER size=LARGE)
[LLMActionPlayer] API call took 221 ms (model=OPENROUTER size=LARGE)
[LLMActionPlayer] API call took 155 ms (model=OPENROUTER size=LARGE)
[LLMActionPlayer] API call took 162 ms (model=OPENROUTER size=LARGE)
[LOSE_GAME,LOSE_GAME,WIN_GAME,LOSE_GAME]
[LLMActionPlayer] API call took 198 ms (model=OPENROUTER size=LARGE)
[LLMActionPlayer] API call took 175 ms (model=OPENROUTER size=LARGE)
[LLMActionPlayer] API call took 135 ms (model=OPENROUTER size=LARGE)
[LLMActionPlayer] API call took 167 ms (model=OPENROUTER size=LARGE)
[LLMActionPlayer] API call took 220 ms (model=OPENROUTER size=LARGE)
[LLMActionPlayer] API call took 212 ms (model=OPENROUTER size=LARGE)
[LLMActionPlayer] API call took 530 ms (model=OPENROUTER size=LARGE)
[LOSE_GAME,LOSE_GAME,WIN_GAME,LOSE_GAME]
[LLMActionPlayer] API call took 166 ms (model=OPENROUTER size=LARGE)
[LLMActionPlayer] API call took 242 ms (model=OPENROUTER size=LARGE)
[LLMActionPlayer] API call took 208 ms (model=OPENROUTER size=LARGE)
[LLMActionPlayer] API call took 165 ms (model=OPENROUTER size=LARGE)
[LLMActionPlayer] API call took 182 ms (model=OPENROUTER size=LARGE)
[LLMActionPlayer] API call took 181 ms (model=OPENROUTER size=LARGE)
[LLMActionPlayer] API call took 221 ms (model=OPENROUTER size=LARGE)
[WIN_GAME,LOSE_GAME,LOSE_GAME,LOSE_GAME]
[LLMActionPlayer] API call took 168 ms (model=OPENROUTER size=LARGE)
[LLMActionPlayer] API call took 187 ms (model=OPENROUTER size=LARGE)
[LLMActionPlayer] API call took 157 ms (model=OPENROUTER size=LARGE)
[LLMActionPlayer] API call took 353 ms (model=OPENROUTER size=LARGE)
[LLMActionPlayer] API call took 561 ms (model=OPENROUTER size=LARGE)
[LLMActionPlayer] API call took 209 ms (model=OPENROUTER size=LARGE)
[LLMActionPlayer] API call took 186 ms (model=OPENROUTER size=LARGE)
[LLMActionPlayer] API call took 209 ms (model=OPENROUTER size=LARGE)
[LLMActionPlayer] API call took 329 ms (model=OPENROUTER size=LARGE)
[LLMActionPlayer] API call took 160 ms (model=OPENROUTER size=LARGE)
[LLMActionPlayer] API call took 204 ms (model=OPENROUTER size=LARGE)
[LLMActionPlayer] API call took 389 ms (model=OPENROUTER size=LARGE)
[LLMActionPlayer] API call took 135 ms (model=OPENROUTER size=LARGE)
[LLMActionPlayer] API call took 189 ms (model=OPENROUTER size=LARGE)
[LLMActionPlayer] API call took 162 ms (model=OPENROUTER size=LARGE)
[LLMActionPlayer] API call took 151 ms (model=OPENROUTER size=LARGE)
[LLMActionPlayer] API call took 251 ms (model=OPENROUTER size=LARGE)
[LLMActionPlayer] API call took 171 ms (model=OPENROUTER size=LARGE)
[LLMActionPlayer] API call took 251 ms (model=OPENROUTER size=LARGE)
[LLMActionPlayer] API call took 215 ms (model=OPENROUTER size=LARGE)
[LLMActionPlayer] API call took 186 ms (model=OPENROUTER size=LARGE)
[LLMActionPlayer] API call took 221 ms (model=OPENROUTER size=LARGE)
[LLMActionPlayer] API call took 454 ms (model=OPENROUTER size=LARGE)
[LLMActionPlayer] API call took 126 ms (model=OPENROUTER size=LARGE)
[LLMActionPlayer] API call took 378 ms (model=OPENROUTER size=LARGE)
[LLMActionPlayer] API call took 479 ms (model=OPENROUTER size=LARGE)
[LLMActionPlayer] API call took 228 ms (model=OPENROUTER size=LARGE)
[LLMActionPlayer] API call took 182 ms (model=OPENROUTER size=LARGE)
[LOSE_GAME,WIN_GAME,LOSE_GAME,LOSE_GAME]
[Poker_4P_2,PhaseBasedEnsemblePlayer,Poker_4P_3,Poker_4P_1]
[LLMActionPlayer] API call took 200 ms (model=OPENROUTER size=LARGE)
[LLMActionPlayer] API call took 186 ms (model=OPENROUTER size=LARGE)
[LLMActionPlayer] API call took 235 ms (model=OPENROUTER size=LARGE)
[LLMActionPlayer] API call took 201 ms (model=OPENROUTER size=LARGE)
[WIN_GAME,LOSE_GAME,LOSE_GAME,LOSE_GAME]
[LLMActionPlayer] API call took 200 ms (model=OPENROUTER size=LARGE)
[LLMActionPlayer] API call took 211 ms (model=OPENROUTER size=LARGE)
[LLMActionPlayer] API call took 190 ms (model=OPENROUTER size=LARGE)
[LLMActionPlayer] API call took 179 ms (model=OPENROUTER size=LARGE)
[LLMActionPlayer] API call took 245 ms (model=OPENROUTER size=LARGE)
[LLMActionPlayer] API call took 216 ms (model=OPENROUTER size=LARGE)
[LLMActionPlayer] API call took 188 ms (model=OPENROUTER size=LARGE)
[LLMActionPlayer] API call took 248 ms (model=OPENROUTER size=LARGE)
[LLMActionPlayer] API call took 191 ms (model=OPENROUTER size=LARGE)
[LLMActionPlayer] API call took 183 ms (model=OPENROUTER size=LARGE)
[LLMActionPlayer] API call took 174 ms (model=OPENROUTER size=LARGE)
[LLMActionPlayer] API call took 195 ms (model=OPENROUTER size=LARGE)
[LLMActionPlayer] API call took 164 ms (model=OPENROUTER size=LARGE)
[LLMActionPlayer] API call took 198 ms (model=OPENROUTER size=LARGE)
[WIN_GAME,LOSE_GAME,LOSE_GAME,LOSE_GAME]
[LLMActionPlayer] API call took 219 ms (model=OPENROUTER size=LARGE)
[LLMActionPlayer] API call took 170 ms (model=OPENROUTER size=LARGE)
[LLMActionPlayer] API call took 255 ms (model=OPENROUTER size=LARGE)
[LLMActionPlayer] API call took 423 ms (model=OPENROUTER size=LARGE)
[LLMActionPlayer] API call took 203 ms (model=OPENROUTER size=LARGE)
[LLMActionPlayer] API call took 237 ms (model=OPENROUTER size=LARGE)
[LLMActionPlayer] API call took 186 ms (model=OPENROUTER size=LARGE)
[LLMActionPlayer] API call took 295 ms (model=OPENROUTER size=LARGE)
[LLMActionPlayer] API call took 168 ms (model=OPENROUTER size=LARGE)
[LOSE_GAME,LOSE_GAME,WIN_GAME,LOSE_GAME]
[LLMActionPlayer] API call took 209 ms (model=OPENROUTER size=LARGE)
[LLMActionPlayer] API call took 184 ms (model=OPENROUTER size=LARGE)
[LLMActionPlayer] API call took 326 ms (model=OPENROUTER size=LARGE)
[LLMActionPlayer] API call took 199 ms (model=OPENROUTER size=LARGE)
[LLMActionPlayer] API call took 218 ms (model=OPENROUTER size=LARGE)
[LLMActionPlayer] API call took 261 ms (model=OPENROUTER size=LARGE)
[LLMActionPlayer] API call took 181 ms (model=OPENROUTER size=LARGE)
[LLMActionPlayer] API call took 239 ms (model=OPENROUTER size=LARGE)
[LLMActionPlayer] API call took 191 ms (model=OPENROUTER size=LARGE)
[LLMActionPlayer] API call took 164 ms (model=OPENROUTER size=LARGE)
[LLMActionPlayer] API call took 152 ms (model=OPENROUTER size=LARGE)
[LLMActionPlayer] API call took 303 ms (model=OPENROUTER size=LARGE)
[LLMActionPlayer] API call took 187 ms (model=OPENROUTER size=LARGE)
[LLMActionPlayer] API call took 160 ms (model=OPENROUTER size=LARGE)
[LLMActionPlayer] API call took 176 ms (model=OPENROUTER size=LARGE)
[LLMActionPlayer] API call took 201 ms (model=OPENROUTER size=LARGE)
[LOSE_GAME,LOSE_GAME,LOSE_GAME,WIN_GAME]
[LLMActionPlayer] API call took 163 ms (model=OPENROUTER size=LARGE)
[LLMActionPlayer] API call took 190 ms (model=OPENROUTER size=LARGE)
[LLMActionPlayer] API call took 191 ms (model=OPENROUTER size=LARGE)
[LLMActionPlayer] API call took 176 ms (model=OPENROUTER size=LARGE)
[LLMActionPlayer] API call took 181 ms (model=OPENROUTER size=LARGE)
[LLMActionPlayer] API call took 188 ms (model=OPENROUTER size=LARGE)
[LLMActionPlayer] API call took 186 ms (model=OPENROUTER size=LARGE)
[LLMActionPlayer] API call took 199 ms (model=OPENROUTER size=LARGE)
[LLMActionPlayer] API call took 189 ms (model=OPENROUTER size=LARGE)
[LLMActionPlayer] API call took 245 ms (model=OPENROUTER size=LARGE)
[LLMActionPlayer] API call took 269 ms (model=OPENROUTER size=LARGE)
[LLMActionPlayer] API call took 177 ms (model=OPENROUTER size=LARGE)
[LLMActionPlayer] API call took 167 ms (model=OPENROUTER size=LARGE)
[LLMActionPlayer] API call took 193 ms (model=OPENROUTER size=LARGE)
[LLMActionPlayer] API call took 152 ms (model=OPENROUTER size=LARGE)
[LLMActionPlayer] API call took 167 ms (model=OPENROUTER size=LARGE)
[LLMActionPlayer] API call took 158 ms (model=OPENROUTER size=LARGE)
[LOSE_GAME,WIN_GAME,LOSE_GAME,LOSE_GAME]
[LLMActionPlayer] API call took 183 ms (model=OPENROUTER size=LARGE)
[LLMActionPlayer] API call took 170 ms (model=OPENROUTER size=LARGE)
[LLMActionPlayer] API call took 185 ms (model=OPENROUTER size=LARGE)
[LLMActionPlayer] API call took 518 ms (model=OPENROUTER size=LARGE)
[LLMActionPlayer] API call took 204 ms (model=OPENROUTER size=LARGE)
[LLMActionPlayer] API call took 406 ms (model=OPENROUTER size=LARGE)
[LLMActionPlayer] API call took 158 ms (model=OPENROUTER size=LARGE)
[WIN_GAME,LOSE_GAME,LOSE_GAME,LOSE_GAME]
[LLMActionPlayer] API call took 192 ms (model=OPENROUTER size=LARGE)
[LLMActionPlayer] API call took 175 ms (model=OPENROUTER size=LARGE)
[LLMActionPlayer] API call took 228 ms (model=OPENROUTER size=LARGE)
[LLMActionPlayer] API call took 172 ms (model=OPENROUTER size=LARGE)
[LLMActionPlayer] API call took 185 ms (model=OPENROUTER size=LARGE)
[LLMActionPlayer] API call took 171 ms (model=OPENROUTER size=LARGE)
[LLMActionPlayer] API call took 178 ms (model=OPENROUTER size=LARGE)
[LLMActionPlayer] API call took 156 ms (model=OPENROUTER size=LARGE)
[LLMActionPlayer] API call took 177 ms (model=OPENROUTER size=LARGE)
[LOSE_GAME,LOSE_GAME,LOSE_GAME,WIN_GAME]
[LLMActionPlayer] API call took 397 ms (model=OPENROUTER size=LARGE)
[LLMActionPlayer] API call took 393 ms (model=OPENROUTER size=LARGE)
[LLMActionPlayer] API call took 448 ms (model=OPENROUTER size=LARGE)
[LLMActionPlayer] API call took 187 ms (model=OPENROUTER size=LARGE)
[LLMActionPlayer] API call took 162 ms (model=OPENROUTER size=LARGE)
[LLMActionPlayer] API call took 215 ms (model=OPENROUTER size=LARGE)
[LLMActionPlayer] API call took 266 ms (model=OPENROUTER size=LARGE)
[LLMActionPlayer] API call took 193 ms (model=OPENROUTER size=LARGE)
[LLMActionPlayer] API call took 200 ms (model=OPENROUTER size=LARGE)
[LLMActionPlayer] API call took 211 ms (model=OPENROUTER size=LARGE)
[LLMActionPlayer] API call took 181 ms (model=OPENROUTER size=LARGE)
[LLMActionPlayer] API call took 224 ms (model=OPENROUTER size=LARGE)
[LLMActionPlayer] API call took 178 ms (model=OPENROUTER size=LARGE)
[LOSE_GAME,LOSE_GAME,WIN_GAME,LOSE_GAME]
[Poker_4P_2,Poker_4P_1,PhaseBasedEnsemblePlayer,Poker_4P_3]
[LLMActionPlayer] API call took 195 ms (model=OPENROUTER size=LARGE)
[LLMActionPlayer] API call took 183 ms (model=OPENROUTER size=LARGE)
[LLMActionPlayer] API call took 182 ms (model=OPENROUTER size=LARGE)
[WIN_GAME,LOSE_GAME,LOSE_GAME,LOSE_GAME]
[LLMActionPlayer] API call took 168 ms (model=OPENROUTER size=LARGE)
[LLMActionPlayer] API call took 180 ms (model=OPENROUTER size=LARGE)
[LLMActionPlayer] API call took 141 ms (model=OPENROUTER size=LARGE)
[LLMActionPlayer] API call took 163 ms (model=OPENROUTER size=LARGE)
[LLMActionPlayer] API call took 202 ms (model=OPENROUTER size=LARGE)
[LLMActionPlayer] API call took 152 ms (model=OPENROUTER size=LARGE)
[LLMActionPlayer] API call took 223 ms (model=OPENROUTER size=LARGE)
[LLMActionPlayer] API call took 243 ms (model=OPENROUTER size=LARGE)
[LLMActionPlayer] API call took 215 ms (model=OPENROUTER size=LARGE)
[LLMActionPlayer] API call took 291 ms (model=OPENROUTER size=LARGE)
[LLMActionPlayer] API call took 242 ms (model=OPENROUTER size=LARGE)
[LOSE_GAME,WIN_GAME,LOSE_GAME,LOSE_GAME]
[LLMActionPlayer] API call took 466 ms (model=OPENROUTER size=LARGE)
[LLMActionPlayer] API call took 206 ms (model=OPENROUTER size=LARGE)
[LLMActionPlayer] API call took 197 ms (model=OPENROUTER size=LARGE)
[LLMActionPlayer] API call took 233 ms (model=OPENROUTER size=LARGE)
[LLMActionPlayer] API call took 226 ms (model=OPENROUTER size=LARGE)
[LLMActionPlayer] API call took 198 ms (model=OPENROUTER size=LARGE)
[LLMActionPlayer] API call took 156 ms (model=OPENROUTER size=LARGE)
[LLMActionPlayer] API call took 442 ms (model=OPENROUTER size=LARGE)
[LLMActionPlayer] API call took 163 ms (model=OPENROUTER size=LARGE)
[LLMActionPlayer] API call took 170 ms (model=OPENROUTER size=LARGE)
[LLMActionPlayer] API call took 207 ms (model=OPENROUTER size=LARGE)
[LLMActionPlayer] API call took 270 ms (model=OPENROUTER size=LARGE)
[LLMActionPlayer] API call took 552 ms (model=OPENROUTER size=LARGE)
[WIN_GAME,LOSE_GAME,LOSE_GAME,LOSE_GAME]
[LLMActionPlayer] API call took 159 ms (model=OPENROUTER size=LARGE)
[LLMActionPlayer] API call took 199 ms (model=OPENROUTER size=LARGE)
[LLMActionPlayer] API call took 383 ms (model=OPENROUTER size=LARGE)
[LLMActionPlayer] API call took 201 ms (model=OPENROUTER size=LARGE)
[LLMActionPlayer] API call took 495 ms (model=OPENROUTER size=LARGE)
[LLMActionPlayer] API call took 205 ms (model=OPENROUTER size=LARGE)
[LLMActionPlayer] API call took 153 ms (model=OPENROUTER size=LARGE)
[LLMActionPlayer] API call took 224 ms (model=OPENROUTER size=LARGE)
[LLMActionPlayer] API call took 199 ms (model=OPENROUTER size=LARGE)
[LLMActionPlayer] API call took 184 ms (model=OPENROUTER size=LARGE)
[LLMActionPlayer] API call took 206 ms (model=OPENROUTER size=LARGE)
[LOSE_GAME,WIN_GAME,LOSE_GAME,LOSE_GAME]
[LLMActionPlayer] API call took 187 ms (model=OPENROUTER size=LARGE)
[LLMActionPlayer] API call took 167 ms (model=OPENROUTER size=LARGE)
[LLMActionPlayer] API call took 196 ms (model=OPENROUTER size=LARGE)
[LLMActionPlayer] API call took 176 ms (model=OPENROUTER size=LARGE)
[LLMActionPlayer] API call took 152 ms (model=OPENROUTER size=LARGE)
[LLMActionPlayer] API call took 249 ms (model=OPENROUTER size=LARGE)
[WIN_GAME,LOSE_GAME,LOSE_GAME,LOSE_GAME]
[LLMActionPlayer] API call took 174 ms (model=OPENROUTER size=LARGE)
[LLMActionPlayer] API call took 471 ms (model=OPENROUTER size=LARGE)
[LLMActionPlayer] API call took 209 ms (model=OPENROUTER size=LARGE)
[LLMActionPlayer] API call took 240 ms (model=OPENROUTER size=LARGE)
[LLMActionPlayer] API call took 425 ms (model=OPENROUTER size=LARGE)
[LLMActionPlayer] API call took 423 ms (model=OPENROUTER size=LARGE)
[LLMActionPlayer] API call took 215 ms (model=OPENROUTER size=LARGE)
[LLMActionPlayer] API call took 198 ms (model=OPENROUTER size=LARGE)
[LLMActionPlayer] API call took 195 ms (model=OPENROUTER size=LARGE)
[LLMActionPlayer] API call took 184 ms (model=OPENROUTER size=LARGE)
[LLMActionPlayer] API call took 227 ms (model=OPENROUTER size=LARGE)
[LLMActionPlayer] API call took 229 ms (model=OPENROUTER size=LARGE)
[LLMActionPlayer] API call took 511 ms (model=OPENROUTER size=LARGE)
[LLMActionPlayer] API call took 218 ms (model=OPENROUTER size=LARGE)
[LLMActionPlayer] API call took 186 ms (model=OPENROUTER size=LARGE)
[LLMActionPlayer] API call took 202 ms (model=OPENROUTER size=LARGE)
[WIN_GAME,LOSE_GAME,LOSE_GAME,LOSE_GAME]
[LLMActionPlayer] API call took 171 ms (model=OPENROUTER size=LARGE)
[LLMActionPlayer] API call took 188 ms (model=OPENROUTER size=LARGE)
[LLMActionPlayer] API call took 158 ms (model=OPENROUTER size=LARGE)
[LLMActionPlayer] API call took 176 ms (model=OPENROUTER size=LARGE)
[LLMActionPlayer] API call took 201 ms (model=OPENROUTER size=LARGE)
[LLMActionPlayer] API call took 162 ms (model=OPENROUTER size=LARGE)
[LLMActionPlayer] API call took 159 ms (model=OPENROUTER size=LARGE)
[LLMActionPlayer] API call took 185 ms (model=OPENROUTER size=LARGE)
[LLMActionPlayer] API call took 133 ms (model=OPENROUTER size=LARGE)
[LLMActionPlayer] API call took 366 ms (model=OPENROUTER size=LARGE)
[LLMActionPlayer] API call took 169 ms (model=OPENROUTER size=LARGE)
[LLMActionPlayer] API call took 193 ms (model=OPENROUTER size=LARGE)
[LLMActionPlayer] API call took 161 ms (model=OPENROUTER size=LARGE)
[LLMActionPlayer] API call took 251 ms (model=OPENROUTER size=LARGE)
[LOSE_GAME,LOSE_GAME,LOSE_GAME,WIN_GAME]
[LLMActionPlayer] API call took 193 ms (model=OPENROUTER size=LARGE)
[LLMActionPlayer] API call took 196 ms (model=OPENROUTER size=LARGE)
[LLMActionPlayer] API call took 218 ms (model=OPENROUTER size=LARGE)
[LLMActionPlayer] API call took 215 ms (model=OPENROUTER size=LARGE)
[LLMActionPlayer] API call took 220 ms (model=OPENROUTER size=LARGE)
[LLMActionPlayer] API call took 145 ms (model=OPENROUTER size=LARGE)
[LLMActionPlayer] API call took 255 ms (model=OPENROUTER size=LARGE)
[LLMActionPlayer] API call took 406 ms (model=OPENROUTER size=LARGE)
[LLMActionPlayer] API call took 199 ms (model=OPENROUTER size=LARGE)
[LLMActionPlayer] API call took 173 ms (model=OPENROUTER size=LARGE)
[LLMActionPlayer] API call took 197 ms (model=OPENROUTER size=LARGE)
[LLMActionPlayer] API call took 295 ms (model=OPENROUTER size=LARGE)
[LOSE_GAME,WIN_GAME,LOSE_GAME,LOSE_GAME]
[Poker_4P_2,Poker_4P_1,Poker_4P_3,PhaseBasedEnsemblePlayer]
[LLMActionPlayer] API call took 170 ms (model=OPENROUTER size=LARGE)
[LLMActionPlayer] API call took 178 ms (model=OPENROUTER size=LARGE)
[LLMActionPlayer] API call took 247 ms (model=OPENROUTER size=LARGE)
[LLMActionPlayer] API call took 379 ms (model=OPENROUTER size=LARGE)
[LLMActionPlayer] API call took 212 ms (model=OPENROUTER size=LARGE)
[LLMActionPlayer] API call took 190 ms (model=OPENROUTER size=LARGE)
[LLMActionPlayer] API call took 213 ms (model=OPENROUTER size=LARGE)
[LOSE_GAME,WIN_GAME,LOSE_GAME,LOSE_GAME]
[LLMActionPlayer] API call took 196 ms (model=OPENROUTER size=LARGE)
[LOSE_GAME,WIN_GAME,LOSE_GAME,LOSE_GAME]
[LLMActionPlayer] API call took 405 ms (model=OPENROUTER size=LARGE)
[LLMActionPlayer] API call took 215 ms (model=OPENROUTER size=LARGE)
[LLMActionPlayer] API call took 191 ms (model=OPENROUTER size=LARGE)
[LLMActionPlayer] API call took 178 ms (model=OPENROUTER size=LARGE)
[LLMActionPlayer] API call took 226 ms (model=OPENROUTER size=LARGE)
[LLMActionPlayer] API call took 220 ms (model=OPENROUTER size=LARGE)
[LLMActionPlayer] API call took 221 ms (model=OPENROUTER size=LARGE)
[LLMActionPlayer] API call took 189 ms (model=OPENROUTER size=LARGE)
[LLMActionPlayer] API call took 220 ms (model=OPENROUTER size=LARGE)
[LOSE_GAME,WIN_GAME,LOSE_GAME,LOSE_GAME]
[LLMActionPlayer] API call took 329 ms (model=OPENROUTER size=LARGE)
[LLMActionPlayer] API call took 144 ms (model=OPENROUTER size=LARGE)
[LLMActionPlayer] API call took 173 ms (model=OPENROUTER size=LARGE)
[LLMActionPlayer] API call took 161 ms (model=OPENROUTER size=LARGE)
[LLMActionPlayer] API call took 232 ms (model=OPENROUTER size=LARGE)
[LLMActionPlayer] API call took 173 ms (model=OPENROUTER size=LARGE)
[LLMActionPlayer] API call took 232 ms (model=OPENROUTER size=LARGE)
[LLMActionPlayer] API call took 543 ms (model=OPENROUTER size=LARGE)
[LLMActionPlayer] API call took 299 ms (model=OPENROUTER size=LARGE)
[LLMActionPlayer] API call took 357 ms (model=OPENROUTER size=LARGE)
[LLMActionPlayer] API call took 198 ms (model=OPENROUTER size=LARGE)
[LLMActionPlayer] API call took 272 ms (model=OPENROUTER size=LARGE)
[LLMActionPlayer] API call took 201 ms (model=OPENROUTER size=LARGE)
[LLMActionPlayer] API call took 172 ms (model=OPENROUTER size=LARGE)
[LLMActionPlayer] API call took 154 ms (model=OPENROUTER size=LARGE)
[LOSE_GAME,LOSE_GAME,WIN_GAME,LOSE_GAME]
[LLMActionPlayer] API call took 265 ms (model=OPENROUTER size=LARGE)
[LLMActionPlayer] API call took 442 ms (model=OPENROUTER size=LARGE)
[LLMActionPlayer] API call took 161 ms (model=OPENROUTER size=LARGE)
[LLMActionPlayer] API call took 201 ms (model=OPENROUTER size=LARGE)
[LLMActionPlayer] API call took 299 ms (model=OPENROUTER size=LARGE)
[LLMActionPlayer] API call took 506 ms (model=OPENROUTER size=LARGE)
[LLMActionPlayer] API call took 148 ms (model=OPENROUTER size=LARGE)
[LLMActionPlayer] API call took 180 ms (model=OPENROUTER size=LARGE)
[LLMActionPlayer] API call took 246 ms (model=OPENROUTER size=LARGE)
[LOSE_GAME,WIN_GAME,LOSE_GAME,LOSE_GAME]
[LLMActionPlayer] API call took 153 ms (model=OPENROUTER size=LARGE)
[LLMActionPlayer] API call took 423 ms (model=OPENROUTER size=LARGE)
[LLMActionPlayer] API call took 205 ms (model=OPENROUTER size=LARGE)
[LLMActionPlayer] API call took 194 ms (model=OPENROUTER size=LARGE)
[LLMActionPlayer] API call took 212 ms (model=OPENROUTER size=LARGE)
[LLMActionPlayer] API call took 177 ms (model=OPENROUTER size=LARGE)
[LLMActionPlayer] API call took 237 ms (model=OPENROUTER size=LARGE)
[LLMActionPlayer] API call took 193 ms (model=OPENROUTER size=LARGE)
[LLMActionPlayer] API call took 466 ms (model=OPENROUTER size=LARGE)
[LLMActionPlayer] API call took 532 ms (model=OPENROUTER size=LARGE)
[LLMActionPlayer] API call took 217 ms (model=OPENROUTER size=LARGE)
[LLMActionPlayer] API call took 197 ms (model=OPENROUTER size=LARGE)
[LOSE_GAME,LOSE_GAME,WIN_GAME,LOSE_GAME]
[LLMActionPlayer] API call took 168 ms (model=OPENROUTER size=LARGE)
[LLMActionPlayer] API call took 225 ms (model=OPENROUTER size=LARGE)
[LLMActionPlayer] API call took 151 ms (model=OPENROUTER size=LARGE)
[LOSE_GAME,WIN_GAME,LOSE_GAME,LOSE_GAME]
[LLMActionPlayer] API call took 174 ms (model=OPENROUTER size=LARGE)
[LLMActionPlayer] API call took 224 ms (model=OPENROUTER size=LARGE)
[LOSE_GAME,WIN_GAME,LOSE_GAME,LOSE_GAME]
[Poker_4P_2,Poker_4P_3,PhaseBasedEnsemblePlayer,Poker_4P_1]
[LLMActionPlayer] API call took 161 ms (model=OPENROUTER size=LARGE)
[WIN_GAME,LOSE_GAME,LOSE_GAME,LOSE_GAME]
[LLMActionPlayer] API call took 159 ms (model=OPENROUTER size=LARGE)
[LLMActionPlayer] API call took 139 ms (model=OPENROUTER size=LARGE)
[LLMActionPlayer] API call took 191 ms (model=OPENROUTER size=LARGE)
[LLMActionPlayer] API call took 187 ms (model=OPENROUTER size=LARGE)
[LOSE_GAME,WIN_GAME,LOSE_GAME,LOSE_GAME]
[LLMActionPlayer] API call took 185 ms (model=OPENROUTER size=LARGE)
[LLMActionPlayer] API call took 170 ms (model=OPENROUTER size=LARGE)
[LLMActionPlayer] API call took 374 ms (model=OPENROUTER size=LARGE)
[LLMActionPlayer] API call took 176 ms (model=OPENROUTER size=LARGE)
[LLMActionPlayer] API call took 155 ms (model=OPENROUTER size=LARGE)
[LLMActionPlayer] API call took 292 ms (model=OPENROUTER size=LARGE)
[LLMActionPlayer] API call took 200 ms (model=OPENROUTER size=LARGE)
[LLMActionPlayer] API call took 173 ms (model=OPENROUTER size=LARGE)
[LLMActionPlayer] API call took 190 ms (model=OPENROUTER size=LARGE)
[LLMActionPlayer] API call took 147 ms (model=OPENROUTER size=LARGE)
[LLMActionPlayer] API call took 499 ms (model=OPENROUTER size=LARGE)
[LLMActionPlayer] API call took 196 ms (model=OPENROUTER size=LARGE)
[LLMActionPlayer] API call took 382 ms (model=OPENROUTER size=LARGE)
[LLMActionPlayer] API call took 526 ms (model=OPENROUTER size=LARGE)
[LLMActionPlayer] API call took 207 ms (model=OPENROUTER size=LARGE)
[LLMActionPlayer] API call took 141 ms (model=OPENROUTER size=LARGE)
[LLMActionPlayer] API call took 179 ms (model=OPENROUTER size=LARGE)
[LOSE_GAME,WIN_GAME,LOSE_GAME,LOSE_GAME]
[LLMActionPlayer] API call took 203 ms (model=OPENROUTER size=LARGE)
[LLMActionPlayer] API call took 145 ms (model=OPENROUTER size=LARGE)
[LLMActionPlayer] API call took 278 ms (model=OPENROUTER size=LARGE)
[LLMActionPlayer] API call took 159 ms (model=OPENROUTER size=LARGE)
[LLMActionPlayer] API call took 173 ms (model=OPENROUTER size=LARGE)
[LLMActionPlayer] API call took 238 ms (model=OPENROUTER size=LARGE)
[LLMActionPlayer] API call took 183 ms (model=OPENROUTER size=LARGE)
[LLMActionPlayer] API call took 199 ms (model=OPENROUTER size=LARGE)
[LLMActionPlayer] API call took 160 ms (model=OPENROUTER size=LARGE)
[LLMActionPlayer] API call took 155 ms (model=OPENROUTER size=LARGE)
[LLMActionPlayer] API call took 755 ms (model=OPENROUTER size=LARGE)
[LLMActionPlayer] API call took 192 ms (model=OPENROUTER size=LARGE)
[LLMActionPlayer] API call took 329 ms (model=OPENROUTER size=LARGE)
[LLMActionPlayer] API call took 198 ms (model=OPENROUTER size=LARGE)
[LLMActionPlayer] API call took 193 ms (model=OPENROUTER size=LARGE)
[LLMActionPlayer] API call took 183 ms (model=OPENROUTER size=LARGE)
[LOSE_GAME,LOSE_GAME,LOSE_GAME,WIN_GAME]
[LLMActionPlayer] API call took 501 ms (model=OPENROUTER size=LARGE)
[LLMActionPlayer] API call took 133 ms (model=OPENROUTER size=LARGE)
[LLMActionPlayer] API call took 148 ms (model=OPENROUTER size=LARGE)
[LLMActionPlayer] API call took 169 ms (model=OPENROUTER size=LARGE)
[LLMActionPlayer] API call took 170 ms (model=OPENROUTER size=LARGE)
[LLMActionPlayer] API call took 453 ms (model=OPENROUTER size=LARGE)
[LLMActionPlayer] API call took 211 ms (model=OPENROUTER size=LARGE)
[LLMActionPlayer] API call took 150 ms (model=OPENROUTER size=LARGE)
[LLMActionPlayer] API call took 199 ms (model=OPENROUTER size=LARGE)
[LLMActionPlayer] API call took 194 ms (model=OPENROUTER size=LARGE)
[LLMActionPlayer] API call took 158 ms (model=OPENROUTER size=LARGE)
[LLMActionPlayer] API call took 163 ms (model=OPENROUTER size=LARGE)
[LLMActionPlayer] API call took 148 ms (model=OPENROUTER size=LARGE)
[LLMActionPlayer] API call took 271 ms (model=OPENROUTER size=LARGE)
[LLMActionPlayer] API call took 126 ms (model=OPENROUTER size=LARGE)
[LLMActionPlayer] API call took 353 ms (model=OPENROUTER size=LARGE)
[LOSE_GAME,LOSE_GAME,LOSE_GAME,WIN_GAME]
[LLMActionPlayer] API call took 491 ms (model=OPENROUTER size=LARGE)
[LLMActionPlayer] API call took 233 ms (model=OPENROUTER size=LARGE)
[LLMActionPlayer] API call took 148 ms (model=OPENROUTER size=LARGE)
[LLMActionPlayer] API call took 185 ms (model=OPENROUTER size=LARGE)
[LLMActionPlayer] API call took 207 ms (model=OPENROUTER size=LARGE)
[LLMActionPlayer] API call took 273 ms (model=OPENROUTER size=LARGE)
[LOSE_GAME,LOSE_GAME,LOSE_GAME,WIN_GAME]
[LLMActionPlayer] API call took 184 ms (model=OPENROUTER size=LARGE)
[LLMActionPlayer] API call took 205 ms (model=OPENROUTER size=LARGE)
[LLMActionPlayer] API call took 168 ms (model=OPENROUTER size=LARGE)
[LLMActionPlayer] API call took 168 ms (model=OPENROUTER size=LARGE)
[LLMActionPlayer] API call took 189 ms (model=OPENROUTER size=LARGE)
[LLMActionPlayer] API call took 181 ms (model=OPENROUTER size=LARGE)
[LLMActionPlayer] API call took 147 ms (model=OPENROUTER size=LARGE)
[LLMActionPlayer] API call took 162 ms (model=OPENROUTER size=LARGE)
[LLMActionPlayer] API call took 214 ms (model=OPENROUTER size=LARGE)
[LOSE_GAME,LOSE_GAME,LOSE_GAME,WIN_GAME]
[LLMActionPlayer] API call took 210 ms (model=OPENROUTER size=LARGE)
[LLMActionPlayer] API call took 384 ms (model=OPENROUTER size=LARGE)
[LLMActionPlayer] API call took 491 ms (model=OPENROUTER size=LARGE)
[LLMActionPlayer] API call took 181 ms (model=OPENROUTER size=LARGE)
[LOSE_GAME,WIN_GAME,LOSE_GAME,LOSE_GAME]
[Poker_4P_2,Poker_4P_3,Poker_4P_1,PhaseBasedEnsemblePlayer]
[LLMActionPlayer] API call took 202 ms (model=OPENROUTER size=LARGE)
[LLMActionPlayer] API call took 253 ms (model=OPENROUTER size=LARGE)
[LOSE_GAME,LOSE_GAME,LOSE_GAME,WIN_GAME]
[LLMActionPlayer] API call took 127 ms (model=OPENROUTER size=LARGE)
[LLMActionPlayer] API call took 208 ms (model=OPENROUTER size=LARGE)
[LLMActionPlayer] API call took 139 ms (model=OPENROUTER size=LARGE)
[LLMActionPlayer] API call took 252 ms (model=OPENROUTER size=LARGE)
[WIN_GAME,LOSE_GAME,LOSE_GAME,LOSE_GAME]
[LLMActionPlayer] API call took 189 ms (model=OPENROUTER size=LARGE)
[LLMActionPlayer] API call took 310 ms (model=OPENROUTER size=LARGE)
[LLMActionPlayer] API call took 144 ms (model=OPENROUTER size=LARGE)
[LLMActionPlayer] API call took 223 ms (model=OPENROUTER size=LARGE)
[LLMActionPlayer] API call took 177 ms (model=OPENROUTER size=LARGE)
[LLMActionPlayer] API call took 222 ms (model=OPENROUTER size=LARGE)
[LLMActionPlayer] API call took 139 ms (model=OPENROUTER size=LARGE)
[LLMActionPlayer] API call took 219 ms (model=OPENROUTER size=LARGE)
[LLMActionPlayer] API call took 226 ms (model=OPENROUTER size=LARGE)
[LOSE_GAME,WIN_GAME,LOSE_GAME,LOSE_GAME]
[LLMActionPlayer] API call took 180 ms (model=OPENROUTER size=LARGE)
[LLMActionPlayer] API call took 244 ms (model=OPENROUTER size=LARGE)
[LLMActionPlayer] API call took 198 ms (model=OPENROUTER size=LARGE)
[LLMActionPlayer] API call took 196 ms (model=OPENROUTER size=LARGE)
[LLMActionPlayer] API call took 423 ms (model=OPENROUTER size=LARGE)
[LLMActionPlayer] API call took 216 ms (model=OPENROUTER size=LARGE)
[LLMActionPlayer] API call took 195 ms (model=OPENROUTER size=LARGE)
[LLMActionPlayer] API call took 267 ms (model=OPENROUTER size=LARGE)
[LLMActionPlayer] API call took 458 ms (model=OPENROUTER size=LARGE)
[LLMActionPlayer] API call took 173 ms (model=OPENROUTER size=LARGE)
[LLMActionPlayer] API call took 139 ms (model=OPENROUTER size=LARGE)
[LLMActionPlayer] API call took 181 ms (model=OPENROUTER size=LARGE)
[LLMActionPlayer] API call took 163 ms (model=OPENROUTER size=LARGE)
[LLMActionPlayer] API call took 494 ms (model=OPENROUTER size=LARGE)
[LLMActionPlayer] API call took 220 ms (model=OPENROUTER size=LARGE)
[LOSE_GAME,WIN_GAME,LOSE_GAME,LOSE_GAME]
[LLMActionPlayer] API call took 179 ms (model=OPENROUTER size=LARGE)
[LLMActionPlayer] API call took 182 ms (model=OPENROUTER size=LARGE)
[LLMActionPlayer] API call took 510 ms (model=OPENROUTER size=LARGE)
[LLMActionPlayer] API call took 152 ms (model=OPENROUTER size=LARGE)
[LLMActionPlayer] API call took 227 ms (model=OPENROUTER size=LARGE)
[LLMActionPlayer] API call took 163 ms (model=OPENROUTER size=LARGE)
[LLMActionPlayer] API call took 253 ms (model=OPENROUTER size=LARGE)
[LOSE_GAME,WIN_GAME,LOSE_GAME,LOSE_GAME]
[LLMActionPlayer] API call took 197 ms (model=OPENROUTER size=LARGE)
[LLMActionPlayer] API call took 203 ms (model=OPENROUTER size=LARGE)
[LLMActionPlayer] API call took 195 ms (model=OPENROUTER size=LARGE)
[LLMActionPlayer] API call took 235 ms (model=OPENROUTER size=LARGE)
[LLMActionPlayer] API call took 183 ms (model=OPENROUTER size=LARGE)
[LOSE_GAME,LOSE_GAME,WIN_GAME,LOSE_GAME]
[LLMActionPlayer] API call took 248 ms (model=OPENROUTER size=LARGE)
[LLMActionPlayer] API call took 231 ms (model=OPENROUTER size=LARGE)
[LLMActionPlayer] API call took 218 ms (model=OPENROUTER size=LARGE)
[LLMActionPlayer] API call took 510 ms (model=OPENROUTER size=LARGE)
[LLMActionPlayer] API call took 156 ms (model=OPENROUTER size=LARGE)
[LLMActionPlayer] API call took 190 ms (model=OPENROUTER size=LARGE)
[LLMActionPlayer] API call took 189 ms (model=OPENROUTER size=LARGE)
[LOSE_GAME,LOSE_GAME,WIN_GAME,LOSE_GAME]
[LLMActionPlayer] API call took 231 ms (model=OPENROUTER size=LARGE)
[LLMActionPlayer] API call took 198 ms (model=OPENROUTER size=LARGE)
[LOSE_GAME,WIN_GAME,LOSE_GAME,LOSE_GAME]
[Poker_4P_3,PhaseBasedEnsemblePlayer,Poker_4P_1,Poker_4P_2]
[LLMActionPlayer] API call took 504 ms (model=OPENROUTER size=LARGE)
[LLMActionPlayer] API call took 184 ms (model=OPENROUTER size=LARGE)
[LLMActionPlayer] API call took 179 ms (model=OPENROUTER size=LARGE)
[LLMActionPlayer] API call took 147 ms (model=OPENROUTER size=LARGE)
[WIN_GAME,LOSE_GAME,LOSE_GAME,LOSE_GAME]
[LLMActionPlayer] API call took 154 ms (model=OPENROUTER size=LARGE)
[LLMActionPlayer] API call took 185 ms (model=OPENROUTER size=LARGE)
[LLMActionPlayer] API call took 177 ms (model=OPENROUTER size=LARGE)
[LLMActionPlayer] API call took 180 ms (model=OPENROUTER size=LARGE)
[LLMActionPlayer] API call took 630 ms (model=OPENROUTER size=LARGE)
[LLMActionPlayer] API call took 242 ms (model=OPENROUTER size=LARGE)
[LLMActionPlayer] API call took 185 ms (model=OPENROUTER size=LARGE)
[LLMActionPlayer] API call took 219 ms (model=OPENROUTER size=LARGE)
[LLMActionPlayer] API call took 161 ms (model=OPENROUTER size=LARGE)
[LLMActionPlayer] API call took 183 ms (model=OPENROUTER size=LARGE)
[LLMActionPlayer] API call took 207 ms (model=OPENROUTER size=LARGE)
[LOSE_GAME,LOSE_GAME,WIN_GAME,LOSE_GAME]
[LLMActionPlayer] API call took 160 ms (model=OPENROUTER size=LARGE)
[LOSE_GAME,LOSE_GAME,LOSE_GAME,WIN_GAME]
[LLMActionPlayer] API call took 192 ms (model=OPENROUTER size=LARGE)
[LLMActionPlayer] API call took 213 ms (model=OPENROUTER size=LARGE)
[LLMActionPlayer] API call took 193 ms (model=OPENROUTER size=LARGE)
[LLMActionPlayer] API call took 173 ms (model=OPENROUTER size=LARGE)
[LLMActionPlayer] API call took 147 ms (model=OPENROUTER size=LARGE)
[LLMActionPlayer] API call took 173 ms (model=OPENROUTER size=LARGE)
[LLMActionPlayer] API call took 196 ms (model=OPENROUTER size=LARGE)
[LLMActionPlayer] API call took 159 ms (model=OPENROUTER size=LARGE)
[LLMActionPlayer] API call took 186 ms (model=OPENROUTER size=LARGE)
[LLMActionPlayer] API call took 190 ms (model=OPENROUTER size=LARGE)
[LOSE_GAME,LOSE_GAME,WIN_GAME,LOSE_GAME]
[LLMActionPlayer] API call took 175 ms (model=OPENROUTER size=LARGE)
[LLMActionPlayer] API call took 324 ms (model=OPENROUTER size=LARGE)
[LLMActionPlayer] API call took 175 ms (model=OPENROUTER size=LARGE)
[LLMActionPlayer] API call took 182 ms (model=OPENROUTER size=LARGE)
[LLMActionPlayer] API call took 195 ms (model=OPENROUTER size=LARGE)
[LLMActionPlayer] API call took 146 ms (model=OPENROUTER size=LARGE)
[LLMActionPlayer] API call took 177 ms (model=OPENROUTER size=LARGE)
[LOSE_GAME,LOSE_GAME,WIN_GAME,LOSE_GAME]
[LLMActionPlayer] API call took 171 ms (model=OPENROUTER size=LARGE)
[LLMActionPlayer] API call took 195 ms (model=OPENROUTER size=LARGE)
[LLMActionPlayer] API call took 189 ms (model=OPENROUTER size=LARGE)
[LLMActionPlayer] API call took 212 ms (model=OPENROUTER size=LARGE)
[LLMActionPlayer] API call took 186 ms (model=OPENROUTER size=LARGE)
[LLMActionPlayer] API call took 371 ms (model=OPENROUTER size=LARGE)
[LLMActionPlayer] API call took 197 ms (model=OPENROUTER size=LARGE)
[LOSE_GAME,LOSE_GAME,WIN_GAME,LOSE_GAME]
[LLMActionPlayer] API call took 163 ms (model=OPENROUTER size=LARGE)
[LLMActionPlayer] API call took 206 ms (model=OPENROUTER size=LARGE)
[LLMActionPlayer] API call took 206 ms (model=OPENROUTER size=LARGE)
[LLMActionPlayer] API call took 298 ms (model=OPENROUTER size=LARGE)
[LLMActionPlayer] API call took 176 ms (model=OPENROUTER size=LARGE)
[LLMActionPlayer] API call took 188 ms (model=OPENROUTER size=LARGE)
[LLMActionPlayer] API call took 183 ms (model=OPENROUTER size=LARGE)
[WIN_GAME,LOSE_GAME,LOSE_GAME,LOSE_GAME]
[LLMActionPlayer] API call took 213 ms (model=OPENROUTER size=LARGE)
[LLMActionPlayer] API call took 245 ms (model=OPENROUTER size=LARGE)
[LLMActionPlayer] API call took 164 ms (model=OPENROUTER size=LARGE)
[LLMActionPlayer] API call took 743 ms (model=OPENROUTER size=LARGE)
[LLMActionPlayer] API call took 259 ms (model=OPENROUTER size=LARGE)
[LLMActionPlayer] API call took 213 ms (model=OPENROUTER size=LARGE)
[LOSE_GAME,WIN_GAME,LOSE_GAME,LOSE_GAME]
[Poker_4P_3,PhaseBasedEnsemblePlayer,Poker_4P_2,Poker_4P_1]
[LLMActionPlayer] API call took 218 ms (model=OPENROUTER size=LARGE)
[LLMActionPlayer] API call took 224 ms (model=OPENROUTER size=LARGE)
[LLMActionPlayer] API call took 205 ms (model=OPENROUTER size=LARGE)
[LLMActionPlayer] API call took 203 ms (model=OPENROUTER size=LARGE)
[LLMActionPlayer] API call took 170 ms (model=OPENROUTER size=LARGE)
[LLMActionPlayer] API call took 208 ms (model=OPENROUTER size=LARGE)
[WIN_GAME,LOSE_GAME,LOSE_GAME,LOSE_GAME]
[LLMActionPlayer] API call took 243 ms (model=OPENROUTER size=LARGE)
[LLMActionPlayer] API call took 477 ms (model=OPENROUTER size=LARGE)
[LLMActionPlayer] API call took 177 ms (model=OPENROUTER size=LARGE)
[LLMActionPlayer] API call took 180 ms (model=OPENROUTER size=LARGE)
[LLMActionPlayer] API call took 373 ms (model=OPENROUTER size=LARGE)
[LLMActionPlayer] API call took 163 ms (model=OPENROUTER size=LARGE)
[LLMActionPlayer] API call took 250 ms (model=OPENROUTER size=LARGE)
[LLMActionPlayer] API call took 524 ms (model=OPENROUTER size=LARGE)
[LLMActionPlayer] API call took 182 ms (model=OPENROUTER size=LARGE)
[LLMActionPlayer] API call took 199 ms (model=OPENROUTER size=LARGE)
[LLMActionPlayer] API call took 161 ms (model=OPENROUTER size=LARGE)
[LLMActionPlayer] API call took 160 ms (model=OPENROUTER size=LARGE)
[LLMActionPlayer] API call took 177 ms (model=OPENROUTER size=LARGE)
[LLMActionPlayer] API call took 207 ms (model=OPENROUTER size=LARGE)
[LLMActionPlayer] API call took 228 ms (model=OPENROUTER size=LARGE)
[LOSE_GAME,LOSE_GAME,WIN_GAME,LOSE_GAME]
[LLMActionPlayer] API call took 149 ms (model=OPENROUTER size=LARGE)
[LOSE_GAME,LOSE_GAME,WIN_GAME,LOSE_GAME]
[LLMActionPlayer] API call took 167 ms (model=OPENROUTER size=LARGE)
[LLMActionPlayer] API call took 180 ms (model=OPENROUTER size=LARGE)
[LLMActionPlayer] API call took 201 ms (model=OPENROUTER size=LARGE)
[LLMActionPlayer] API call took 210 ms (model=OPENROUTER size=LARGE)
[LLMActionPlayer] API call took 160 ms (model=OPENROUTER size=LARGE)
[LLMActionPlayer] API call took 189 ms (model=OPENROUTER size=LARGE)
[LOSE_GAME,LOSE_GAME,WIN_GAME,LOSE_GAME]
[LLMActionPlayer] API call took 169 ms (model=OPENROUTER size=LARGE)
[LLMActionPlayer] API call took 140 ms (model=OPENROUTER size=LARGE)
[LLMActionPlayer] API call took 199 ms (model=OPENROUTER size=LARGE)
[LLMActionPlayer] API call took 167 ms (model=OPENROUTER size=LARGE)
[LLMActionPlayer] API call took 139 ms (model=OPENROUTER size=LARGE)
[LLMActionPlayer] API call took 409 ms (model=OPENROUTER size=LARGE)
[LLMActionPlayer] API call took 153 ms (model=OPENROUTER size=LARGE)
[LLMActionPlayer] API call took 188 ms (model=OPENROUTER size=LARGE)
[LLMActionPlayer] API call took 210 ms (model=OPENROUTER size=LARGE)
[LLMActionPlayer] API call took 201 ms (model=OPENROUTER size=LARGE)
[LLMActionPlayer] API call took 135 ms (model=OPENROUTER size=LARGE)
[LLMActionPlayer] API call took 201 ms (model=OPENROUTER size=LARGE)
[LLMActionPlayer] API call took 412 ms (model=OPENROUTER size=LARGE)
[LLMActionPlayer] API call took 131 ms (model=OPENROUTER size=LARGE)
[LLMActionPlayer] API call took 157 ms (model=OPENROUTER size=LARGE)
[LLMActionPlayer] API call took 514 ms (model=OPENROUTER size=LARGE)
[LLMActionPlayer] API call took 207 ms (model=OPENROUTER size=LARGE)
[LLMActionPlayer] API call took 392 ms (model=OPENROUTER size=LARGE)
[LOSE_GAME,LOSE_GAME,WIN_GAME,LOSE_GAME]
[LLMActionPlayer] API call took 201 ms (model=OPENROUTER size=LARGE)
[LLMActionPlayer] API call took 134 ms (model=OPENROUTER size=LARGE)
[LLMActionPlayer] API call took 176 ms (model=OPENROUTER size=LARGE)
[LLMActionPlayer] API call took 153 ms (model=OPENROUTER size=LARGE)
[WIN_GAME,LOSE_GAME,LOSE_GAME,LOSE_GAME]
[LLMActionPlayer] API call took 163 ms (model=OPENROUTER size=LARGE)
[LLMActionPlayer] API call took 211 ms (model=OPENROUTER size=LARGE)
[LLMActionPlayer] API call took 174 ms (model=OPENROUTER size=LARGE)
[LLMActionPlayer] API call took 176 ms (model=OPENROUTER size=LARGE)
[LLMActionPlayer] API call took 166 ms (model=OPENROUTER size=LARGE)
[LLMActionPlayer] API call took 244 ms (model=OPENROUTER size=LARGE)
[LLMActionPlayer] API call took 174 ms (model=OPENROUTER size=LARGE)
[LLMActionPlayer] API call took 160 ms (model=OPENROUTER size=LARGE)
[LLMActionPlayer] API call took 156 ms (model=OPENROUTER size=LARGE)
[LLMActionPlayer] API call took 159 ms (model=OPENROUTER size=LARGE)
[LLMActionPlayer] API call took 208 ms (model=OPENROUTER size=LARGE)
[LLMActionPlayer] API call took 202 ms (model=OPENROUTER size=LARGE)
[LLMActionPlayer] API call took 192 ms (model=OPENROUTER size=LARGE)
[LLMActionPlayer] API call took 159 ms (model=OPENROUTER size=LARGE)
[LLMActionPlayer] API call took 146 ms (model=OPENROUTER size=LARGE)
[LLMActionPlayer] API call took 176 ms (model=OPENROUTER size=LARGE)
[LLMActionPlayer] API call took 205 ms (model=OPENROUTER size=LARGE)
[LLMActionPlayer] API call took 180 ms (model=OPENROUTER size=LARGE)
[LLMActionPlayer] API call took 222 ms (model=OPENROUTER size=LARGE)
[LLMActionPlayer] API call took 170 ms (model=OPENROUTER size=LARGE)
[LLMActionPlayer] API call took 156 ms (model=OPENROUTER size=LARGE)
[LOSE_GAME,LOSE_GAME,LOSE_GAME,WIN_GAME]
[LLMActionPlayer] API call took 313 ms (model=OPENROUTER size=LARGE)
[LLMActionPlayer] API call took 250 ms (model=OPENROUTER size=LARGE)
[LLMActionPlayer] API call took 252 ms (model=OPENROUTER size=LARGE)
[LLMActionPlayer] API call took 246 ms (model=OPENROUTER size=LARGE)
[LLMActionPlayer] API call took 157 ms (model=OPENROUTER size=LARGE)
[LLMActionPlayer] API call took 151 ms (model=OPENROUTER size=LARGE)
[LLMActionPlayer] API call took 221 ms (model=OPENROUTER size=LARGE)
[LLMActionPlayer] API call took 200 ms (model=OPENROUTER size=LARGE)
[LLMActionPlayer] API call took 197 ms (model=OPENROUTER size=LARGE)
[LLMActionPlayer] API call took 140 ms (model=OPENROUTER size=LARGE)
[LLMActionPlayer] API call took 223 ms (model=OPENROUTER size=LARGE)
[LLMActionPlayer] API call took 236 ms (model=OPENROUTER size=LARGE)
[LLMActionPlayer] API call took 226 ms (model=OPENROUTER size=LARGE)
[LLMActionPlayer] API call took 176 ms (model=OPENROUTER size=LARGE)
[LLMActionPlayer] API call took 170 ms (model=OPENROUTER size=LARGE)
[LLMActionPlayer] API call took 180 ms (model=OPENROUTER size=LARGE)
[LLMActionPlayer] API call took 253 ms (model=OPENROUTER size=LARGE)
[LLMActionPlayer] API call took 263 ms (model=OPENROUTER size=LARGE)
[LLMActionPlayer] API call took 167 ms (model=OPENROUTER size=LARGE)
[LLMActionPlayer] API call took 166 ms (model=OPENROUTER size=LARGE)
[LLMActionPlayer] API call took 213 ms (model=OPENROUTER size=LARGE)
[LLMActionPlayer] API call took 183 ms (model=OPENROUTER size=LARGE)
[LOSE_GAME,WIN_GAME,LOSE_GAME,LOSE_GAME]
[Poker_4P_3,Poker_4P_1,PhaseBasedEnsemblePlayer,Poker_4P_2]
[LLMActionPlayer] API call took 507 ms (model=OPENROUTER size=LARGE)
[WIN_GAME,LOSE_GAME,LOSE_GAME,LOSE_GAME]
[LLMActionPlayer] API call took 195 ms (model=OPENROUTER size=LARGE)
[LLMActionPlayer] API call took 346 ms (model=OPENROUTER size=LARGE)
[LLMActionPlayer] API call took 214 ms (model=OPENROUTER size=LARGE)
[LLMActionPlayer] API call took 200 ms (model=OPENROUTER size=LARGE)
[LLMActionPlayer] API call took 231 ms (model=OPENROUTER size=LARGE)
[LLMActionPlayer] API call took 179 ms (model=OPENROUTER size=LARGE)
[LLMActionPlayer] API call took 201 ms (model=OPENROUTER size=LARGE)
[LLMActionPlayer] API call took 234 ms (model=OPENROUTER size=LARGE)
[LLMActionPlayer] API call took 184 ms (model=OPENROUTER size=LARGE)
[LLMActionPlayer] API call took 431 ms (model=OPENROUTER size=LARGE)
[LLMActionPlayer] API call took 192 ms (model=OPENROUTER size=LARGE)
[LLMActionPlayer] API call took 343 ms (model=OPENROUTER size=LARGE)
[LOSE_GAME,WIN_GAME,LOSE_GAME,LOSE_GAME]
[LLMActionPlayer] API call took 171 ms (model=OPENROUTER size=LARGE)
[LLMActionPlayer] API call took 190 ms (model=OPENROUTER size=LARGE)
[LLMActionPlayer] API call took 182 ms (model=OPENROUTER size=LARGE)
[LLMActionPlayer] API call took 208 ms (model=OPENROUTER size=LARGE)
[LLMActionPlayer] API call took 230 ms (model=OPENROUTER size=LARGE)
[LLMActionPlayer] API call took 171 ms (model=OPENROUTER size=LARGE)
[LLMActionPlayer] API call took 185 ms (model=OPENROUTER size=LARGE)
[LLMActionPlayer] API call took 164 ms (model=OPENROUTER size=LARGE)
[LLMActionPlayer] API call took 190 ms (model=OPENROUTER size=LARGE)
[LLMActionPlayer] API call took 198 ms (model=OPENROUTER size=LARGE)
[LLMActionPlayer] API call took 215 ms (model=OPENROUTER size=LARGE)
[LLMActionPlayer] API call took 167 ms (model=OPENROUTER size=LARGE)
[LLMActionPlayer] API call took 160 ms (model=OPENROUTER size=LARGE)
[LLMActionPlayer] API call took 327 ms (model=OPENROUTER size=LARGE)
[LLMActionPlayer] API call took 192 ms (model=OPENROUTER size=LARGE)
[LLMActionPlayer] API call took 200 ms (model=OPENROUTER size=LARGE)
[LOSE_GAME,WIN_GAME,LOSE_GAME,LOSE_GAME]
[LLMActionPlayer] API call took 164 ms (model=OPENROUTER size=LARGE)
[LLMActionPlayer] API call took 157 ms (model=OPENROUTER size=LARGE)
[LLMActionPlayer] API call took 196 ms (model=OPENROUTER size=LARGE)
[LLMActionPlayer] API call took 144 ms (model=OPENROUTER size=LARGE)
[LLMActionPlayer] API call took 204 ms (model=OPENROUTER size=LARGE)
[LLMActionPlayer] API call took 217 ms (model=OPENROUTER size=LARGE)
[LLMActionPlayer] API call took 454 ms (model=OPENROUTER size=LARGE)
[LOSE_GAME,WIN_GAME,LOSE_GAME,LOSE_GAME]
[LLMActionPlayer] API call took 621 ms (model=OPENROUTER size=LARGE)
[LLMActionPlayer] API call took 210 ms (model=OPENROUTER size=LARGE)
[LLMActionPlayer] API call took 184 ms (model=OPENROUTER size=LARGE)
[LLMActionPlayer] API call took 168 ms (model=OPENROUTER size=LARGE)
[LLMActionPlayer] API call took 208 ms (model=OPENROUTER size=LARGE)
[LLMActionPlayer] API call took 179 ms (model=OPENROUTER size=LARGE)
[LOSE_GAME,LOSE_GAME,LOSE_GAME,WIN_GAME]
[LLMActionPlayer] API call took 155 ms (model=OPENROUTER size=LARGE)
[LOSE_GAME,WIN_GAME,LOSE_GAME,LOSE_GAME]
[LLMActionPlayer] API call took 195 ms (model=OPENROUTER size=LARGE)
[LLMActionPlayer] API call took 588 ms (model=OPENROUTER size=LARGE)
[LLMActionPlayer] API call took 187 ms (model=OPENROUTER size=LARGE)
[LLMActionPlayer] API call took 193 ms (model=OPENROUTER size=LARGE)
[LLMActionPlayer] API call took 183 ms (model=OPENROUTER size=LARGE)
[LLMActionPlayer] API call took 388 ms (model=OPENROUTER size=LARGE)
[LLMActionPlayer] API call took 178 ms (model=OPENROUTER size=LARGE)
[WIN_GAME,LOSE_GAME,LOSE_GAME,LOSE_GAME]
[LLMActionPlayer] API call took 164 ms (model=OPENROUTER size=LARGE)
[LOSE_GAME,WIN_GAME,LOSE_GAME,LOSE_GAME]
[Poker_4P_3,Poker_4P_1,Poker_4P_2,PhaseBasedEnsemblePlayer]
[LLMActionPlayer] API call took 179 ms (model=OPENROUTER size=LARGE)
[LLMActionPlayer] API call took 180 ms (model=OPENROUTER size=LARGE)
[LLMActionPlayer] API call took 146 ms (model=OPENROUTER size=LARGE)
[LOSE_GAME,LOSE_GAME,LOSE_GAME,WIN_GAME]
[LLMActionPlayer] API call took 200 ms (model=OPENROUTER size=LARGE)
[LLMActionPlayer] API call took 163 ms (model=OPENROUTER size=LARGE)
[LLMActionPlayer] API call took 147 ms (model=OPENROUTER size=LARGE)
[LLMActionPlayer] API call took 325 ms (model=OPENROUTER size=LARGE)
[LOSE_GAME,WIN_GAME,LOSE_GAME,LOSE_GAME]
[LLMActionPlayer] API call took 492 ms (model=OPENROUTER size=LARGE)
[LLMActionPlayer] API call took 375 ms (model=OPENROUTER size=LARGE)
[LLMActionPlayer] API call took 173 ms (model=OPENROUTER size=LARGE)
[LLMActionPlayer] API call took 183 ms (model=OPENROUTER size=LARGE)
[LLMActionPlayer] API call took 212 ms (model=OPENROUTER size=LARGE)
[LLMActionPlayer] API call took 182 ms (model=OPENROUTER size=LARGE)
[LLMActionPlayer] API call took 159 ms (model=OPENROUTER size=LARGE)
[LLMActionPlayer] API call took 206 ms (model=OPENROUTER size=LARGE)
[LOSE_GAME,LOSE_GAME,WIN_GAME,LOSE_GAME]
[LLMActionPlayer] API call took 186 ms (model=OPENROUTER size=LARGE)
[LLMActionPlayer] API call took 206 ms (model=OPENROUTER size=LARGE)
[LLMActionPlayer] API call took 594 ms (model=OPENROUTER size=LARGE)
[LLMActionPlayer] API call took 193 ms (model=OPENROUTER size=LARGE)
[LLMActionPlayer] API call took 167 ms (model=OPENROUTER size=LARGE)
[LLMActionPlayer] API call took 167 ms (model=OPENROUTER size=LARGE)
[LLMActionPlayer] API call took 154 ms (model=OPENROUTER size=LARGE)
[LOSE_GAME,WIN_GAME,LOSE_GAME,LOSE_GAME]
[LLMActionPlayer] API call took 143 ms (model=OPENROUTER size=LARGE)
[LLMActionPlayer] API call took 183 ms (model=OPENROUTER size=LARGE)
[LLMActionPlayer] API call took 214 ms (model=OPENROUTER size=LARGE)
[LLMActionPlayer] API call took 194 ms (model=OPENROUTER size=LARGE)
[LLMActionPlayer] API call took 124 ms (model=OPENROUTER size=LARGE)
[LLMActionPlayer] API call took 221 ms (model=OPENROUTER size=LARGE)
[LLMActionPlayer] API call took 196 ms (model=OPENROUTER size=LARGE)
[LOSE_GAME,LOSE_GAME,WIN_GAME,LOSE_GAME]
[LLMActionPlayer] API call took 161 ms (model=OPENROUTER size=LARGE)
[LLMActionPlayer] API call took 258 ms (model=OPENROUTER size=LARGE)
[LLMActionPlayer] API call took 188 ms (model=OPENROUTER size=LARGE)
[LLMActionPlayer] API call took 173 ms (model=OPENROUTER size=LARGE)
[WIN_GAME,LOSE_GAME,LOSE_GAME,LOSE_GAME]
[LLMActionPlayer] API call took 175 ms (model=OPENROUTER size=LARGE)
[LLMActionPlayer] API call took 183 ms (model=OPENROUTER size=LARGE)
[LLMActionPlayer] API call took 408 ms (model=OPENROUTER size=LARGE)
[LLMActionPlayer] API call took 160 ms (model=OPENROUTER size=LARGE)
[LLMActionPlayer] API call took 144 ms (model=OPENROUTER size=LARGE)
[LLMActionPlayer] API call took 216 ms (model=OPENROUTER size=LARGE)
[WIN_GAME,LOSE_GAME,LOSE_GAME,LOSE_GAME]
[LLMActionPlayer] API call took 150 ms (model=OPENROUTER size=LARGE)
[LLMActionPlayer] API call took 336 ms (model=OPENROUTER size=LARGE)
[LLMActionPlayer] API call took 206 ms (model=OPENROUTER size=LARGE)
[LLMActionPlayer] API call took 175 ms (model=OPENROUTER size=LARGE)
[LLMActionPlayer] API call took 228 ms (model=OPENROUTER size=LARGE)
[LLMActionPlayer] API call took 165 ms (model=OPENROUTER size=LARGE)
[LOSE_GAME,WIN_GAME,LOSE_GAME,LOSE_GAME]
[Poker_4P_3,Poker_4P_2,PhaseBasedEnsemblePlayer,Poker_4P_1]
[LLMActionPlayer] API call took 228 ms (model=OPENROUTER size=LARGE)
[LLMActionPlayer] API call took 176 ms (model=OPENROUTER size=LARGE)
[LLMActionPlayer] API call took 174 ms (model=OPENROUTER size=LARGE)
[LLMActionPlayer] API call took 223 ms (model=OPENROUTER size=LARGE)
[LLMActionPlayer] API call took 228 ms (model=OPENROUTER size=LARGE)
[WIN_GAME,LOSE_GAME,LOSE_GAME,LOSE_GAME]
[LLMActionPlayer] API call took 161 ms (model=OPENROUTER size=LARGE)
[LLMActionPlayer] API call took 227 ms (model=OPENROUTER size=LARGE)
[LLMActionPlayer] API call took 148 ms (model=OPENROUTER size=LARGE)
[LLMActionPlayer] API call took 220 ms (model=OPENROUTER size=LARGE)
[LLMActionPlayer] API call took 203 ms (model=OPENROUTER size=LARGE)
[LLMActionPlayer] API call took 207 ms (model=OPENROUTER size=LARGE)
[LLMActionPlayer] API call took 188 ms (model=OPENROUTER size=LARGE)
[LLMActionPlayer] API call took 257 ms (model=OPENROUTER size=LARGE)
[LLMActionPlayer] API call took 167 ms (model=OPENROUTER size=LARGE)
[LLMActionPlayer] API call took 185 ms (model=OPENROUTER size=LARGE)
[LLMActionPlayer] API call took 157 ms (model=OPENROUTER size=LARGE)
[LLMActionPlayer] API call took 313 ms (model=OPENROUTER size=LARGE)
[LLMActionPlayer] API call took 236 ms (model=OPENROUTER size=LARGE)
[LOSE_GAME,WIN_GAME,LOSE_GAME,LOSE_GAME]
[LLMActionPlayer] API call took 217 ms (model=OPENROUTER size=LARGE)
[LLMActionPlayer] API call took 149 ms (model=OPENROUTER size=LARGE)
[LLMActionPlayer] API call took 224 ms (model=OPENROUTER size=LARGE)
[LLMActionPlayer] API call took 149 ms (model=OPENROUTER size=LARGE)
[LLMActionPlayer] API call took 177 ms (model=OPENROUTER size=LARGE)
[LLMActionPlayer] API call took 158 ms (model=OPENROUTER size=LARGE)
[LLMActionPlayer] API call took 209 ms (model=OPENROUTER size=LARGE)
[LLMActionPlayer] API call took 224 ms (model=OPENROUTER size=LARGE)
[LLMActionPlayer] API call took 166 ms (model=OPENROUTER size=LARGE)
[LLMActionPlayer] API call took 224 ms (model=OPENROUTER size=LARGE)
[LLMActionPlayer] API call took 189 ms (model=OPENROUTER size=LARGE)
[LLMActionPlayer] API call took 189 ms (model=OPENROUTER size=LARGE)
[LOSE_GAME,LOSE_GAME,LOSE_GAME,WIN_GAME]
[LLMActionPlayer] API call took 191 ms (model=OPENROUTER size=LARGE)
[LLMActionPlayer] API call took 379 ms (model=OPENROUTER size=LARGE)
[LOSE_GAME,WIN_GAME,LOSE_GAME,LOSE_GAME]
[LLMActionPlayer] API call took 226 ms (model=OPENROUTER size=LARGE)
[LLMActionPlayer] API call took 598 ms (model=OPENROUTER size=LARGE)
[LLMActionPlayer] API call took 185 ms (model=OPENROUTER size=LARGE)
[LLMActionPlayer] API call took 196 ms (model=OPENROUTER size=LARGE)
[LLMActionPlayer] API call took 222 ms (model=OPENROUTER size=LARGE)
[LLMActionPlayer] API call took 186 ms (model=OPENROUTER size=LARGE)
[LLMActionPlayer] API call took 343 ms (model=OPENROUTER size=LARGE)
[LLMActionPlayer] API call took 323 ms (model=OPENROUTER size=LARGE)
[LLMActionPlayer] API call took 164 ms (model=OPENROUTER size=LARGE)
[LLMActionPlayer] API call took 350 ms (model=OPENROUTER size=LARGE)
[LLMActionPlayer] API call took 217 ms (model=OPENROUTER size=LARGE)
[LLMActionPlayer] API call took 179 ms (model=OPENROUTER size=LARGE)
[LLMActionPlayer] API call took 194 ms (model=OPENROUTER size=LARGE)
[LLMActionPlayer] API call took 202 ms (model=OPENROUTER size=LARGE)
[LLMActionPlayer] API call took 220 ms (model=OPENROUTER size=LARGE)
[LLMActionPlayer] API call took 260 ms (model=OPENROUTER size=LARGE)
[LOSE_GAME,WIN_GAME,LOSE_GAME,LOSE_GAME]
[LLMActionPlayer] API call took 181 ms (model=OPENROUTER size=LARGE)
[LLMActionPlayer] API call took 153 ms (model=OPENROUTER size=LARGE)
[LLMActionPlayer] API call took 190 ms (model=OPENROUTER size=LARGE)
[LLMActionPlayer] API call took 270 ms (model=OPENROUTER size=LARGE)
[LLMActionPlayer] API call took 225 ms (model=OPENROUTER size=LARGE)
[LLMActionPlayer] API call took 206 ms (model=OPENROUTER size=LARGE)
[LLMActionPlayer] API call took 221 ms (model=OPENROUTER size=LARGE)
[LLMActionPlayer] API call took 160 ms (model=OPENROUTER size=LARGE)
[LLMActionPlayer] API call took 152 ms (model=OPENROUTER size=LARGE)
[LLMActionPlayer] API call took 195 ms (model=OPENROUTER size=LARGE)
[LLMActionPlayer] API call took 204 ms (model=OPENROUTER size=LARGE)
[WIN_GAME,LOSE_GAME,LOSE_GAME,LOSE_GAME]
[LLMActionPlayer] API call took 205 ms (model=OPENROUTER size=LARGE)
[LLMActionPlayer] API call took 157 ms (model=OPENROUTER size=LARGE)
[LLMActionPlayer] API call took 171 ms (model=OPENROUTER size=LARGE)
[LLMActionPlayer] API call took 148 ms (model=OPENROUTER size=LARGE)
[LLMActionPlayer] API call took 182 ms (model=OPENROUTER size=LARGE)
[LLMActionPlayer] API call took 228 ms (model=OPENROUTER size=LARGE)
[LLMActionPlayer] API call took 189 ms (model=OPENROUTER size=LARGE)
[LLMActionPlayer] API call took 189 ms (model=OPENROUTER size=LARGE)
[LLMActionPlayer] API call took 146 ms (model=OPENROUTER size=LARGE)
[LLMActionPlayer] API call took 144 ms (model=OPENROUTER size=LARGE)
[LLMActionPlayer] API call took 145 ms (model=OPENROUTER size=LARGE)
[LLMActionPlayer] API call took 196 ms (model=OPENROUTER size=LARGE)
[LLMActionPlayer] API call took 175 ms (model=OPENROUTER size=LARGE)
[LLMActionPlayer] API call took 164 ms (model=OPENROUTER size=LARGE)
[LLMActionPlayer] API call took 165 ms (model=OPENROUTER size=LARGE)
[LLMActionPlayer] API call took 174 ms (model=OPENROUTER size=LARGE)
[WIN_GAME,LOSE_GAME,LOSE_GAME,LOSE_GAME]
[LLMActionPlayer] API call took 245 ms (model=OPENROUTER size=LARGE)
[LLMActionPlayer] API call took 191 ms (model=OPENROUTER size=LARGE)
[LLMActionPlayer] API call took 188 ms (model=OPENROUTER size=LARGE)
[LOSE_GAME,WIN_GAME,LOSE_GAME,LOSE_GAME]
[Poker_4P_3,Poker_4P_2,Poker_4P_1,PhaseBasedEnsemblePlayer]
[LLMActionPlayer] API call took 185 ms (model=OPENROUTER size=LARGE)
[LLMActionPlayer] API call took 251 ms (model=OPENROUTER size=LARGE)
[LOSE_GAME,LOSE_GAME,LOSE_GAME,WIN_GAME]
[LLMActionPlayer] API call took 151 ms (model=OPENROUTER size=LARGE)
[LLMActionPlayer] API call took 165 ms (model=OPENROUTER size=LARGE)
[LLMActionPlayer] API call took 229 ms (model=OPENROUTER size=LARGE)
[LLMActionPlayer] API call took 221 ms (model=OPENROUTER size=LARGE)
[LOSE_GAME,LOSE_GAME,WIN_GAME,LOSE_GAME]
[LLMActionPlayer] API call took 174 ms (model=OPENROUTER size=LARGE)
[LLMActionPlayer] API call took 190 ms (model=OPENROUTER size=LARGE)
[LLMActionPlayer] API call took 600 ms (model=OPENROUTER size=LARGE)
[LLMActionPlayer] API call took 228 ms (model=OPENROUTER size=LARGE)
[LLMActionPlayer] API call took 184 ms (model=OPENROUTER size=LARGE)
[LLMActionPlayer] API call took 183 ms (model=OPENROUTER size=LARGE)
[LLMActionPlayer] API call took 194 ms (model=OPENROUTER size=LARGE)
[LLMActionPlayer] API call took 192 ms (model=OPENROUTER size=LARGE)
[LOSE_GAME,LOSE_GAME,WIN_GAME,LOSE_GAME]
[LLMActionPlayer] API call took 154 ms (model=OPENROUTER size=LARGE)
[LLMActionPlayer] API call took 181 ms (model=OPENROUTER size=LARGE)
[LLMActionPlayer] API call took 314 ms (model=OPENROUTER size=LARGE)
[LLMActionPlayer] API call took 180 ms (model=OPENROUTER size=LARGE)
[LLMActionPlayer] API call took 199 ms (model=OPENROUTER size=LARGE)
[LLMActionPlayer] API call took 243 ms (model=OPENROUTER size=LARGE)
[LLMActionPlayer] API call took 192 ms (model=OPENROUTER size=LARGE)
[LLMActionPlayer] API call took 185 ms (model=OPENROUTER size=LARGE)
[LLMActionPlayer] API call took 187 ms (model=OPENROUTER size=LARGE)
[LLMActionPlayer] API call took 160 ms (model=OPENROUTER size=LARGE)
[LLMActionPlayer] API call took 218 ms (model=OPENROUTER size=LARGE)
[LLMActionPlayer] API call took 209 ms (model=OPENROUTER size=LARGE)
[LLMActionPlayer] API call took 242 ms (model=OPENROUTER size=LARGE)
[LLMActionPlayer] API call took 183 ms (model=OPENROUTER size=LARGE)
[LLMActionPlayer] API call took 136 ms (model=OPENROUTER size=LARGE)
[LLMActionPlayer] API call took 263 ms (model=OPENROUTER size=LARGE)
[LLMActionPlayer] API call took 202 ms (model=OPENROUTER size=LARGE)
[LOSE_GAME,LOSE_GAME,WIN_GAME,LOSE_GAME]
[LLMActionPlayer] API call took 144 ms (model=OPENROUTER size=LARGE)
[LLMActionPlayer] API call took 177 ms (model=OPENROUTER size=LARGE)
[LLMActionPlayer] API call took 232 ms (model=OPENROUTER size=LARGE)
[LLMActionPlayer] API call took 204 ms (model=OPENROUTER size=LARGE)
[LLMActionPlayer] API call took 329 ms (model=OPENROUTER size=LARGE)
[LLMActionPlayer] API call took 162 ms (model=OPENROUTER size=LARGE)
[LLMActionPlayer] API call took 168 ms (model=OPENROUTER size=LARGE)
[LLMActionPlayer] API call took 197 ms (model=OPENROUTER size=LARGE)
[LLMActionPlayer] API call took 393 ms (model=OPENROUTER size=LARGE)
[LLMActionPlayer] API call took 198 ms (model=OPENROUTER size=LARGE)
[LOSE_GAME,WIN_GAME,LOSE_GAME,LOSE_GAME]
[LLMActionPlayer] API call took 164 ms (model=OPENROUTER size=LARGE)
[LLMActionPlayer] API call took 294 ms (model=OPENROUTER size=LARGE)
[LLMActionPlayer] API call took 181 ms (model=OPENROUTER size=LARGE)
[LLMActionPlayer] API call took 194 ms (model=OPENROUTER size=LARGE)
[LLMActionPlayer] API call took 203 ms (model=OPENROUTER size=LARGE)
[LLMActionPlayer] API call took 212 ms (model=OPENROUTER size=LARGE)
[LLMActionPlayer] API call took 195 ms (model=OPENROUTER size=LARGE)
[LLMActionPlayer] API call took 387 ms (model=OPENROUTER size=LARGE)
[LLMActionPlayer] API call took 169 ms (model=OPENROUTER size=LARGE)
[LLMActionPlayer] API call took 262 ms (model=OPENROUTER size=LARGE)
[LOSE_GAME,LOSE_GAME,WIN_GAME,LOSE_GAME]
[LLMActionPlayer] API call took 200 ms (model=OPENROUTER size=LARGE)
[LLMActionPlayer] API call took 193 ms (model=OPENROUTER size=LARGE)
[LLMActionPlayer] API call took 148 ms (model=OPENROUTER size=LARGE)
[LLMActionPlayer] API call took 546 ms (model=OPENROUTER size=LARGE)
[LLMActionPlayer] API call took 150 ms (model=OPENROUTER size=LARGE)
[LLMActionPlayer] API call took 189 ms (model=OPENROUTER size=LARGE)
[LLMActionPlayer] API call took 137 ms (model=OPENROUTER size=LARGE)
[WIN_GAME,LOSE_GAME,LOSE_GAME,LOSE_GAME]
[LLMActionPlayer] API call took 184 ms (model=OPENROUTER size=LARGE)
[LLMActionPlayer] API call took 379 ms (model=OPENROUTER size=LARGE)
[LLMActionPlayer] API call took 178 ms (model=OPENROUTER size=LARGE)
[LLMActionPlayer] API call took 228 ms (model=OPENROUTER size=LARGE)
[LOSE_GAME,WIN_GAME,LOSE_GAME,LOSE_GAME]
============= Poker - 192 games played ============= 
PhaseBasedEnsemblePlayer got 11.00 points. PhaseBasedEnsemblePlayer won 5.7% of the 192 games of the tournament. PhaseBasedEnsemblePlayer won 5.7% of the 192 games it played during the tournament.
PhaseBasedEnsemblePlayer got a mean score of 13.98.
PhaseBasedEnsemblePlayer won 5.7% of the 192 games against Poker_4P_1.
PhaseBasedEnsemblePlayer won 5.7% of the 192 games against Poker_4P_2.
PhaseBasedEnsemblePlayer won 5.7% of the 192 games against Poker_4P_3.

Poker_4P_1 got 65.00 points. Poker_4P_1 won 33.9% of the 192 games of the tournament. Poker_4P_1 won 33.9% of the 192 games it played during the tournament.
Poker_4P_1 got a mean score of 65.81.
Poker_4P_1 won 33.9% of the 192 games against PhaseBasedEnsemblePlayer.
Poker_4P_1 won 33.9% of the 192 games against Poker_4P_2.
Poker_4P_1 won 33.9% of the 192 games against Poker_4P_3.

Poker_4P_2 got 56.00 points. Poker_4P_2 won 29.2% of the 192 games of the tournament. Poker_4P_2 won 29.2% of the 192 games it played during the tournament.
Poker_4P_2 got a mean score of 59.38.
Poker_4P_2 won 29.2% of the 192 games against PhaseBasedEnsemblePlayer.
Poker_4P_2 won 29.2% of the 192 games against Poker_4P_1.
Poker_4P_2 won 29.2% of the 192 games against Poker_4P_3.

Poker_4P_3 got 60.00 points. Poker_4P_3 won 31.3% of the 192 games of the tournament. Poker_4P_3 won 31.3% of the 192 games it played during the tournament.
Poker_4P_3 got a mean score of 60.84.
Poker_4P_3 won 31.3% of the 192 games against PhaseBasedEnsemblePlayer.
Poker_4P_3 won 31.3% of the 192 games against Poker_4P_1.
Poker_4P_3 won 31.3% of the 192 games against Poker_4P_2.

---- Ranking ---- (+/- are standard errors on the mean calculated using a Normal approximation) 
Poker_4P_1: Win rate 0.34 +/- 0.034	Mean Ordinal 1.82 +/- 0.05
Poker_4P_3: Win rate 0.31 +/- 0.033	Mean Ordinal 1.83 +/- 0.05
Poker_4P_2: Win rate 0.29 +/- 0.033	Mean Ordinal 1.81 +/- 0.04
PhaseBasedEnsemblePlayer: Win rate 0.06 +/- 0.017	Mean Ordinal 2.16 +/- 0.04


---- Alpha Rank ----  
